"Transaction Hash","Blockno","UnixTimestamp","DateTime (UTC)","From","To","ContractAddress","Value_IN(ETH)","Value_OUT(ETH)","CurrentValue @ $3388.49857280438/Eth","TxnFee(ETH)","TxnFee(USD)","Historical $Price/Eth","Status","ErrCode","Method"
"0x8f8d6ab299f46dbd8d1ac9a7761ead5f2dc8166f71694659381d5d727435a060","14169250","1644374639","2022-02-09 02:43:59","0xde910777c787903f78c89e7a0bf7f4c435cbb1fe","","0x89fcb32f29e509cc42d0c8b6f058c993013a843f","0","0","0","0.116218058684691096","393.804725987171","3246.72","","","0x60806040"
"0x642272ede630c9b77fbee9c49d7d8e4e941d4290ea8f8a3e4b281daf03ba0c2b","14169862","1644382860","2022-02-09 05:01:00","0xde910777c787903f78c89e7a0bf7f4c435cbb1fe","0x89fcb32f29e509cc42d0c8b6f058c993013a843f","","0","0","0","0.549199014230006055","1860.96007590395","3246.72","","","Import Addresses"
"0xab13be44d0917880ad88c5ac30040467e5eb6f16911b29de218c89644f2c21fd","14169864","1644382923","2022-02-09 05:02:03","0xde910777c787903f78c89e7a0bf7f4c435cbb1fe","0x89fcb32f29e509cc42d0c8b6f058c993013a843f","","0","0","0","0.674368142695203783","2285.09548906744","3246.72","","","Import Addresses"
"0x7a7ac34435921eb30beb537a8f3f9408400d309613047d916348b31c50f73928","14169868","1644382956","2022-02-09 05:02:36","0xde910777c787903f78c89e7a0bf7f4c435cbb1fe","0x89fcb32f29e509cc42d0c8b6f058c993013a843f","","0","0","0","0.672998024583518838","2280.45284580142","3246.72","","","Import Addresses"
"0x48c0b68596e73336cbe6b2f2f8e7324b1cc5c4162ada5fb8a863134f3cee9970","14169870","1644382990","2022-02-09 05:03:10","0xde910777c787903f78c89e7a0bf7f4c435cbb1fe","0x89fcb32f29e509cc42d0c8b6f058c993013a843f","","0","0","0","0.742103369978507433","2514.61621004549","3246.72","","","Import Addresses"
"0xe6f5e1731bbd6c84002a36313e1a4b5113b5c0483f2ecb6020170de7033feddb","14169873","1644383011","2022-02-09 05:03:31","0xde910777c787903f78c89e7a0bf7f4c435cbb1fe","0x89fcb32f29e509cc42d0c8b6f058c993013a843f","","0","0","0","0.651088719541792956","2206.2131969364","3246.72","","","Import Addresses"
"0x92b8339556b06330f85ae0eea863cfd5da25d903cf460ceb953603d46aa86273","14169875","1644383031","2022-02-09 05:03:51","0xde910777c787903f78c89e7a0bf7f4c435cbb1fe","0x89fcb32f29e509cc42d0c8b6f058c993013a843f","","0","0","0","0.654702586376727564","2218.45877954888","3246.72","","","Import Addresses"
"0x62a73e0ec026173c6dba017c95a27b86b7bbe1ef713e688a6f2f7af584ae7689","14169878","1644383055","2022-02-09 05:04:15","0xde910777c787903f78c89e7a0bf7f4c435cbb1fe","0x89fcb32f29e509cc42d0c8b6f058c993013a843f","","0","0","0","0.642663152465153145","2177.66317492214","3246.72","","","Import Addresses"
"0xa9e25c378346751eedc1c9e59dbcf053b21a74ef1548fd17e45a9ae64c9ab62b","14169880","1644383057","2022-02-09 05:04:17","0xde910777c787903f78c89e7a0bf7f4c435cbb1fe","0x89fcb32f29e509cc42d0c8b6f058c993013a843f","","0","0","0","0.578514425964169986","1960.29530672634","3246.72","","","Import Addresses"
"0x5c54ed304e1619e538c4f56f6ba9d0c92b87a77c294594b0dde5c6fd4eec518a","14169882","1644383116","2022-02-09 05:05:16","0xde910777c787903f78c89e7a0bf7f4c435cbb1fe","0x89fcb32f29e509cc42d0c8b6f058c993013a843f","","0","0","0","0.725376222050761512","2457.93629316524","3246.72","","","Import Addresses"
"0x06400bb548f09358057e7672c53ab7041eff5c94ce0f19bee4b729cb43fd2ac3","14169884","1644383123","2022-02-09 05:05:23","0xde910777c787903f78c89e7a0bf7f4c435cbb1fe","0x89fcb32f29e509cc42d0c8b6f058c993013a843f","","0","0","0","0.676005912940063419","2290.64507120473","3246.72","","","Import Addresses"
"0xb52499c51d010072bf91350ce2f29376fcedd864aac44c29e19cab994854db95","14169885","1644383154","2022-02-09 05:05:54","0xde910777c787903f78c89e7a0bf7f4c435cbb1fe","0x89fcb32f29e509cc42d0c8b6f058c993013a843f","","0","0","0","0.757316741869722402","2566.16669898642","3246.72","","","Import Addresses"
"0xf5ef9dd9afe13b4cdc00daed2f5f294b21d463e9c5b42583baf2ce50c5ba22b7","14169887","1644383181","2022-02-09 05:06:21","0xde910777c787903f78c89e7a0bf7f4c435cbb1fe","0x89fcb32f29e509cc42d0c8b6f058c993013a843f","","0","0","0","0.787697928360435201","2669.1133060503","3246.72","","","Import Addresses"
"0x998f5395864e39ff56d9f570f22936d5da89198d2f08bbb7419d64c19289df80","14169890","1644383194","2022-02-09 05:06:34","0xde910777c787903f78c89e7a0bf7f4c435cbb1fe","0x89fcb32f29e509cc42d0c8b6f058c993013a843f","","0","0","0","0.650870195075083806","2205.47272709283","3246.72","","","Import Addresses"
"0xc865e0858eaeb8b22d62fd2a3df7a3118f61fef3de6b00212779d14cf18a2550","14169892","1644383213","2022-02-09 05:06:53","0xde910777c787903f78c89e7a0bf7f4c435cbb1fe","0x89fcb32f29e509cc42d0c8b6f058c993013a843f","","0","0","0","0.701650170257269893","2377.54060052471","3246.72","","","Import Addresses"
"0x64c6f6ba3fc90450f293b748623d26facb9ac236986dd139a12d4d458ba3518e","14169894","1644383235","2022-02-09 05:07:15","0xde910777c787903f78c89e7a0bf7f4c435cbb1fe","0x89fcb32f29e509cc42d0c8b6f058c993013a843f","","0","0","0","0.68023745799540288","2304.9836555855","3246.72","","","Import Addresses"
"0xad3752c335140bccb984033a0aeba85e4bbb32b2be8362f071e611267faaf8e0","14169895","1644383252","2022-02-09 05:07:32","0xde910777c787903f78c89e7a0bf7f4c435cbb1fe","0x89fcb32f29e509cc42d0c8b6f058c993013a843f","","0","0","0","0.740870847196215585","2510.43980835675","3246.72","","","Import Addresses"
"0xc8b81061c0aacd51388c231f9f9c8ffa84bb4a27ca340afb9b2055132c46a11b","14169896","1644383277","2022-02-09 05:07:57","0xde910777c787903f78c89e7a0bf7f4c435cbb1fe","0x89fcb32f29e509cc42d0c8b6f058c993013a843f","","0","0","0","0.814737552500281536","2760.73703385734","3246.72","","","Import Addresses"
"0xc70df7f4dc9adf2a862f1650304e582ecc7f33b6461d8b44694288e47feaf80c","14169897","1644383315","2022-02-09 05:08:35","0xde910777c787903f78c89e7a0bf7f4c435cbb1fe","0x89fcb32f29e509cc42d0c8b6f058c993013a843f","","0","0","0","0.913429370540484402","3095.15411843403","3246.72","","","Import Addresses"
"0x3e5a4a17bd2720f8a86427fbf56dc121e248c20da457db9ee539c259b8f4e9b1","14169898","1644383328","2022-02-09 05:08:48","0xde910777c787903f78c89e7a0bf7f4c435cbb1fe","0x89fcb32f29e509cc42d0c8b6f058c993013a843f","","0","0","0","0.992255293200107937","3362.25564486616","3246.72","","","Import Addresses"
"0x5d242fe3e84eb8c8dd60eeb0ea39d29cdb350e39e209334dbc63d5dceb33b20c","14169899","1644383349","2022-02-09 05:09:09","0xde910777c787903f78c89e7a0bf7f4c435cbb1fe","0x89fcb32f29e509cc42d0c8b6f058c993013a843f","","0","0","0","0.66717550613053822","2260.72325033337","3246.72","","","Import Addresses"
"0x76b13df8b6832d93db14fd5248d9ce4cdfa4d3c56350de98a18f6f1ff5f511d1","14169969","1644384309","2022-02-09 05:25:09","0xde910777c787903f78c89e7a0bf7f4c435cbb1fe","0x89fcb32f29e509cc42d0c8b6f058c993013a843f","","0","0","0","0.003674445030917317","12.4508517431115","3246.72","","","Nominate New Owner"
"0xfe8b32e78079f397d237b5d17f9584bddced0bf741b7b212c62a7b81c48194cf","18495531","1699062839","2023-11-04 01:53:59","0xb795861d48a5f45cd379ca01c327cd5db02eabc3","0x89fcb32f29e509cc42d0c8b6f058c993013a843f","","0","0","0","0.000309218","1.04778475168542","1857.23","Error(0)","execution reverted","Transfer"
"0x3694a986af68768b1982ead5a8ff6856b87c1b994edf26dae2733cf8881ad902","19264580","1708379699","2024-02-19 21:54:59","0x3e3bdf0848852338631189f2293cd5b29df20985","0x89fcb32f29e509cc42d0c8b6f058c993013a843f","","0","0","0","0.000879859488622983","2.98140262146737","2945.00","Error(0)","execution reverted","Approve"
"0xa69d399eb91d6da62143b373e44ad0357c91cc5fa278ad73e125d1b779359686","19264588","1708379795","2024-02-19 21:56:35","0x3e3bdf0848852338631189f2293cd5b29df20985","0x89fcb32f29e509cc42d0c8b6f058c993013a843f","","0","0","0","0.000913406352083377","3.09507612042498","2945.00","Error(0)","execution reverted","Approve"
