"Transaction Hash","Blockno","UnixTimestamp","DateTime (UTC)","From","To","ContractAddress","Value_IN(ETH)","Value_OUT(ETH)","CurrentValue @ $3387.90341540826/Eth","TxnFee(ETH)","TxnFee(USD)","Historical $Price/Eth","Status","ErrCode","Method"
"0x4cd2a3407963245bcdbd9d98ded509d8fd9d2622197892459fed7f0f76a10573","12290902","1619105945","2021-04-22 15:39:05","0xde910777c787903f78c89e7a0bf7f4c435cbb1fe","","0xdc338c7544654c7dadfeb7e44076e457963113b0","0","0","0","0.23676944","802.151994440301","2410.48","","","0x60806040"
"0xa0ff40b460de1a8a500ff08d0f0fbe9d066eb5d29b64565ede26db3e624f5983","12291013","1619107236","2021-04-22 16:00:36","0xde910777c787903f78c89e7a0bf7f4c435cbb1fe","0xdc338c7544654c7dadfeb7e44076e457963113b0","","0","0","0","0.00484272","16.4066676278659","2410.48","","","Set Rewards Duration"
"0x5509c62ada1d7dc0fe0e9c6d2398f85c3b532a69a73cdbf9636bbd6dbcc286c2","12291035","1619107545","2021-04-22 16:05:45","0xde910777c787903f78c89e7a0bf7f4c435cbb1fe","0xdc338c7544654c7dadfeb7e44076e457963113b0","","0","0","0","0.005179723","17.5484012425687","2410.48","","","Set Rewards Distribution"
"0xb5c3ee5a153ecc497843bcd30fd78cabab63617ae5df948ac38baf6a86866877","12291289","1619111410","2021-04-22 17:10:10","0xde910777c787903f78c89e7a0bf7f4c435cbb1fe","0xdc338c7544654c7dadfeb7e44076e457963113b0","","0","0","0","0.023064104","78.1389567149313","2410.48","","","Notify Reward Amount"
"0xd2e74c06ee32c2814e53185467a513e945ba85fe09cea583b48d6c98042943a8","12291330","1619111888","2021-04-22 17:18:08","0xde910777c787903f78c89e7a0bf7f4c435cbb1fe","0xdc338c7544654c7dadfeb7e44076e457963113b0","","0","0","0","0.0094232","31.9248914640751","2410.48","","","Nominate New Owner"
"0xbe99f8c7507ec7d42fccf0087df8de324b39281859adfe33278301f4a1e663b0","12292104","1619122407","2021-04-22 20:13:27","0xf3ae3bbdeb2fb7f9c32fbb1f4fbdaf1150a1c5ce","0xdc338c7544654c7dadfeb7e44076e457963113b0","","0","0","0","0.010972656","37.1742987384999","2410.48","","","Stake"
"0xd35e8d8c68bb289b21b31b703d91bde9632d05b49f56adb1ca10db39dd3a48f1","12296774","1619185591","2021-04-23 13:46:31","0xdd23abb2227b4a3add86051810e03791f41c34e4","0xdc338c7544654c7dadfeb7e44076e457963113b0","","0","0","0","0.013255688","44.9089906487863","2369.67","","","Stake"
"0x44f569c5ba6035a20205d9d0f71b667d2fd6c4c31aadbc358b21881048f3b6b4","12296803","1619185913","2021-04-23 13:51:53","0x0f45156f109e474295913d78036fa213b1745d5a","0xdc338c7544654c7dadfeb7e44076e457963113b0","","0","0","0","0.009374064","31.7584234418556","2369.67","","","Stake"
"0xf88019f079be1358aa1219ed62913f9e1a0ad8e1cffcc4c815f9f99ac092a3e9","12296819","1619186170","2021-04-23 13:56:10","0x8c42138c925d1049ec6b29f1ecf817b1628e54ba","0xdc338c7544654c7dadfeb7e44076e457963113b0","","0","0","0","0.011942056","40.4585323093967","2369.67","","","Stake"
"0x3a54a97c80ce50dd4e7895d28dfaf0708f0f1a37ff284c17e56aac0c049e7719","12296828","1619186277","2021-04-23 13:57:57","0x9d24f8b7cd09b518542db73e7b56807208675980","0xdc338c7544654c7dadfeb7e44076e457963113b0","","0","0","0","0.009262468","31.3803469723097","2369.67","","","Stake"
"0x463dddffc0c8aee7fd21585cb6455c12972439f81d0774e41a3df03ae8570fc2","12297017","1619188599","2021-04-23 14:36:39","0x1f3e2ab8fe0c6e1f47acdcaa0b3b9db4044f7909","0xdc338c7544654c7dadfeb7e44076e457963113b0","","0","0","0","0.009262468","31.3803469723097","2369.67","","","Stake"
"0x22dc00428632454fb7efc27189ecbf17d5be8db3cddb30cf24ff22cbc816acb6","12297074","1619189282","2021-04-23 14:48:02","0xaabd5fbcb8ad62d4fbbb02a2e9769a9f2ee7e883","0xdc338c7544654c7dadfeb7e44076e457963113b0","","0","0","0","0.010154144","34.4012591381473","2369.67","","","Stake"
"0xaacf7a2b7277afdb5f8a408b7bf368f1676dfce4a864bb396e97fc7fd3c8992b","12306114","1619309312","2021-04-25 00:08:32","0xf3ae3bbdeb2fb7f9c32fbb1f4fbdaf1150a1c5ce","0xdc338c7544654c7dadfeb7e44076e457963113b0","","0","0","0","0.006496212","22.0085388220161","2322.14","","","Get Reward"
"0x68a2890bf2946f5c3e99b5b073de0fe432bb03dcf8fb23738fa6a1fe8c0fc742","12307482","1619327771","2021-04-25 05:16:11","0x5bc124b3f28c301f497d3d44eb5c3225651143cb","0xdc338c7544654c7dadfeb7e44076e457963113b0","","0","0","0","0.005133416","17.3915175991114","2322.14","","","Stake"
"0xe5635375db39985af805f4e92260e508c856667559d62d2c5bda860ab9f51caf","12317186","1619456334","2021-04-26 16:58:54","0x7f960b97b12ef8b6828529e961f6646ad764d90b","0xdc338c7544654c7dadfeb7e44076e457963113b0","","0","0","0","0.006250048","21.1745589656656","2534.90","","","Stake"
"0x50e415235cf40aa7fbf4c139ac872ca231d86e7fe7d15e10b6dfd00955b0dddc","12317239","1619457255","2021-04-26 17:14:15","0x657e21723ae99c05c9c2a6032343c7865bcb1940","0xdc338c7544654c7dadfeb7e44076e457963113b0","","0","0","0","0.009263464","31.3837213241115","2534.90","","","Stake"
"0x13f30cfe0a6e5fb76ff425dc43ec17033be840d209796f72c54737cdad3cade7","12322649","1619529560","2021-04-27 13:19:20","0x977bcc40cd619cd57c22767d76d129e3049da6df","0xdc338c7544654c7dadfeb7e44076e457963113b0","","0","0","0","0.006026184","20.4161293554786","2667.93","","","Stake"
"0xf4cf28d168e7d951e1fc2cfb1944dc9255a4daa77e662f746d88cef78c31feec","12325329","1619564882","2021-04-27 23:08:02","0x0f45156f109e474295913d78036fa213b1745d5a","0xdc338c7544654c7dadfeb7e44076e457963113b0","","0","0","0","0.005213124","17.6615606045468","2667.93","","","Get Reward"
"0xb7f409e1d3f58d8d270d2bb664ceee17856dbba810979e439927e8d785eeb6b5","12328804","1619610891","2021-04-28 11:54:51","0x5d0ac389c669d6efe3ba96b9878d8156f180c539","0xdc338c7544654c7dadfeb7e44076e457963113b0","","0","0","0","0.005802992","19.6599764163868","2750.91","","","Stake"
"0x7dae284470b6efe01dcf3fd8a0d2edc9285174943ac9c889974539875063fe82","12330316","1619631354","2021-04-28 17:35:54","0xef9af12bf7c5a32d7461d011c4ce9124d73f52a0","0xdc338c7544654c7dadfeb7e44076e457963113b0","","0","0","0","0.014285824","48.3989919215213","2750.91","","","Stake"
"0x535377375b45079b996e925118b8e665eaf1bb6271c7363c764c9d8cbeb15fd7","12334923","1619693484","2021-04-29 10:51:24","0xdd23abb2227b4a3add86051810e03791f41c34e4","0xdc338c7544654c7dadfeb7e44076e457963113b0","","0","0","0","0.007571442","25.6513142113655","2758.46","","","Get Reward"
"0x76ada07787e1dfd9b9a731055d17d16716d77746a8d36904f4baa2d019aaaf5b","12334928","1619693568","2021-04-29 10:52:48","0xdd23abb2227b4a3add86051810e03791f41c34e4","0xdc338c7544654c7dadfeb7e44076e457963113b0","","0","0","0","0.006356627","21.5356383237764","2758.46","","","Withdraw"
"0x046359a4efc74e719eedf531551a694adbc8e58a160a169e678586a4cca767d0","12336521","1619714717","2021-04-29 16:45:17","0x8c42138c925d1049ec6b29f1ecf817b1628e54ba","0xdc338c7544654c7dadfeb7e44076e457963113b0","","0","0","0","0.014687088","49.7584355976017","2758.46","","","Get Reward"
"0x2143f798d96ff6cdaa69046271e2c9e135a2494c6b4119b9c0e010cdf53fa112","12336528","1619714800","2021-04-29 16:46:40","0x8c42138c925d1049ec6b29f1ecf817b1628e54ba","0xdc338c7544654c7dadfeb7e44076e457963113b0","","0","0","0","0.010993736","37.2457157424967","2758.46","Error(0)","Out of gas","Withdraw"
"0x2690b4e872d43d48488623e46b14a6380466e729dda579b4ff87cc8adbcf6e32","12336541","1619715052","2021-04-29 16:50:52","0x8c42138c925d1049ec6b29f1ecf817b1628e54ba","0xdc338c7544654c7dadfeb7e44076e457963113b0","","0","0","0","0.013027375","44.1354882563042","2758.46","","","Withdraw"
"0xc6fb068616d6ebd1cc86af873a1e20013ae50da12674571ad54518fffa90d8c6","12336578","1619715578","2021-04-29 16:59:38","0x7f960b97b12ef8b6828529e961f6646ad764d90b","0xdc338c7544654c7dadfeb7e44076e457963113b0","","0","0","0","0.013340032","45.1947399744555","2758.46","","","Withdraw"
"0x1cb2e0867d9925a44ec4d4598150c6cb474ef9de92a6f335b2ae1f934482a915","12338985","1619747478","2021-04-30 01:51:18","0x04581b79bf2fac9ed93b41b8023271ecb86b6857","0xdc338c7544654c7dadfeb7e44076e457963113b0","","0","0","0","0.005133416","17.3915175991114","2775.96","","","Stake"
"0x1cb6d5e931d2e202fc6c5d11bb79457459791187579eff37b29e1d537a61dd90","12343354","1619806237","2021-04-30 18:10:37","0x7f6c3d23fe55f63205331640eb14a8171698097c","0xdc338c7544654c7dadfeb7e44076e457963113b0","","0","0","0","0.007476932","25.3311234595753","2775.96","","","Stake"
"0xb7dfc58f1455d83352a51b27ba2acfa65647fcbd218faf029e76c66d6be9c1fa","12343545","1619808831","2021-04-30 18:53:51","0x9d50a80609aae214b8d6c34fbbd010a9d4769a76","0xdc338c7544654c7dadfeb7e44076e457963113b0","","0","0","0","0.0083697","28.3557352159425","2775.96","","","Stake"
"0x22252ae19e8195bcf0b3deb195c99ee8136c9b8d8bcab0d4b0e3a20a1db5acb5","12353875","1619946489","2021-05-02 09:08:09","0x5bc124b3f28c301f497d3d44eb5c3225651143cb","0xdc338c7544654c7dadfeb7e44076e457963113b0","","0","0","0","0.003475416","11.7743737363645","2954.22","","","Get Reward"
"0x4da5844eca32bfd6d8408a302c3b2f6298b2946b79ffbf9af4794a7aa5e8871f","12358079","1620002969","2021-05-03 00:49:29","0xf3ae3bbdeb2fb7f9c32fbb1f4fbdaf1150a1c5ce","0xdc338c7544654c7dadfeb7e44076e457963113b0","","0","0","0","0.00310305","10.5128336931826","3432.21","","","Get Reward"
"0x30d1bfdbd5cc2c32e01143122b8e4a0c2d2bb1acac30ca610964b2be4963a2bf","12364890","1620092986","2021-05-04 01:49:46","0x0f45156f109e474295913d78036fa213b1745d5a","0xdc338c7544654c7dadfeb7e44076e457963113b0","","0","0","0","0.005213124","17.6615606045468","3241.09","","","Get Reward"
"0x2224df763e79fa2e645ee9d4fde17a7c535f7ad04ac26c1b19f1e2adb447976e","12365866","1620105617","2021-05-04 05:20:17","0x7f6c3d23fe55f63205331640eb14a8171698097c","0xdc338c7544654c7dadfeb7e44076e457963113b0","","0","0","0","0.0050981142","17.2719185103213","3241.09","","","Get Reward"
"0x8e322bb241931a6c2e1efbb1c841f4c4a13f3e09af3aec024c15115d78b2e0f6","12366536","1620114644","2021-05-04 07:50:44","0x977bcc40cd619cd57c22767d76d129e3049da6df","0xdc338c7544654c7dadfeb7e44076e457963113b0","","0","0","0","0.004376694","14.8278165507968","3241.09","","","Withdraw"
"0x8f67966ebbdb77d7a3c8a4dd40baeadae6a02ba091067260a7a44ed21ade49ea","12366546","1620114782","2021-05-04 07:53:02","0x977bcc40cd619cd57c22767d76d129e3049da6df","0xdc338c7544654c7dadfeb7e44076e457963113b0","","0","0","0","0.004698834","15.9191957570365","3241.09","","","Get Reward"
"0xc7320cb316265411a1c04eca368dd398a898c77dc701e30ddfceea1329687de0","12369289","1620151530","2021-05-04 18:05:30","0x657e21723ae99c05c9c2a6032343c7865bcb1940","0xdc338c7544654c7dadfeb7e44076e457963113b0","","0","0","0","0.011156538","37.797273194332","3241.09","","","Get Reward"
"0x7ac57d335a58bdd4f91a6ae9fed85605448099565e66f1b216c7f8492674f366","12369606","1620156231","2021-05-04 19:23:51","0x657e21723ae99c05c9c2a6032343c7865bcb1940","0xdc338c7544654c7dadfeb7e44076e457963113b0","","0","0","0","0.007690887","26.055982334819","3241.09","","","Stake"
"0x45eee47fe05a8cac7d01e03a5ad7f2a9e9f7907b1279c381b709a2df76f5dbf1","12372390","1620193116","2021-05-05 05:38:36","0xddf9a07836caee5bb79c6cd97ca6fae94b8e6d56","0xdc338c7544654c7dadfeb7e44076e457963113b0","","0","0","0","0.003683064","12.4778651047672","3522.18","","","Stake"
"0x592ac045b6e097613dbfb2c96272020d400e90a2c374630a76bf4210e105169f","12373449","1620207243","2021-05-05 09:34:03","0xc292eafd5422a9c961cc2630cbddf04c93db33bd","0xdc338c7544654c7dadfeb7e44076e457963113b0","","0","0","0","0.003571072","12.0984470254688","3522.18","","","Stake"
"0x668e1aca40b364d5c81dac2b978fc0842846359b1b4d92f83af10984a1d52d6a","12374402","1620220443","2021-05-05 13:14:03","0x1f3e2ab8fe0c6e1f47acdcaa0b3b9db4044f7909","0xdc338c7544654c7dadfeb7e44076e457963113b0","","0","0","0","0.00496488","16.8205339090922","3522.18","","","Get Reward"
"0x824b3abab6173c22f23e11c3ed795bfaf0e2239a814c909ead46f15ea6229ff5","12382716","1620330429","2021-05-06 19:47:09","0x14403edb6dcc966dc34e94329db4eb99bcf62d81","0xdc338c7544654c7dadfeb7e44076e457963113b0","","0","0","0","0.01060162","35.9172646068605","3491.74","","","Stake"
"0x6a5b1b85d217c84d11d7233b03faa134afefeebf0b3778aa634f4f54b07a3a44","12383183","1620336504","2021-05-06 21:28:24","0x5d0ac389c669d6efe3ba96b9878d8156f180c539","0xdc338c7544654c7dadfeb7e44076e457963113b0","","0","0","0","0.006950832","23.548747472729","3491.74","","","Get Reward"
"0xc47c58d831cb4b8a38724812c9cd4f1885f422c2000933b7179447aa4cdc4837","12390086","1620429179","2021-05-07 23:12:59","0x7f960b97b12ef8b6828529e961f6646ad764d90b","0xdc338c7544654c7dadfeb7e44076e457963113b0","","0","0","0","0.004363203","14.7821103458196","3483.96","","","Get Reward"
"0xf72ad208f9d1c25baa294a4cb7ab040061c72d2ed44783f48feb30d4a76e3bfb","12418584","1620808968","2021-05-12 08:42:48","0x657e21723ae99c05c9c2a6032343c7865bcb1940","0xdc338c7544654c7dadfeb7e44076e457963113b0","","0","0","0","0.023279776","78.8696326203392","3811.29","","","Get Reward"
"0x09cb3efa669121949108831ec4ac46ab2ff75b1953df39bb319eaf0027ad5143","12419951","1620827467","2021-05-12 13:51:07","0x9d24f8b7cd09b518542db73e7b56807208675980","0xdc338c7544654c7dadfeb7e44076e457963113b0","","0","0","0","0.028761132","97.4399373338078","3811.29","","","Withdraw"
"0x64e6542c7314e05859112f316971e4d661e7f223d0007658c60b9e7d52b875db","12436941","1621054597","2021-05-15 04:56:37","0x0716266cc5d3c443e30b0c4e9c72afa33778e1de","0xdc338c7544654c7dadfeb7e44076e457963113b0","","0","0","0","0.01004364","34.026882259131","3644.04","","","Stake"
"0xe2a310226695291f13d132a965f19b0ef2f2d11d0e830ecf499880205bdc1012","12439136","1621083956","2021-05-15 13:05:56","0x9d24f8b7cd09b518542db73e7b56807208675980","0xdc338c7544654c7dadfeb7e44076e457963113b0","","0","0","0","0.009157367","31.0242749354469","3644.04","","","Get Reward"
"0x6b2e1cd1516e76ab9fd85937ad9e847bc97c9c61ef86bc182642acb284d5c797","12440701","1621104090","2021-05-15 18:41:30","0xf3ae3bbdeb2fb7f9c32fbb1f4fbdaf1150a1c5ce","0xdc338c7544654c7dadfeb7e44076e457963113b0","","0","0","0","0.007819686","26.4923409068202","3644.04","","","Get Reward"
"0x278b1d05a3cee4fa12dd3d59c32aa645565c8354d0e2e4405f7416e57e883eed","12442374","1621125953","2021-05-16 00:45:53","0x21e4920bfece1009fd55958b50da12c72c3a7140","0xdc338c7544654c7dadfeb7e44076e457963113b0","","0","0","0","0.005914588","20.0380528859327","3586.18","","","Stake"
"0x17fec6eec4d648203c4226b04ae9471336eac781cb9d33007eebbe7e20d2e981","12447681","1621197416","2021-05-16 20:36:56","0x5d0ac389c669d6efe3ba96b9878d8156f180c539","0xdc338c7544654c7dadfeb7e44076e457963113b0","","0","0","0","0.01923891","65.1795688977321","3586.18","","","Get Reward"
"0xe4c907345e15aa48332da22dd13ddac7f7d8ab4a9fc9a9e555655fdfcb0f97da","12452228","1621259006","2021-05-17 13:43:26","0x04581b79bf2fac9ed93b41b8023271ecb86b6857","0xdc338c7544654c7dadfeb7e44076e457963113b0","","0","0","0","0.008564418","29.015420993184","3280.73","","","Get Reward"
"0xfde9f6bbaa037fdd5b7e7cc66569368f7728ef1d264b9fbfbd7dd6b3af08fd2c","12458910","1621347857","2021-05-18 14:24:17","0xc292eafd5422a9c961cc2630cbddf04c93db33bd","0xdc338c7544654c7dadfeb7e44076e457963113b0","","0","0","0","0.017370306","58.8489190240866","3377.65","","","Get Reward"
"0xfa308fa067ce0a9e21330364bfd4caf95526a7524932ca05b4deb09ee508d7eb","12459375","1621354066","2021-05-18 16:07:46","0xef9af12bf7c5a32d7461d011c4ce9124d73f52a0","0xdc338c7544654c7dadfeb7e44076e457963113b0","","0","0","0","0.01179159","39.9487680340939","3377.65","","","Get Reward"
"0x037cfb3f8a93dc5eb0df99be952336ab4dfc22ed1428c1b0cd6aa2d8c3e8485d","12459955","1621361778","2021-05-18 18:16:18","0xe588ccbfdb206bde7b1288c7a46b8a33c9f8a363","0xdc338c7544654c7dadfeb7e44076e457963113b0","","0","0","0","0.01392424","47.1739802529643","3377.65","","","Stake"
"0xbb3b9dd90927c7280099f40d40b7e872157282a878a3177e0e1e0153cc9e8b60","12464062","1621417556","2021-05-19 09:45:56","0x0f45156f109e474295913d78036fa213b1745d5a","0xdc338c7544654c7dadfeb7e44076e457963113b0","","0","0","0","0.008192052","27.7538809500021","2442.89","","","Get Reward"
"0x84dff5f647fafe0fc26de3c4d051ed0cec7990fe64148cd6fd1f3206ac742263","12464610","1621424712","2021-05-19 11:45:12","0x0f45156f109e474295913d78036fa213b1745d5a","0xdc338c7544654c7dadfeb7e44076e457963113b0","","0","0","0","0.052207707","176.874668855934","2442.89","","","Withdraw"
"0x0f10fc3848bdcb8b77dc48a478bf7f4944c3cf0c6f9cb6f23a27b9f061833fb4","12465483","1621436044","2021-05-19 14:54:04","0x657e21723ae99c05c9c2a6032343c7865bcb1940","0xdc338c7544654c7dadfeb7e44076e457963113b0","","0","0","0","0.073976712","250.625955245473","2442.89","","","Get Reward"
"0xa3f9a124f35ab4514e807da3ed0a0caef6ecf96f6a7a238a08878bf6d319d574","12470029","1621497061","2021-05-20 07:51:01","0x21e4920bfece1009fd55958b50da12c72c3a7140","0xdc338c7544654c7dadfeb7e44076e457963113b0","","0","0","0","0.008649181","29.3025898503842","2772.84","","","Withdraw"
"0x8e003525b611984d182506037bc3e9c0eda99989f5a62f8299684941b6e731b6","12472934","1621536002","2021-05-20 18:40:02","0xef9af12bf7c5a32d7461d011c4ce9124d73f52a0","0xdc338c7544654c7dadfeb7e44076e457963113b0","","0","0","0","0.008754396","29.6590481082364","2772.84","","","Withdraw"
"0x42077cffd90c5edc30f116ed2469c9e3a431866935f6184f881a74dbe7b6ead5","12496872","1621857675","2021-05-24 12:01:15","0x1f3e2ab8fe0c6e1f47acdcaa0b3b9db4044f7909","0xdc338c7544654c7dadfeb7e44076e457963113b0","","0","0","0","0.006454344","21.8666940818198","2648.77","","","Get Reward"
"0x6f36084fe90c7ec9a5dac4fb9ff6e2e3d8a56d9b5426641558e25873f5967195","12496986","1621859310","2021-05-24 12:28:30","0xc292eafd5422a9c961cc2630cbddf04c93db33bd","0xdc338c7544654c7dadfeb7e44076e457963113b0","","0","0","0","0.00744732","25.2308008636382","2648.77","","","Get Reward"
"0xc1a6ae6a38695d5199569579a9b5f53c0c776d1568e07afecca6221b47926a37","12507912","1622004749","2021-05-26 04:52:29","0xddf9a07836caee5bb79c6cd97ca6fae94b8e6d56","0xdc338c7544654c7dadfeb7e44076e457963113b0","","0","0","0","0.00558549","18.9231006477287","2888.94","","","Get Reward"
"0x95c770db95a523042e574b29b3379995b8500933d87302729abbffaf7fc422e1","12509776","1622029820","2021-05-26 11:50:20","0x04581b79bf2fac9ed93b41b8023271ecb86b6857","0xdc338c7544654c7dadfeb7e44076e457963113b0","","0","0","0","0.003971904","13.4564271272737","2888.94","","","Get Reward"
"0x2d640c20beb3d8d9f96463db6ee1bca1b77477896288f46c6ff1456d7f020879","12509840","1622030691","2021-05-26 12:04:51","0x04581b79bf2fac9ed93b41b8023271ecb86b6857","0xdc338c7544654c7dadfeb7e44076e457963113b0","","0","0","0","0.003022003","10.238254285074","2888.94","","","Withdraw"
"0x533a2a079a23b577cb8f310d53ca27fe0c729549aa24dc6102dcec7f8fa7fc74","12510784","1622043406","2021-05-26 15:36:46","0xe588ccbfdb206bde7b1288c7a46b8a33c9f8a363","0xdc338c7544654c7dadfeb7e44076e457963113b0","","0","0","0","0.008543931","28.9460130159125","2888.94","","","Get Reward"
"0xa3baa70b7f1bf591a7a1ae3fc8921e82c4b40187a129b1d3bfa732de02a15407","12511818","1622057181","2021-05-26 19:26:21","0x657e21723ae99c05c9c2a6032343c7865bcb1940","0xdc338c7544654c7dadfeb7e44076e457963113b0","","0","0","0","0.007323198","24.8102875159109","2888.94","","","Get Reward"
"0x81fd4756112b843d3fd7b3f3cefcd3517fbc417aefd80a69ea1cc0a4a907e4d3","12511952","1622059173","2021-05-26 19:59:33","0xd53c9fedcc95187307908d659846a443cb1e7350","0xdc338c7544654c7dadfeb7e44076e457963113b0","","0","0","0","0.00613778","20.7942058250245","2888.94","","","Stake"
"0x16689c7200cbedb5e367a09205e9bf0a8ef198b90198aa3725c7150120329f42","12511986","1622059647","2021-05-26 20:07:27","0x657e21723ae99c05c9c2a6032343c7865bcb1940","0xdc338c7544654c7dadfeb7e44076e457963113b0","","0","0","0","0.006620004","22.4279341616163","2888.94","","","Stake"
"0x6d5313792d8ff6383b27f58cc31c26311929e0679f440ff1d0e3a8f4faa9d505","12512174","1622062153","2021-05-26 20:49:13","0x7f6c3d23fe55f63205331640eb14a8171698097c","0xdc338c7544654c7dadfeb7e44076e457963113b0","","0","0","0","0.004376694","14.8278165507968","2888.94","","","Withdraw"
"0x8bb2ca79e9ab286c986cf755d95fa1bdb2820d6ccde534987a6bdbe4396a829d","12512593","1622067769","2021-05-26 22:22:49","0x7f6c3d23fe55f63205331640eb14a8171698097c","0xdc338c7544654c7dadfeb7e44076e457963113b0","","0","0","0","0.003998287","13.5458101830824","2888.94","","","Get Reward"
"0xafaa073706dcac8b97fdc7b70182be49d51d53d0dabdca0755a27f23336679ad","12517675","1622136188","2021-05-27 17:23:08","0x5d0ac389c669d6efe3ba96b9878d8156f180c539","0xdc338c7544654c7dadfeb7e44076e457963113b0","","0","0","0","0.00469107","15.8928920749192","2742.48","","","Withdraw"
"0x1361a7bc882a52236720b35bda1dfcfa8c0a0d809021df051b21c59b699fced8","12517683","1622136355","2021-05-27 17:25:55","0x5d0ac389c669d6efe3ba96b9878d8156f180c539","0xdc338c7544654c7dadfeb7e44076e457963113b0","","0","0","0","0.004033614","13.6654946470386","2742.48","","","Get Reward"
"0x9c45bc957f337aa01cb38018f3ade1560f6980a80234611a89eb49044fa65a7c","12518255","1622144340","2021-05-27 19:39:00","0x657e21723ae99c05c9c2a6032343c7865bcb1940","0xdc338c7544654c7dadfeb7e44076e457963113b0","","0","0","0","0.00425084","14.401435354354","2742.48","","","Get Reward"
"0xb816497cb4e7ba1a9bae7df61b4b3a6d492734e3a42791e6288be7743418a07f","12518292","1622144760","2021-05-27 19:46:00","0x657e21723ae99c05c9c2a6032343c7865bcb1940","0xdc338c7544654c7dadfeb7e44076e457963113b0","","0","0","0","0.002882984","9.76727134016737","2742.48","","","Withdraw"
"0x025566b5aa338a08a05edc0903657d88234a9efc3b1a8e1cc27d27dd6f2632f0","12519000","1622154090","2021-05-27 22:21:30","0xe588ccbfdb206bde7b1288c7a46b8a33c9f8a363","0xdc338c7544654c7dadfeb7e44076e457963113b0","","0","0","0","0.00244332","8.27773217293531","2742.48","","","Withdraw"
"0x554a2916d26986e2bbff4f5fd107aba52e918eac3af0f3ef5e2caf7bd756a7ea","12519053","1622154731","2021-05-27 22:32:11","0xe588ccbfdb206bde7b1288c7a46b8a33c9f8a363","0xdc338c7544654c7dadfeb7e44076e457963113b0","","0","0","0","0.002892624","9.7999307290919","2742.48","","","Get Reward"
"0xb7d09bea3710c3c032b9c636b17af8e4da1982734016ad12042b800c2e03b5cf","12519441","1622159876","2021-05-27 23:57:56","0xf3ae3bbdeb2fb7f9c32fbb1f4fbdaf1150a1c5ce","0xdc338c7544654c7dadfeb7e44076e457963113b0","","0","0","0","0.003080246","10.4355759436976","2742.48","","","Get Reward"
"0xf08e08f1e30eb6244161169631cb1f23299acd387cb4ad88f9349dbc52d4d99d","12519533","1622161060","2021-05-28 00:17:40","0xf3ae3bbdeb2fb7f9c32fbb1f4fbdaf1150a1c5ce","0xdc338c7544654c7dadfeb7e44076e457963113b0","","0","0","0","0.002124304","7.19693677696543","2412.36","","","Withdraw"
"0x489d04068dd5f3e7f05a1f2ac7fab990a9ed2dc3de15f1f738381d2a2f5823a0","12519869","1622165223","2021-05-28 01:27:03","0x5bc124b3f28c301f497d3d44eb5c3225651143cb","0xdc338c7544654c7dadfeb7e44076e457963113b0","","0","0","0","0.002759568","9.34914985225134","2412.36","","","Withdraw"
"0xef99237529f901ab02d4a64117ee67231861e982f4574c932b3fe4edb17a41c9","12519869","1622165223","2021-05-28 01:27:03","0x5bc124b3f28c301f497d3d44eb5c3225651143cb","0xdc338c7544654c7dadfeb7e44076e457963113b0","","0","0","0","0.002895928","9.81112436197641","2412.36","","","Get Reward"
"0x55c8b3c0a61935cbe4c13d08c21dcc47bd265670658ec06270a9b5a14af9ee85","12522898","1622205948","2021-05-28 12:45:48","0x03c2bfd2509de9b13d0124015077e100a292336d","0xdc338c7544654c7dadfeb7e44076e457963113b0","","0","0","0","0.004351776","14.7433967734917","2412.36","","","Stake"
"0xaccb71ec88f4729f7534f6ddf9812d285863997738ea9d5cf819aa47a1de73a0","12523448","1622213367","2021-05-28 14:49:27","0x657e21723ae99c05c9c2a6032343c7865bcb1940","0xdc338c7544654c7dadfeb7e44076e457963113b0","","0","0","0","0.003402288","11.5266231354025","2412.36","","","Stake"
"0x7d0657745d8579101b31b001e9e530bc28b3004e8a05675da4c66f76cc37de20","12524496","1622227699","2021-05-28 18:48:19","0xe9947f9d6137be1efc8525384c49e964aeb4bcd9","0xdc338c7544654c7dadfeb7e44076e457963113b0","","0","0","0","0.00502236","17.0152705974098","2412.36","","","Stake"
"0x0412a38a9290b36fdf3dd85648aea58d9d501c81f6cde792b73960f89d086bc6","12525163","1622236734","2021-05-28 21:18:54","0xe588ccbfdb206bde7b1288c7a46b8a33c9f8a363","0xdc338c7544654c7dadfeb7e44076e457963113b0","","0","0","0","0.00437936","14.8368487013023","2412.36","","","Stake"
"0x6ee6de47e18b053d70742c65a04017bb42f0f0ab199a8d9f8f97382583ff1e0f","12527852","1622272586","2021-05-29 07:16:26","0x14403edb6dcc966dc34e94329db4eb99bcf62d81","0xdc338c7544654c7dadfeb7e44076e457963113b0","","0","0","0","0.003389328","11.4827159071388","2278.58","","","Get Reward"
"0x5afb55777508633395202368919bfa05b7055858a4bc52d6b0c66ba3dbe48a4d","12535334","1622372448","2021-05-30 11:00:48","0xaabd5fbcb8ad62d4fbbb02a2e9769a9f2ee7e883","0xdc338c7544654c7dadfeb7e44076e457963113b0","","0","0","0","0.002110074","7.14872691136417","2386.91","","","Get Reward"
"0x68920ce7adb880b8820f194e4a98747b578440e7bc0dfe6588f07bc294c7bf7f","12535906","1622379741","2021-05-30 13:02:21","0xef9af12bf7c5a32d7461d011c4ce9124d73f52a0","0xdc338c7544654c7dadfeb7e44076e457963113b0","","0","0","0","0.001701144","5.76331156770127","2386.91","","","Stake"
"0xd4a4d155299dfd1d3eefa5d218a945dd2e76530a1daec6783c439ed391f215ac","12541209","1622451437","2021-05-31 08:57:17","0xc292eafd5422a9c961cc2630cbddf04c93db33bd","0xdc338c7544654c7dadfeb7e44076e457963113b0","","0","0","0","0.002234196","7.56924025909147","2707.38","","","Get Reward"
"0x92e7fe8f005b90b438291f98dc73411435ce8b69a4ba97a7178b8ba9bc6c8764","12553418","1622615455","2021-06-02 06:30:55","0xe9947f9d6137be1efc8525384c49e964aeb4bcd9","0xdc338c7544654c7dadfeb7e44076e457963113b0","","0","0","0","0.00310305","10.5128336931826","2706.52","","","Get Reward"
"0x3698fc0203ffb95b21d5731aab2e341787b5869584f0c36e70572dc31570737e","12553501","1622616565","2021-06-02 06:49:25","0xddf9a07836caee5bb79c6cd97ca6fae94b8e6d56","0xdc338c7544654c7dadfeb7e44076e457963113b0","","0","0","0","0.00282444","9.56892992261571","2706.52","","","Get Reward"
"0x8bf44abce2fb975ee02425b33f615a6076ef27c6f9a69e84f95a8d95af21ab2d","12556648","1622658027","2021-06-02 18:20:27","0x657e21723ae99c05c9c2a6032343c7865bcb1940","0xdc338c7544654c7dadfeb7e44076e457963113b0","","0","0","0","0.005213124","17.6615606045468","2706.52","","","Get Reward"
"0x2a291f7a12a82341c8fa3291b5d8c96620fb30263f011cafa75e454353c2c687","12563015","1622743254","2021-06-03 18:00:54","0x1f3e2ab8fe0c6e1f47acdcaa0b3b9db4044f7909","0xdc338c7544654c7dadfeb7e44076e457963113b0","","0","0","0","0.002813589","9.53216778265511","2856.01","","","Withdraw"
"0xe66d89fcaf4815ad0f8a04961819b4fc8c1bcbaa2fdbf2f86463f20e057d1aa8","12563081","1622744082","2021-06-03 18:14:42","0x1f3e2ab8fe0c6e1f47acdcaa0b3b9db4044f7909","0xdc338c7544654c7dadfeb7e44076e457963113b0","","0","0","0","0.003580064","12.1289110529802","2856.01","","","Get Reward"
"0x734ced615b8b57f3aace1844eedb75207ad317c4024186e8f3b58868e6a0dc7f","12564110","1622758051","2021-06-03 22:07:31","0xe588ccbfdb206bde7b1288c7a46b8a33c9f8a363","0xdc338c7544654c7dadfeb7e44076e457963113b0","","0","0","0","0.003954216","13.396501891662","2856.01","","","Get Reward"
"0xee3ea5a99d8da0c9c3ac25f0c38b6a19e560e966376cb362c4fad28ce9a8693f","12569205","1622825547","2021-06-04 16:52:27","0x21e4920bfece1009fd55958b50da12c72c3a7140","0xdc338c7544654c7dadfeb7e44076e457963113b0","","0","0","0","0.002796925","9.47571176014075","2691.17","","","Get Reward"
"0x232fe4fb302b46619ee5600b263f1ce2049d5dda8c10a01c09175345a371add9","12584601","1623030620","2021-06-07 01:50:20","0x9d50a80609aae214b8d6c34fbbd010a9d4769a76","0xdc338c7544654c7dadfeb7e44076e457963113b0","","0","0","0","0.00186183","6.30770021590956","2593.12","","","Get Reward"
"0x0d497a85b52bdfe5b86cf89f4e1fc766010d229313844c8a7677380dcaa77c49","12584603","1623030655","2021-06-07 01:50:55","0x9d50a80609aae214b8d6c34fbbd010a9d4769a76","0xdc338c7544654c7dadfeb7e44076e457963113b0","","0","0","0","0.001479758","5.0132771821777","2593.12","Error(0)","Out of gas","Withdraw"
"0x79721e95b1aaff553a87686b2ef964aa90ce4aa5d74747cb7f62d001888e44db","12584610","1623030739","2021-06-07 01:52:19","0x9d50a80609aae214b8d6c34fbbd010a9d4769a76","0xdc338c7544654c7dadfeb7e44076e457963113b0","","0","0","0","0.001563105","5.29564876814173","2593.12","","","Withdraw"
"0x719ab9e3004d32bdd3af288b90805548cf0acbb9e14d93390f34341868567b14","12587554","1623071193","2021-06-07 13:06:33","0x10e651245129f3b7dd032791ed1a5c77d16c3967","0xdc338c7544654c7dadfeb7e44076e457963113b0","","0","0","0","0.002008728","6.8053764518262","2593.12","","","Stake"
"0xed056e84ca319bc335c3a2ef9b8739c8f0768b29244f1105b5c787ad817f0c3a","12588735","1623087229","2021-06-07 17:33:49","0xe9947f9d6137be1efc8525384c49e964aeb4bcd9","0xdc338c7544654c7dadfeb7e44076e457963113b0","","0","0","0","0.00496488","16.8205339090922","2593.12","","","Get Reward"
"0x911d918024dfd3662bb1cff55a9fd327cc4e47ff1563784cc85b65315e7bcc8b","12588908","1623089899","2021-06-07 18:18:19","0xe9947f9d6137be1efc8525384c49e964aeb4bcd9","0xdc338c7544654c7dadfeb7e44076e457963113b0","","0","0","0","0.00674046","22.8360274554228","2593.12","","","Stake"
"0xb7b03facd574cccce5b701eb504b64baf888d30429078e6a42843dec7d627277","12595555","1623177670","2021-06-08 18:41:10","0x657e21723ae99c05c9c2a6032343c7865bcb1940","0xdc338c7544654c7dadfeb7e44076e457963113b0","","0","0","0","0.00357549","12.1134147827581","2509.23","","","Withdraw"
"0xde7064ec41cf580971ed6bba346922472256a4a454ecd36cf839bf466bbd216d","12598354","1623215090","2021-06-09 05:04:50","0xd7acc19c8991194c9dd2328d19b22dfe9cefc075","0xdc338c7544654c7dadfeb7e44076e457963113b0","","0","0","0","0.001897132","6.4272999822803","2610.64","","","Stake"
"0x860651e41e5f27f17651744e4724be9aecfed461d8a76656388f770b06b73448","12598515","1623217083","2021-06-09 05:38:03","0x0716266cc5d3c443e30b0c4e9c72afa33778e1de","0xdc338c7544654c7dadfeb7e44076e457963113b0","","0","0","0","0.001489464","5.04616017272765","2610.64","","","Get Reward"
"0x50caa92276829d8fdb97681e6d001ac739d84e8cdd426ca81c41b9833d32e738","12602156","1623266468","2021-06-09 19:21:08","0x657e21723ae99c05c9c2a6032343c7865bcb1940","0xdc338c7544654c7dadfeb7e44076e457963113b0","","0","0","0","0.003469582","11.754608707839","2610.64","","","Get Reward"
"0xf65f4e77dda2d6966d6e859ede3b67eae31c0485f1919789d84b5f4d001332f4","12602186","1623266925","2021-06-09 19:28:45","0x657e21723ae99c05c9c2a6032343c7865bcb1940","0xdc338c7544654c7dadfeb7e44076e457963113b0","","0","0","0","0.00333746","11.3069921327885","2610.64","","","Withdraw"
"0x46fe7fc8296a3dc2bb624e94d9506f514e0c1fd59c7b92506dba4c5641aa5ef6","12604326","1623295437","2021-06-10 03:23:57","0xd7acc19c8991194c9dd2328d19b22dfe9cefc075","0xdc338c7544654c7dadfeb7e44076e457963113b0","","0","0","0","0.0014990514","5.07864135793253","2471.56","","","Stake"
"0xf92d3c53516007c892ed93cbac5012dac6686324f5267a39aa212215d1270a97","12608747","1623354248","2021-06-10 19:44:08","0x6287814bef5fe12141daa98009ddb0f1b2f1062b","0xdc338c7544654c7dadfeb7e44076e457963113b0","","0","0","0","0.002566708","8.6957587995557","2471.56","","","Stake"
"0x5305cfa1b5ee4e3d67893f245db328439bc014f0719dcbf7a7ca74eb8e15a0dc","12608924","1623356470","2021-06-10 20:21:10","0xe9947f9d6137be1efc8525384c49e964aeb4bcd9","0xdc338c7544654c7dadfeb7e44076e457963113b0","","0","0","0","0.002476266","8.38935003885935","2471.56","","","Stake"
"0x301d77945b7d43f5094e15bb4add5e36d38cba82b34585d51a795b409230dec3","12611249","1623387470","2021-06-11 04:57:50","0xddf9a07836caee5bb79c6cd97ca6fae94b8e6d56","0xdc338c7544654c7dadfeb7e44076e457963113b0","","0","0","0","0.001146838","3.88537637711998","2355.09","","","Withdraw"
"0xad3f30e959c7b386194a64596f455697840361ccf77c1c23115106f2dbeb6e98","12611267","1623387703","2021-06-11 05:01:43","0xddf9a07836caee5bb79c6cd97ca6fae94b8e6d56","0xdc338c7544654c7dadfeb7e44076e457963113b0","","0","0","0","0.001325786","4.49163491750046","2355.09","","","Get Reward"
"0xa48e4329208da0bd5f840755af1e7664f316bcf3d8296b0c299c2876b02e6479","12611653","1623392891","2021-06-11 06:28:11","0x0716266cc5d3c443e30b0c4e9c72afa33778e1de","0xdc338c7544654c7dadfeb7e44076e457963113b0","","0","0","0","0.001303181","4.41505136079515","2355.09","","","Get Reward"
"0xe64088dcb629ae3ebbbd2a316ad96aad60d008c5063273677269d002226ee9ff","12611660","1623392979","2021-06-11 06:29:39","0x0716266cc5d3c443e30b0c4e9c72afa33778e1de","0xdc338c7544654c7dadfeb7e44076e457963113b0","","0","0","0","0.000834416","2.8269208162713","2355.09","","","Withdraw"
"0x83b98c35cfaa64255e0863cf088835ba1088c52445f08b07c4186921c6f98efa","12611738","1623394186","2021-06-11 06:49:46","0xe9947f9d6137be1efc8525384c49e964aeb4bcd9","0xdc338c7544654c7dadfeb7e44076e457963113b0","","0","0","0","0.00212542","7.20071767717702","2355.09","","","Get Reward"
"0x394edb2bfc7317d40d2e650faec08762b602dbd39c6476185852ba57b0029fd0","12612031","1623397824","2021-06-11 07:50:24","0x6287814bef5fe12141daa98009ddb0f1b2f1062b","0xdc338c7544654c7dadfeb7e44076e457963113b0","","0","0","0","0.00147834","5.00847313513465","2355.09","","","Withdraw"
"0x3c0045b76c3d556e699f610e20d1776e0e331eaec94d06d6f69642077a1d2ce2","12612032","1623397835","2021-06-11 07:50:35","0xd53c9fedcc95187307908d659846a443cb1e7350","0xdc338c7544654c7dadfeb7e44076e457963113b0","","0","0","0","0.002033565","6.8895218089547","2355.09","","","Get Reward"
"0x761688557829de3208ce2f76469ebb2c8851d8ec03515a7d14e05ac4814a35fa","12612032","1623397835","2021-06-11 07:50:35","0xd53c9fedcc95187307908d659846a443cb1e7350","0xdc338c7544654c7dadfeb7e44076e457963113b0","","0","0","0","0.00113784","3.85489202218813","2355.09","","","Withdraw"
"0x63a906ff11f3dd2629bbab3aaeb8b7f4d17cfe2987f20fd63f2e5f2114ec7bcc","12612242","1623400933","2021-06-11 08:42:13","0xef9af12bf7c5a32d7461d011c4ce9124d73f52a0","0xdc338c7544654c7dadfeb7e44076e457963113b0","","0","0","0","0.001381523","4.68046649016507","2355.09","","","Get Reward"
"0x6e22fd88daedd8c3c891c514c1de42174e2e0a7c8bad440a48619942a20c581e","12615137","1623440095","2021-06-11 19:34:55","0xd7acc19c8991194c9dd2328d19b22dfe9cefc075","0xdc338c7544654c7dadfeb7e44076e457963113b0","","0","0","0","0.003084275","10.4492258065583","2355.09","","","Get Reward"
"0xb60a44e32ec8dde463e5811b54e6e4f71142762f1a9f33ea5e1be13d0be90747","12615139","1623440142","2021-06-11 19:35:42","0xd7acc19c8991194c9dd2328d19b22dfe9cefc075","0xdc338c7544654c7dadfeb7e44076e457963113b0","","0","0","0","0.001972256","6.68181283845943","2355.09","","","Withdraw"
"0x003d689af276e53beb5a342e5b653f33da14e1595c250039078579be4eb9c557","12615261","1623441701","2021-06-11 20:01:41","0x657e21723ae99c05c9c2a6032343c7865bcb1940","0xdc338c7544654c7dadfeb7e44076e457963113b0","","0","0","0","0.00212542","7.20071767717702","2355.09","","","Get Reward"
"0x6b5347be2958b76628d34b2d9410cab7a4103700d1f8fadd036888bc0eb13673","12616305","1623455387","2021-06-11 23:49:47","0xe588ccbfdb206bde7b1288c7a46b8a33c9f8a363","0xdc338c7544654c7dadfeb7e44076e457963113b0","","0","0","0","0.000977328","3.31109286917412","2355.09","","","Withdraw"
"0x1aa023f42bc3e94c71fe8e032deb9a18436b075d41209f2a9d3768cd02ef8bab","12617315","1623468367","2021-06-12 03:26:07","0x657e21723ae99c05c9c2a6032343c7865bcb1940","0xdc338c7544654c7dadfeb7e44076e457963113b0","","0","0","0","0.001744964","5.91176949536446","2369.62","","","Withdraw"
"0xdc9867f0be3cca046a17b8a2f3f4ed7a33b44b933b5072ec8144c0b9a3990c5d","12625245","1623575581","2021-06-13 09:13:01","0xc292eafd5422a9c961cc2630cbddf04c93db33bd","0xdc338c7544654c7dadfeb7e44076e457963113b0","","0","0","0","0.000710826","2.40820983316099","2509.70","","","Get Reward"
"0xda1daad44a8574c96bdae9a7c9a29800bd50f6bdf64b79019acb1fa0a69044d5","12631545","1623659905","2021-06-14 08:38:25","0xef9af12bf7c5a32d7461d011c4ce9124d73f52a0","0xdc338c7544654c7dadfeb7e44076e457963113b0","","0","0","0","0.000834548","2.82736801952213","2582.12","","","Withdraw"
"0x31d3472b046bbb91061f3f473b5abbc23f0c20e5d6cd58789793b79d57a29d5b","12632581","1623674030","2021-06-14 12:33:50","0x10e651245129f3b7dd032791ed1a5c77d16c3967","0xdc338c7544654c7dadfeb7e44076e457963113b0","","0","0","0","0.001897994","6.43022035502439","2582.12","","","Get Reward"
"0xda3179483f86ac67b2f4cd5f77bcfb79382634d1b475deed43ac2503f8a3ff13","12632592","1623674144","2021-06-14 12:35:44","0x10e651245129f3b7dd032791ed1a5c77d16c3967","0xdc338c7544654c7dadfeb7e44076e457963113b0","","0","0","0","0.000455136","1.54195680887525","2582.12","","","Withdraw"
"0xe002bd0f0088c63ad842128a105e48f6a4124e31b59a589b6b6aa70a3c743d70","12633336","1623684112","2021-06-14 15:21:52","0xe9947f9d6137be1efc8525384c49e964aeb4bcd9","0xdc338c7544654c7dadfeb7e44076e457963113b0","","0","0","0","0.00258146","8.74573715073981","2582.12","","","Withdraw"
"0x80fd3bc96f05a6d0f7bfb1d51815b2351a05cf519b92c40427ea5f3df4fec58b","12637679","1623741577","2021-06-15 07:19:37","0xc292eafd5422a9c961cc2630cbddf04c93db33bd","0xdc338c7544654c7dadfeb7e44076e457963113b0","","0","0","0","0.00113784","3.85489202218813","2543.60","","","Withdraw"
"0xe3006bee1a5caafdad8157a69fc20380d33bf2e4b539bbfde317508410a5027d","12642188","1623801524","2021-06-15 23:58:44","0xe588ccbfdb206bde7b1288c7a46b8a33c9f8a363","0xdc338c7544654c7dadfeb7e44076e457963113b0","","0","0","0","0.001687364","5.71662625863694","2543.60","","","Get Reward"
"0x1e5e80cca431fe521fc35d58de9dde2c2d575f187ed33f10b9b14b85f47c780d","12648817","1623891158","2021-06-17 00:52:38","0xaabd5fbcb8ad62d4fbbb02a2e9769a9f2ee7e883","0xdc338c7544654c7dadfeb7e44076e457963113b0","","0","0","0","0.001066239","3.61231474974149","2372.31","","","Get Reward"
"0xf4fc799b77474585be0303b16d97b18976b2a4832d5304cbb08fc2c5006b01f7","12648953","1623892735","2021-06-17 01:18:55","0xaabd5fbcb8ad62d4fbbb02a2e9769a9f2ee7e883","0xdc338c7544654c7dadfeb7e44076e457963113b0","","0","0","0","0.000606752","2.05561717310579","2372.31","","","Withdraw"
"0xc8b3fb1a613048623e7837ca4e82c8a8631f18a1d2bedfc12a326c5ce4917efd","12743562","1625166814","2021-07-01 19:13:34","0x14403edb6dcc966dc34e94329db4eb99bcf62d81","0xdc338c7544654c7dadfeb7e44076e457963113b0","","0","0","0","0.00461955","15.6505892226492","2109.29","","","Get Reward"
"0xefd369fd6b9e5634cf092b4a1293f847f5513a6fa987ebb53c528408bf11dc09","12743564","1625166860","2021-07-01 19:14:20","0x14403edb6dcc966dc34e94329db4eb99bcf62d81","0xdc338c7544654c7dadfeb7e44076e457963113b0","","0","0","0","0.00303424","10.2797120591684","2109.29","","","Withdraw"
