"Transaction Hash","Blockno","UnixTimestamp","DateTime (UTC)","From","To","ContractAddress","Value_IN(ETH)","Value_OUT(ETH)","CurrentValue @ $3398.32176314797/Eth","TxnFee(ETH)","TxnFee(USD)","Historical $Price/Eth","Status","ErrCode","Method"
"0x5dc6c4ba75fd98859bce4cbcae13e9cc43195bea1e731c751d67ab52871486f7","11995021","1615168993","2021-03-08 02:03:13","0xde910777c787903f78c89e7a0bf7f4c435cbb1fe","","0x023c66b7e13d30a3c46aa433fd2829763d5817c5","0","0","0","0.219331644","745.359499152223","1834.48","","","0x60806040"
"0x7a278f22500c23b60a61f500926aaa4c656df56e11ec07ab90b0402bb1909134","12041925","1615794888","2021-03-15 07:54:48","0xde910777c787903f78c89e7a0bf7f4c435cbb1fe","0x023c66b7e13d30a3c46aa433fd2829763d5817c5","","0","0","0","0.032476195","110.364560252737","1794.83","","","Mint With Token URI"
"0xf29c8306967234899addc6368db516c1408056b93751ffa07f3bebde79122400","12041927","1615794911","2021-03-15 07:55:11","0xde910777c787903f78c89e7a0bf7f4c435cbb1fe","0x023c66b7e13d30a3c46aa433fd2829763d5817c5","","0","0","0","0.029703415","100.941761634316","1794.83","","","Mint With Token URI"
"0x5638f25a16ec855dca063a6a63039137f253fd5e93eddf7798e9ccd6efc649e2","12041939","1615795061","2021-03-15 07:57:41","0xde910777c787903f78c89e7a0bf7f4c435cbb1fe","0x023c66b7e13d30a3c46aa433fd2829763d5817c5","","0","0","0","0.030666769","104.215548498132","1794.83","","","Mint With Token URI"
"0x2fbe62f004f49593e6d7e14480e5b0d8eb1fb519ed70659a5307795b76297511","12041942","1615795121","2021-03-15 07:58:41","0xde910777c787903f78c89e7a0bf7f4c435cbb1fe","0x023c66b7e13d30a3c46aa433fd2829763d5817c5","","0","0","0","0.030827328","104.761179642101","1794.83","","","Mint With Token URI"
"0xe1a34bb2052a519bffa4a48c228582fa049efdd5033cb2c4cf745242d825f863","12041955","1615795402","2021-03-15 08:03:22","0xde910777c787903f78c89e7a0bf7f4c435cbb1fe","0x023c66b7e13d30a3c46aa433fd2829763d5817c5","","0","0","0","0.033235713","112.94564680164","1794.83","","","Mint With Token URI"
"0x276cfebd63ba0733982a4e337b8929d464d09abc1a07f7c0e268a185e32b709f","12041961","1615795476","2021-03-15 08:04:36","0xde910777c787903f78c89e7a0bf7f4c435cbb1fe","0x023c66b7e13d30a3c46aa433fd2829763d5817c5","","0","0","0","0.029221738","99.304868202408","1794.83","","","Mint With Token URI"
"0x39d735cca6ae9dbeebed8a092125a532b0282cf2377fb0280914dde7feaac412","12041961","1615795476","2021-03-15 08:04:36","0xde910777c787903f78c89e7a0bf7f4c435cbb1fe","0x023c66b7e13d30a3c46aa433fd2829763d5817c5","","0","0","0","0.029221738","99.304868202408","1794.83","","","Mint With Token URI"
"0x77b110857999149d9b520a4d23b6bce2a90a6c3b66c319ea4518b43c1c4a62b2","12041961","1615795476","2021-03-15 08:04:36","0xde910777c787903f78c89e7a0bf7f4c435cbb1fe","0x023c66b7e13d30a3c46aa433fd2829763d5817c5","","0","0","0","0.029221738","99.304868202408","1794.83","","","Mint With Token URI"
"0xfd44a024bd25726bd263ad8ce20cfa7680ebc1537b83fbc532f8d00cf8922e77","12732851","1625022207","2021-06-30 03:03:27","0xde910777c787903f78c89e7a0bf7f4c435cbb1fe","0x023c66b7e13d30a3c46aa433fd2829763d5817c5","","0","0","0","0.000620998","2.11035101827136","2276.14","","","Transfer From"
"0xd6c5349e711851107cb9da1a8d37c935e46457662f4bb51ab664e1ccffdd975f","12732856","1625022345","2021-06-30 03:05:45","0xde910777c787903f78c89e7a0bf7f4c435cbb1fe","0x023c66b7e13d30a3c46aa433fd2829763d5817c5","","0","0","0","0.000620998","2.11035101827136","2276.14","","","Transfer From"
"0xcaebeeb95f3358f99dac94ab1c80147f7f50160f4c2744e8429d7ab95f3ba562","13327483","1633010486","2021-09-30 14:01:26","0xde910777c787903f78c89e7a0bf7f4c435cbb1fe","0x023c66b7e13d30a3c46aa433fd2829763d5817c5","","0","0","0","0.005828886961919015","19.8084334176188","3000.83","","","Transfer From"
"0xd4627ba5dec859b946c0a43459aa8b1ff067bb1d361f365bb643989196f80e47","13327483","1633010486","2021-09-30 14:01:26","0xde910777c787903f78c89e7a0bf7f4c435cbb1fe","0x023c66b7e13d30a3c46aa433fd2829763d5817c5","","0","0","0","0.005830169327737019","19.8127913092865","3000.83","","","Transfer From"
"0x80cc54210215e34e1222bbf59798fc0be9565034ff6231b003015fe267874f3c","13327484","1633010490","2021-09-30 14:01:30","0xde910777c787903f78c89e7a0bf7f4c435cbb1fe","0x023c66b7e13d30a3c46aa433fd2829763d5817c5","","0","0","0","0.006496991324093456","22.0788670116503","3000.83","","","Transfer From"
"0x8686f51d5d5b71b9ee6a6544cd25d3c89bf3a5c107bcfa76fbaa17cb56046dec","13327484","1633010490","2021-09-30 14:01:30","0xde910777c787903f78c89e7a0bf7f4c435cbb1fe","0x023c66b7e13d30a3c46aa433fd2829763d5817c5","","0","0","0","0.006496991324093456","22.0788670116503","3000.83","","","Transfer From"
"0x913ed22ab2356abbccc824c24ba9027814e299c66344693e61bc4720f3389ffc","13931092","1641193805","2022-01-03 07:10:05","0xde910777c787903f78c89e7a0bf7f4c435cbb1fe","0x023c66b7e13d30a3c46aa433fd2829763d5817c5","","0","0","0","0.004802298866446237","16.3197567509851","3765.16","","","Transfer From"
"0x086063accc749cee1b3363b71a391e32fb6d9df19b23744072cb1e14eebae421","13931095","1641193857","2022-01-03 07:10:57","0xde910777c787903f78c89e7a0bf7f4c435cbb1fe","0x023c66b7e13d30a3c46aa433fd2829763d5817c5","","0","0","0","0.004986480182914195","16.9456641271034","3765.16","","","Transfer From"
"0xd59669a5bbda2dcaea6ee12f5cb5ff69e09cee1a4035a9db99943e728eac42cf","14523389","1649127507","2022-04-05 02:58:27","0xde910777c787903f78c89e7a0bf7f4c435cbb1fe","0x023c66b7e13d30a3c46aa433fd2829763d5817c5","","0","0","0","0.003802276459176453","12.9213588407245","3406.48","","","Transfer From"
"0x774d1f7d33a23be2d1e19bfaf376043d84537501365b8a47b59ee3d7f49338a7","14523393","1649127621","2022-04-05 03:00:21","0xde910777c787903f78c89e7a0bf7f4c435cbb1fe","0x023c66b7e13d30a3c46aa433fd2829763d5817c5","","0","0","0","0.004149340772544805","14.1007950500562","3406.48","","","Transfer From"
"0xe05401db1130f468805ea10716814561106dda249944120baf1f8e434c44578f","14523395","1649127709","2022-04-05 03:01:49","0xde910777c787903f78c89e7a0bf7f4c435cbb1fe","0x023c66b7e13d30a3c46aa433fd2829763d5817c5","","0","0","0","0.005206040151915243","17.6917995480757","3406.48","","","Transfer From"
"0xbd890b88684246288ccfa63f4cd9fbec642a00c0ca596ed92ebde5e64535ae6d","14523395","1649127709","2022-04-05 03:01:49","0xde910777c787903f78c89e7a0bf7f4c435cbb1fe","0x023c66b7e13d30a3c46aa433fd2829763d5817c5","","0","0","0","0.005206040151915243","17.6917995480757","3406.48","","","Transfer From"
"0xdb8da614637bf9f032e3600bc110b68797738ba9c8a58590a0565ce461ed8640","14523395","1649127709","2022-04-05 03:01:49","0xde910777c787903f78c89e7a0bf7f4c435cbb1fe","0x023c66b7e13d30a3c46aa433fd2829763d5817c5","","0","0","0","0.005206040151915243","17.6917995480757","3406.48","","","Transfer From"
"0xb2e6e65672be6587933cd4baa0599d1cc65b143c43a513e3c77a33bf3e92e61a","14523405","1649127911","2022-04-05 03:05:11","0xde910777c787903f78c89e7a0bf7f4c435cbb1fe","0x023c66b7e13d30a3c46aa433fd2829763d5817c5","","0","0","0","0.004455678169234035","15.1418280920913","3406.48","","","Transfer From"
