"Transaction Hash","Blockno","UnixTimestamp","DateTime (UTC)","From","To","ContractAddress","Value_IN(ETH)","Value_OUT(ETH)","CurrentValue @ $3388.69910680958/Eth","TxnFee(ETH)","TxnFee(USD)","Historical $Price/Eth","Status","ErrCode","Method"
"0xaa0ef9782a15858182e79d1b6c8f81e509755737f87b86fd8365761d3103f62e","12103388","1616613039","2021-03-24 19:10:39","0xde910777c787903f78c89e7a0bf7f4c435cbb1fe","","0x269895a3df4d73b077fc823dd6da1b95f72aaf9b","0","0","0","0.1762558","597.277872030008","1583.24","","","0x60806040"
"0x5e88efdc5d27014e82f49bac58de8cf05cc353dafab990bf30df1cdf3dc46874","12103410","1616613396","2021-03-24 19:16:36","0xde910777c787903f78c89e7a0bf7f4c435cbb1fe","0x269895a3df4d73b077fc823dd6da1b95f72aaf9b","","0","0","0","0.0088896","30.1241795798944","1583.24","","","Set Target"
"0xac10563fb0351c7ad99587dc23718e67855aa3b27c7088a8db94375a49718192","12103596","1616615746","2021-03-24 19:55:46","0xde910777c787903f78c89e7a0bf7f4c435cbb1fe","0x269895a3df4d73b077fc823dd6da1b95f72aaf9b","","0","0","0","0.010010925","33.9240126058377","1583.24","","","Nominate New Owner"
"0x249243a008e9bae20284d9364686a96d8cbb8b3d8a8a0bf508f83c0e5ac7a12f","12668033","1624149022","2021-06-20 00:30:22","0x229fed4f4192ba3aba690e37088bb4a68881df3d","0x269895a3df4d73b077fc823dd6da1b95f72aaf9b","","0","0","0","0.000781533","2.64838017904221","2243.60","","","Approve"
"0x223e0e92e6d952a21e50a42ec1c66d39065a9cc281e1923839f2d250365a478e","12925140","1627622839","2021-07-30 05:27:19","0x2d407ddb06311396fe14d4b49da5f0471447d45c","0x269895a3df4d73b077fc823dd6da1b95f72aaf9b","","0","0","0","0.00209211","7.08953128834739","2470.76","","","Approve"
"0xcc60ef42cc98d70aedf0d096581e648d72858b7a2e4c9f3d4e72c8394bbb58f3","12945503","1627901278","2021-08-02 10:47:58","0xa3ff556ca28ec5f5cfd3916f8c9c73f5ba266dfd","0x269895a3df4d73b077fc823dd6da1b95f72aaf9b","","0","0","0","0.001738925","5.89269359430885","2608.44","","","Approve"
"0x58847d895ccb2cf72551ee061868567f3bc30dcf10eb544c6f96d60997a9d2af","12945576","1627902335","2021-08-02 11:05:35","0x37be92f21943dc91629d884f8c41c8203024633a","0x269895a3df4d73b077fc823dd6da1b95f72aaf9b","","0","0","0","0.00157616162","5.34113747388154","2608.44","","","Approve"
"0x5cbe817ef54d1aa24825a8e03b124796790024d6adf051230828cbd79ac644cd","12946771","1627918685","2021-08-02 15:38:05","0x383f42b5de515c564641f65f5da3bd8b4a35b4b4","0x269895a3df4d73b077fc823dd6da1b95f72aaf9b","","0","0","0","0.00361322","12.2441153867065","2608.44","","","Approve"
"0x7ec466b40c3cca9ce8100b828ed6b4eceeb9d391f65d215882855ebde8dc4e9e","12946834","1627919599","2021-08-02 15:53:19","0x383f42b5de515c564641f65f5da3bd8b4a35b4b4","0x269895a3df4d73b077fc823dd6da1b95f72aaf9b","","0","0","0","0.003267565","11.0727945969422","2608.44","","","Approve"
"0x80d320d75cbfb52ea595c62b921a4bcc5d3e0c7a8bae0f9689931d761bbb8f53","12947036","1627922328","2021-08-02 16:38:48","0x383f42b5de515c564641f65f5da3bd8b4a35b4b4","0x269895a3df4d73b077fc823dd6da1b95f72aaf9b","","0","0","0","0.008748295","29.6453394526067","2608.44","","","Approve"
"0x1b11d9a1336c40b27eb474fa730945674244092c4f66ef8b073734de4c615af0","12950835","1627973734","2021-08-03 06:55:34","0x50664ede715e131f584d3e7eaabd7818bb20a068","0x269895a3df4d73b077fc823dd6da1b95f72aaf9b","","0","0","0","0.003265231","11.064885373227","2508.21","","","Approve"
"0x1e530b51df006eaf8d95cf36d22140a141432b81f4a47452f1783781717eb1b9","12951018","1627976001","2021-08-03 07:33:21","0x50664ede715e131f584d3e7eaabd7818bb20a068","0x269895a3df4d73b077fc823dd6da1b95f72aaf9b","","0","0","0","0.003000285","10.1670630996742","2508.21","","","Approve"
"0x39483c1e9b64627abeb24f739ca9e8919b2cc6778ce54eb66b2f9694da68571b","12951181","1627978480","2021-08-03 08:14:40","0x50664ede715e131f584d3e7eaabd7818bb20a068","0x269895a3df4d73b077fc823dd6da1b95f72aaf9b","","0","0","0","0.002304412","7.80895888612128","2508.21","","","Approve"
"0x2cdf860885e023957f5cd4cfc951b6cc07aa53f0c868247d3325957cd4acd40a","12951478","1627982681","2021-08-03 09:24:41","0xef54218180ca112a70f7d579b49d4a867cb7fbe0","0x269895a3df4d73b077fc823dd6da1b95f72aaf9b","","0","0","0","0.002161847","7.32584899795897","2508.21","","","Approve"
"0x0af3e51801fc74284452272060ff24b0552c73d10c9640b6315fe048bfa18a1b","12951681","1627985213","2021-08-03 10:06:53","0xef54218180ca112a70f7d579b49d4a867cb7fbe0","0x269895a3df4d73b077fc823dd6da1b95f72aaf9b","","0","0","0","0.006121625","20.7443451697232","2508.21","","","Transfer"
"0x7ce143126db76058d1525a9c85762bcf051c59bb62ec79bfb6f683b6062ff358","12951734","1627985934","2021-08-03 10:18:54","0xe2dbb90763f76167ed4caabb2f503042e1378f8a","0x269895a3df4d73b077fc823dd6da1b95f72aaf9b","","0","0","0","0.0016109247","5.45893909202749","2508.21","","","Approve"
"0xb0be46f02bd6d6587c0f406d6632dca02cc243c52e7a818f3a21cc0f38f8ce54","12954847","1628027840","2021-08-03 21:57:20","0x383f42b5de515c564641f65f5da3bd8b4a35b4b4","0x269895a3df4d73b077fc823dd6da1b95f72aaf9b","","0","0","0","0.00319631","10.8313328420865","2508.21","","","Approve"
"0x4904b00999a4360a559429d305b3a6250eb3ee7102ca64400997c13b9f1ca369","12955370","1628034818","2021-08-03 23:53:38","0xd3ad9da43e3660bb1a19641757b955f96c999796","0x269895a3df4d73b077fc823dd6da1b95f72aaf9b","","0","0","0","0.00797472","27.0239265410565","2508.21","","","Transfer"
"0xd5dc6dd20921f6e5b27c147b267cbda5eb484752b77bb7094bd2797cb7ad0478","12955435","1628035694","2021-08-04 00:08:14","0xa5fff747a124600c386cc32e2a5942f7cdd4a940","0x269895a3df4d73b077fc823dd6da1b95f72aaf9b","","0","0","0","0.001952636","6.61689586912423","2725.72","","","Approve"
"0xcb4d4a3ee34c5dda6586fdd88ac1b9d2d8bdbe9530398fa4f316e54c81bf3990","12958503","1628078143","2021-08-04 11:55:43","0x6f5041f125302ec662ca2392ef5c6fc70ee722b9","0x269895a3df4d73b077fc823dd6da1b95f72aaf9b","","0","0","0","0.001534214","5.19898961145475","2725.72","","","Approve"
"0x08e9ebe899ff709528a00ad16179b4769063653e20a186945b5017e65a21b95d","12991150","1628514879","2021-08-09 13:14:39","0x3e13fd392d3feb075b58f309d84c20698a54c10b","0x269895a3df4d73b077fc823dd6da1b95f72aaf9b","","0","0","0","0.003207902","10.8706146421327","3164.94","","","Approve"
"0x83199daf168daa584be0b604dfb94f6f1585cf243928d89b893dac42569fb40d","12994132","1628554639","2021-08-10 00:17:19","0x50664ede715e131f584d3e7eaabd7818bb20a068","0x269895a3df4d73b077fc823dd6da1b95f72aaf9b","","0","0","0","0.004244157","14.3821710350596","3141.67","","","Approve"
"0xa5d9e2bace07a778b85189199736bf2377752c1638e12f576c5e2c00f2d84ca1","12995398","1628571625","2021-08-10 05:00:25","0xd98425ada2c00caed373a191c6deb492000d3934","0x269895a3df4d73b077fc823dd6da1b95f72aaf9b","","0","0","0","0.002440795","8.27111983640529","3141.67","","","Approve"
"0x1623708f5a54d88dc29aecc7d68af6f2f08e2b68563fa44cc71058662bd7980c","12996641","1628588628","2021-08-10 09:43:48","0xccf6c29d87eb2c0bafede74f5df35f84541f4549","0x269895a3df4d73b077fc823dd6da1b95f72aaf9b","","0","0","0","0.002998691","10.1616615132979","3141.67","","","Approve"
"0xab9e375c2ee35bd6fcf05d8b2ad714913a4efe20d36ef1951c3d22bb2fbb4889","13025117","1628968793","2021-08-14 19:19:53","0xf3537ac805e1ce18aa9f61a4b1dcd04f10a007e9","0x269895a3df4d73b077fc823dd6da1b95f72aaf9b","","0","0","0","0.002650006","8.98007296524003","3266.71","","","Approve"
"0xad5e889a97c7734bd270b9a5914a7255b9050f778ca0c4bef0c8e74e1522235b","13034132","1629089149","2021-08-16 04:45:49","0xf1f1a03d7ecce650d30951b5166c39e75d4d0d2e","0x269895a3df4d73b077fc823dd6da1b95f72aaf9b","","0","0","0","0.005369749","18.1964636400916","3147.63","","","Approve"
"0x9c4d3c76c4c60c079c33aabfc473ccbfff24dbccfd32c5175e35e5db019b48ab","13034151","1629089399","2021-08-16 04:49:59","0x31fe8439f34ed04514288a6f0f19f26c647cd6ad","0x269895a3df4d73b077fc823dd6da1b95f72aaf9b","","0","0","0","0.006625015","22.4501824131001","3147.63","","","Approve"
"0x1c4462138fa6cdb6827a938ace192c0656e32c7a6804bcfad89d63643a775ca9","13038287","1629143955","2021-08-16 19:59:15","0xf555ea7a85c2cf13db640148e2d4c8a8027e8ef4","0x269895a3df4d73b077fc823dd6da1b95f72aaf9b","","0","0","0","0.003277639","11.1069323517442","3147.63","","","Approve"
"0x20735af33eb4d65aa36b75d9cd1a28626307ce27d457d5bfe8185086bec5386a","13055880","1629378486","2021-08-19 13:08:06","0x2d9796333d7a9007faa67006437b4c16ef8276e6","0x269895a3df4d73b077fc823dd6da1b95f72aaf9b","","0","0","0","0.001673688","5.67162503067791","3184.74","","","Approve"
"0xa6ce5b2d0f132664b2a599304fa3aa972e9377c3e9bc3664cf4f09f0d1550d55","13061642","1629455861","2021-08-20 10:37:41","0x431e81e5dfb5a24541b5ff8762bdef3f32f96354","0x269895a3df4d73b077fc823dd6da1b95f72aaf9b","","0","0","0","0.001789050514400186","6.06255388018513","3286.50","","","Approve"
"0xcf1e227b406396cfe5f4b7808153664ff98b6d229e06cc625a9d3126be402cc1","13062250","1629464068","2021-08-20 12:54:28","0xbdfa4f4492dd7b7cf211209c4791af8d52bf5c50","0x269895a3df4d73b077fc823dd6da1b95f72aaf9b","","0","0","0","0.002928954","9.92534380368635","3286.50","","","Approve"
"0x1eac92fae6485cdaf6460dc9e283a88063681bf61ae229e1e246f2c25a35397d","13075066","1629634494","2021-08-22 12:14:54","0x1ae6912e08bb3e105a4f0a60f666376d3c7af380","0x269895a3df4d73b077fc823dd6da1b95f72aaf9b","","0","0","0","0.001722116129573347","5.83573339010757","3241.65","","","Approve"
"0xcfa3ec7dbe1cea76d158c4e6822cda67169847aa54f9bb57dde1fc0c21e49a64","13080489","1629707492","2021-08-23 08:31:32","0x80d50ad51fa01044ada9bea7e3cad20af839cb3c","0x269895a3df4d73b077fc823dd6da1b95f72aaf9b","","0","0","0","0.002681773014430416","9.08772181866639","3322.71","","","Approve"
"0x5ef121474007963320de12a76221055f202b1391c602fa835afb09df942151de","13086329","1629785380","2021-08-24 06:09:40","0x6b82a708382d61376254046b73de0cf58837ebe4","0x269895a3df4d73b077fc823dd6da1b95f72aaf9b","","0","0","0","0.004803140304404985","16.2763972594183","3172.57","","","Transfer"
"0xefb0ccbbf694c20784cc6d28664dda68b2ebd537d17ab90f7e9bf6d73ce122a4","13089105","1629822270","2021-08-24 16:24:30","0x7fbaf24be5fb8eaefa5add9af3f7052d3ff52e40","0x269895a3df4d73b077fc823dd6da1b95f72aaf9b","","0","0","0","0.014086874","47.7361773415391","3172.57","","","Approve"
"0x6e5d8cebde61b6ddcfbd1d86405e27aca85c6880db278471e80ac9dd14abb4fe","13124255","1630291817","2021-08-30 02:50:17","0xbbbf7713edba0016a4574ccbcad3d641f2411add","0x269895a3df4d73b077fc823dd6da1b95f72aaf9b","","0","0","0","0.010037725391873965","34.0148310698431","3228.46","","","Transfer"
"0xc25709c5526e364559319e950554fa59495f46c5433e0fcc05c6f42ff465bc2f","13157165","1630731094","2021-09-04 04:51:34","0x4ec5ac80991913b88035d6a0002e76c1418bf356","0x269895a3df4d73b077fc823dd6da1b95f72aaf9b","","0","0","0","0.006153169699983964","20.8512406663834","3887.01","","","Approve"
"0x4aad503a295570cca5ae06dcc9ffcc0dfa6bf9ae7ef44673f9a2e31b076a7ff6","13192121","1631198730","2021-09-09 14:45:30","0x902fd27eae8006cff8d1484385990e4d5d392728","0x269895a3df4d73b077fc823dd6da1b95f72aaf9b","","0","0","0","0.0117498710537573","39.8167775449951","3424.24","Error(0)","Out of gas","Transfer"
"0x13c66fe8adea5592552a4be5ba9711c126b307e0fda030a4a8fc5c9e7bd50944","13194104","1631224100","2021-09-09 21:48:20","0x902fd27eae8006cff8d1484385990e4d5d392728","0x269895a3df4d73b077fc823dd6da1b95f72aaf9b","","0","0","0","0.014537960248991136","49.2647729105894","3424.24","","","Transfer"
"0xb3d3a09f8b70fcad18ab2d72a8cd268e35e176265b9cd4106e4a120c7cc281f6","13218560","1631551998","2021-09-13 16:53:18","0xc16414ac1fedfdac4f8a09674d994e1bbb9d7113","0x269895a3df4d73b077fc823dd6da1b95f72aaf9b","","0","0","0","0.006218637136331523","21.0730901094595","3285.40","","","Approve"
"0x217bcaac35ffc87e5c073ff3473c239a2e086f64223b3652c95d2949e2272aff","13221358","1631589606","2021-09-14 03:20:06","0xb476a9ea9376b04972b40b40a4ca91d3e5f964a7","0x269895a3df4d73b077fc823dd6da1b95f72aaf9b","","0","0","0","0.003786905041994684","12.8326817333801","3436.05","","","Approve"
"0xa889c16873db21d46dcbfb94e1cd696a194e344733f6f0538d6aba4aefb9e9b7","13230427","1631710407","2021-09-15 12:53:27","0x86494a5eb108ca2068a5bd55f617d430bc6d5eba","0x269895a3df4d73b077fc823dd6da1b95f72aaf9b","","0","0","0","0.002816468131340591","9.54416304103151","3615.22","","","Approve"
"0x84fbd440ff1eaaeeaf7567925988ae6648594d0398ca1fc9cf28249551205528","13230659","1631713639","2021-09-15 13:47:19","0x0574215b0a39119c84ca17f1ec83418eeb5ada8e","0x269895a3df4d73b077fc823dd6da1b95f72aaf9b","","0","0","0","0.003975009","13.47010944786","3615.22","","","Approve"
"0x8af728d79d2bcf9642a98557b9e00c0908fa63f2cb136f17434af874629f2cd2","13230664","1631713706","2021-09-15 13:48:26","0xfa9dbab87da24fa3716c084cc8f9cc4f5e573849","0x269895a3df4d73b077fc823dd6da1b95f72aaf9b","","0","0","0","0.003888392533498216","13.1765923051904","3615.22","","","Approve"
"0xafeefad56f14feed6b9c57fcbbae724eb2a16cab10995b26be504fb329f93ef2","13230724","1631714385","2021-09-15 13:59:45","0x0574215b0a39119c84ca17f1ec83418eeb5ada8e","0x269895a3df4d73b077fc823dd6da1b95f72aaf9b","","0","0","0","0.003468561","11.7539095626145","3615.22","Error(0)","Reverted","Transfer"
"0x6979cbd58aa74faf06890238e60ebe68429717977c8b93a128025e6e4ec48b0e","13233923","1631757707","2021-09-16 02:01:47","0x439990126634f89d83acd63c36d4f7999d48b6d0","0x269895a3df4d73b077fc823dd6da1b95f72aaf9b","","0","0","0","0.006734438831706774","22.8209868538685","3569.26","","","Approve"
"0x036935541bff3fd8912d2e43abce690251353fe3dd3bf0c44503e76daf3e0e1c","13236806","1631795969","2021-09-16 12:39:29","0x6395cca02c1ac2a2452db07d7dccf760bff05510","0x269895a3df4d73b077fc823dd6da1b95f72aaf9b","","0","0","0","0.00368800727680467","12.4975469648152","3569.26","","","Approve"
"0xc29fab280df42dd4e2f3128a38ffd8c095d62e2f7a3b01337e58facf34aa63d5","13238034","1631811905","2021-09-16 17:05:05","0x86f032cd94d4a681bf4b8328b0d958fd2ea77a4d","0x269895a3df4d73b077fc823dd6da1b95f72aaf9b","","0","0","0","0.00520161173801009","17.626697050565","3569.26","","","Approve"
"0x2fb467e382dd73e0dd72f0586b290590d1f479d757e78961b31ade7b9d2c2240","13240627","1631846439","2021-09-17 02:40:39","0x530defd6c816809f54f6cfa6fe873646f6ecf930","0x269895a3df4d73b077fc823dd6da1b95f72aaf9b","","0","0","0","0.003935373641103189","13.3357971425683","3398.82","","","Approve"
"0x38406e8777da09fd0326be4ad50468a607466b9250d3ab0df92f44e08ddd8856","13245065","1631905828","2021-09-17 19:10:28","0x5275817b74021e97c980e95ede6bbac0d0d6f3a2","0x269895a3df4d73b077fc823dd6da1b95f72aaf9b","","0","0","0","0.004499318021004182","15.2468349590291","3398.82","","","Approve"
"0x7ee631a9d8bdcb4261696546d5c0d802c423a6b5d1809a07d994858face106b8","13245130","1631906778","2021-09-17 19:26:18","0x7c363e4650ca88e4676f1ce2ac6f2dd50c102198","0x269895a3df4d73b077fc823dd6da1b95f72aaf9b","","0","0","0","0.008159229","27.6491720245548","3398.82","","","Approve"
"0xbf673cc8cb1ad7a61504f8fbed9ef0876315a03a0b4bfd9a2d353cf28b0e29c4","13260016","1632105428","2021-09-20 02:37:08","0xda1657d0e137dec3116e8569fa09d8b27fcc2975","0x269895a3df4d73b077fc823dd6da1b95f72aaf9b","","0","0","0","0.005640041087767542","19.1124021964872","2966.51","","","Approve"
"0x7ec302f5199b9ef681893c75e669d733cb0c6fd38ba0d96d3608dc687e0bc5c8","13265378","1632177291","2021-09-20 22:34:51","0xd8e847f8569c326698113e88a2cb40524269b254","0x269895a3df4d73b077fc823dd6da1b95f72aaf9b","","0","0","0","0.005198040573396821","17.6145954482298","2966.51","","","Approve"
"0x6178cf2fa29f993f46cd4ae46ec1c94822c5d5479842465fd4244c8e43bec30c","13268593","1632220132","2021-09-21 10:28:52","0xa53a13a80d72a855481de5211e7654fabdfe3526","0x269895a3df4d73b077fc823dd6da1b95f72aaf9b","","0","0","0","0.002084773410619155","7.06466979446549","2760.20","","","Approve"
"0x682acfbaa899414c7f4d47e76e664da2ae21bc8dfdbfc230aab610b085c94e5f","13269192","1632228054","2021-09-21 12:40:54","0x87f4bf6a4728bf8086d47afa6f67224521dcd131","0x269895a3df4d73b077fc823dd6da1b95f72aaf9b","","0","0","0","0.003451058344676947","11.6945983301545","2760.20","","","Approve"
"0x90f38edf2d03100db22cc19a0fc212b1f3aece4f7a2696622ea84a935b4b71f7","13279023","1632359907","2021-09-23 01:18:27","0xbedf3cf16ba1fce6c3b751903cf77e51d51e05b8","0x269895a3df4d73b077fc823dd6da1b95f72aaf9b","","0","0","0","0.003710318116243348","12.5731516864932","3154.62","","","Approve"
"0xdac748cc4c3e7325650ee2ad576727d700b2f01feb04b0fbdb6142a13799b25c","13319511","1632902860","2021-09-29 08:07:40","0xd9c3415bf8600f007a1b4199df967c25a3e00eea","0x269895a3df4d73b077fc823dd6da1b95f72aaf9b","","0","0","0","0.00386260841250868","13.0892176774233","2850.87","","","Approve"
"0x4c9732d30cd8158fb19f849edb5c4ed9c4275807fd7d507d4a02604f118e91a3","13320229","1632912761","2021-09-29 10:52:41","0x62d51fa08b15411d9429133ae5f224abf3867729","0x269895a3df4d73b077fc823dd6da1b95f72aaf9b","","0","0","0","0.003445221696907978","11.6748196870731","2850.87","","","Approve"
"0xd44b25beab177065b2b9b44303669cc2f971fba8731e86e264f87120f5d9e4d1","13335236","1633114728","2021-10-01 18:58:48","0x2340ec9b454ef2b9f9f0f0e13cf66cf4ffc1eb3f","0x269895a3df4d73b077fc823dd6da1b95f72aaf9b","","0","0","0","0.00480208345161716","16.2728159033201","3310.63","","","Approve"
"0xfc9dad96cb514f26d3df01ab5642f044f8d14a9bc5f79405d116872b826ddff4","13373451","1633632103","2021-10-07 18:41:43","0x6f55ecc1cb708ccd77240b96a9a2554d939ae3b8","0x269895a3df4d73b077fc823dd6da1b95f72aaf9b","","0","0","0","0.007043437","23.8680886707695","3588.20","","","Approve"
"0x40c793e7f8a267872388256c6a1259a158387fb31858c68b17b0d3ab9819b90c","13398500","1633971363","2021-10-11 16:56:03","0xcbe203901e2f3ca910558efba39a48af89e3c558","0x269895a3df4d73b077fc823dd6da1b95f72aaf9b","","0","0","0","0.00974204051091343","33.0128439778351","3544.14","","","Approve"
"0x6847c417f5fcf9d90921e0d7873df0e4665f9b6bcbbe1b5f7db4613f34146528","13403585","1634041094","2021-10-12 12:18:14","0xc255e0a1be0a4b7b8bf5ebe8d0aba162cf75bae2","0x269895a3df4d73b077fc823dd6da1b95f72aaf9b","","0","0","0","0.003835535","12.9974740286369","3490.61","","","Approve"
"0x580296ee52a4c49d2f860ae04696e21ba251843754ae6b84e927cd24fcd802a8","13404214","1634049548","2021-10-12 14:39:08","0xf3ae3bbdeb2fb7f9c32fbb1f4fbdaf1150a1c5ce","0x269895a3df4d73b077fc823dd6da1b95f72aaf9b","","0","0","0","0.007531596","25.5223126380506","3490.61","","","Approve"
"0x325da648d5eed1f5b051ac1dcf2ba6d4a4a1e983edccb5be94f0fa126fae5159","13410933","1634141067","2021-10-13 16:04:27","0xe6d270680431b674cadd4e6c13bd56fdbfd6fbad","0x269895a3df4d73b077fc823dd6da1b95f72aaf9b","","0","0","0","0.007062631959873346","23.9331346141476","3607.55","","","Approve"
"0xebe654e5c1debd2500f2168a60af7604e8b89611534a609d82a8e1e3793e63a8","13439504","1634528743","2021-10-18 03:45:43","0xf3f5c252e8acd60671f92c7f72cf33661221ef42","0x269895a3df4d73b077fc823dd6da1b95f72aaf9b","","0","0","0","0.005060531605497256","17.1486189315302","3746.14","","","Approve"
"0xa46c7e7a94e0bb7212eb4d69dfe4edb520d357d65987447b2240b79c4e8c1326","13451559","1634691901","2021-10-20 01:05:01","0x806388e04b7583a0148451a8ecd29a748b8fd584","0x269895a3df4d73b077fc823dd6da1b95f72aaf9b","","0","0","0","0.006000168415268061","20.3327653495259","4162.49","","","Approve"
"0x2479fc2e3ae99b58124cf3d52f08f04be16a25a00cbf8e2717b9266e1fa77db7","13466833","1634897598","2021-10-22 10:13:18","0x1ac28d13abc818a75b8cf35bb25d31f7d31f26d3","0x269895a3df4d73b077fc823dd6da1b95f72aaf9b","","0","0","0","0.00437957717868556","14.8410692736154","3971.95","","","Approve"
"0xc5fed3f83f1cb0c3ce3cf989d875e247c5fe19a0b3cf8d9851c9db3271fa17a8","13483221","1635119654","2021-10-24 23:54:14","0x41bc7d0687e6cea57fa26da78379dfdc5627c56d","0x269895a3df4d73b077fc823dd6da1b95f72aaf9b","","0","0","0","0.00640278857523172","21.6971239259783","4082.08","Error(0)","Reverted","Transfer"
"0xc753f3a414e0029a1f46eea7d7da78058942f7e038cec80356e4149d1841d93e","13483269","1635120267","2021-10-25 00:04:27","0x41bc7d0687e6cea57fa26da78379dfdc5627c56d","0x269895a3df4d73b077fc823dd6da1b95f72aaf9b","","0","0","0","0.015373951483238946","52.0976956593856","4220.26","","","Transfer"
"0xc67a2ae1ccd7c6f88e89722615c22c8f50a34b946186be67bd897a6b667f3663","13483278","1635120375","2021-10-25 00:06:15","0xbddeb8b18ef1f4017951cbe9d8682af40b8cdcb0","0x269895a3df4d73b077fc823dd6da1b95f72aaf9b","","0","0","0","0.004811176795040026","16.3036305080551","4220.26","","","Approve"
"0x9cd248bf76969de4fbdacb7e6d7b34f849bb4c7c029a948806de6f943a24d08d","13496030","1635292118","2021-10-26 23:48:38","0xf22b2e7398971b1abeae8e7d51105b662f49b386","0x269895a3df4d73b077fc823dd6da1b95f72aaf9b","","0","0","0","0.008346612316489468","28.2841577017737","4129.95","","","Approve"
"0x5f0f76b19e3c6aaa86a777bc58917e023495d8be214055bad9f8b49590a741ae","13500012","1635345999","2021-10-27 14:46:39","0x67c0fc4b0490ab7e76c08c2bbd30fac0059bbc7a","0x269895a3df4d73b077fc823dd6da1b95f72aaf9b","","0","0","0","0.011149681852705528","37.7829169354742","3924.31","","","Approve"
"0xdcc030f827c54198ed1040d42bff228b4173235b15d3ea05a378f1fd64aa71a8","13527937","1635725812","2021-11-01 00:16:52","0xe9920c2bdd13dfead70e4b4721d34f710cbb8cdb","0x269895a3df4d73b077fc823dd6da1b95f72aaf9b","","0","0","0","0.011436868","38.7561043762991","4322.79","","","Approve"
"0x3745bcc3d98dcbd43c32fb09fdfd7603ef56820893845dbc9df0cb8df868886d","13537023","1635849306","2021-11-02 10:35:06","0x9dd7d26c9f58fc873a5ce8e4b08393279c8efaa0","0x269895a3df4d73b077fc823dd6da1b95f72aaf9b","","0","0","0","0.009015635343176208","30.5512754347421","4593.15","","","Approve"
"0x04d3fcfb6ee0d0ea6978aa4a862ccde978fb8b6d2ff91b08efca47c5817d5515","13569730","1636293086","2021-11-07 13:51:26","0x39de56518e136d472ef9645e7d6e1f7c6c8ed37b","0x269895a3df4d73b077fc823dd6da1b95f72aaf9b","","0","0","0","0.004920871750743559","16.6753537064692","4617.13","","","Approve"
"0xfecd88f4f54822aa4d55a42683d0f822b0459e51086a7b34bba405a985cd8d91","13627509","1637078269","2021-11-16 15:57:49","0xf9605d8c4c987d7cb32d0d11fbcb8eeeb1b22d5d","0x269895a3df4d73b077fc823dd6da1b95f72aaf9b","","0","0","0","0.007920353537778753","26.839694959087","4210.14","","","Approve"
"0xa995144450637d7ba6769336644241a2dd7cf742bc426801de2552344564a70a","13632904","1637152016","2021-11-17 12:26:56","0xae74d4af5310170f8b2c0227b0c8ca70c8e2c78f","0x269895a3df4d73b077fc823dd6da1b95f72aaf9b","","0","0","0","0.007840109112798937","26.5677707478314","4289.75","","","Approve"
"0xacb6d8e414ae23955f154c822111af1f9ccdb7f910e359275424be33634adc21","13634892","1637177789","2021-11-17 19:36:29","0x93c8ab69af974e55f601c188f23499b8e92f81a6","0x269895a3df4d73b077fc823dd6da1b95f72aaf9b","","0","0","0","0.006598194908576908","22.3592971932501","4289.75","","","Approve"
"0x0e75c640f8609d24f7a3a34d0487a9bb7a3d23886329660eb23a72fd2a5d94b7","13637189","1637209338","2021-11-18 04:22:18","0xda635e7db3c20ae8f44617edbb0aa50a8a9c555a","0x269895a3df4d73b077fc823dd6da1b95f72aaf9b","","0","0","0","0.007618859120143726","25.8180210953391","3998.17","","","Approve"
"0x46f2241826b7bc6ae00fb89778bf8ff456d9a279d66e63f51fa772cc239c388e","13660524","1637529719","2021-11-21 21:21:59","0x2af33e93f68b8497bb535c492f5867c7e83f2bc4","0x269895a3df4d73b077fc823dd6da1b95f72aaf9b","","0","0","0","0.00973407798421058","32.9858613707092","4264.61","","","Approve"
"0xd11f1a1646d3e75f4b80eff005ba730366df29352aae4f72f16fb310ce421b60","13660602","1637530842","2021-11-21 21:40:42","0x4c62815a127747feddcecbc2fb282901d962c5e8","0x269895a3df4d73b077fc823dd6da1b95f72aaf9b","","0","0","0","0.01366118706553601","46.2936524069405","4264.61","","","Approve"
"0x8bb280687f1c8686217b821dde17ee812e1b74d5ffe803cd9c8a11b2b2819a8f","13680751","1637805477","2021-11-25 01:57:57","0x895eee677eedfa433f63bfccea8b94a999e0bcbb","0x269895a3df4d73b077fc823dd6da1b95f72aaf9b","","0","0","0","0.010525606","35.6681116508296","4523.80","","","Approve"
"0x4dda082f2b28d6ef258c1305096dfea828c70fdfd30b80d9c8d150fd76e54c71","13695996","1638015063","2021-11-27 12:11:03","0x383f42b5de515c564641f65f5da3bd8b4a35b4b4","0x269895a3df4d73b077fc823dd6da1b95f72aaf9b","","0","0","0","0.005274437308439754","17.8734809960329","4100.30","","","Approve"
"0xae25411edb032b129ffc4d0efb77c2cfa046daba1d43c8c8eb616f307416739e","13732246","1638516307","2021-12-03 07:25:07","0x193c2b29205995dd392196a0ef10f9464f0dae18","0x269895a3df4d73b077fc823dd6da1b95f72aaf9b","","0","0","0","0.00715070421341549","24.2315849810606","4219.32","","","Approve"
"0xb11f3dc4ed87dd4cd81e818ef77ba2cee281e76d9aaccfcee759248b7fe5e433","13793555","1639354057","2021-12-13 00:07:37","0x548b363f28234fe88a72d628c5350e37640429bc","0x269895a3df4d73b077fc823dd6da1b95f72aaf9b","","0","0","0","0.004092110829794806","13.8669323138915","3785.08","","","Approve"
"0x013cff6b1bf9c6101d221993024b2c4f17dd4e80e9047ef2e600f1a48ec17c72","13804087","1639495279","2021-12-14 15:21:19","0x002183113f3fedc5b494080954e5e8faeb070fd3","0x269895a3df4d73b077fc823dd6da1b95f72aaf9b","","0","0","0","0.00414715239839696","14.053451628251","3862.18","","","Approve"
"0xc027490ea89c85112dc8997add09555a5ca58651cdc3879a20e83f1ebca3a441","13804123","1639495841","2021-12-14 15:30:41","0x002183113f3fedc5b494080954e5e8faeb070fd3","0x269895a3df4d73b077fc823dd6da1b95f72aaf9b","","0","0","0","0.003705859093575438","12.5580414003612","3862.18","","","Approve"
"0xe249e53b9471ae63b6ea7002b690f3ae310f879cccdb46ec4b8616d0597fe52d","13804465","1639500475","2021-12-14 16:47:55","0xdb91f52eefe537e5256b8043e5f7c7f44d81f5aa","0x269895a3df4d73b077fc823dd6da1b95f72aaf9b","","0","0","0","0.00836472","28.3455191927122","3862.18","","","Approve"
"0xf29771fa46b45f742b16164235e61083afa3132a2290b6f9eb559fc9f592a1c8","13829268","1639832551","2021-12-18 13:02:31","0xe690341e50dce63c764ce7e0a6e923349d77ae2f","0x269895a3df4d73b077fc823dd6da1b95f72aaf9b","","0","0","0","0.00346481413781594","11.7412125740781","3961.96","","","Approve"
"0x172cf0777a55fc7ce2caccfe3f8e94d08058531d77492263881cc1e0b6f64af7","13886878","1640602666","2021-12-27 10:57:46","0xf032f533a8814741345215a0710b0364953387a5","0x269895a3df4d73b077fc823dd6da1b95f72aaf9b","","0","0","0","0.003596810188342826","12.1885074726009","4037.87","","","Approve"
"0x80fe0908bee1a78a0133be48076ef8e8c77016d9671bb9df6fd6bb81f538cd43","13902036","1640804774","2021-12-29 19:06:14","0xd0000d82238adc78c8ce213a30f3ae32de7b000d","0x269895a3df4d73b077fc823dd6da1b95f72aaf9b","","0","0","0","0.007296786121040052","24.726612610949","3629.31","","","Approve"
"0x5c4419104a22f2a98d3493178d35f34d95e73e82df1a40208289c5c28af28fca","13937389","1641278027","2022-01-04 06:33:47","0xbf0f1a907967cabddf946693155c71d174bff7de","0x269895a3df4d73b077fc823dd6da1b95f72aaf9b","","0","0","0","0.005855304","19.8418634348986","3785.67","","","Approve"
"0xdf74534dd8bf78195f8d85091042e0f41e3e758b15c398cd119af0947ace93cd","13938880","1641297783","2022-01-04 12:03:03","0xc803698a4be31f0b9035b6eba17623698f3e2f82","0x269895a3df4d73b077fc823dd6da1b95f72aaf9b","","0","0","0","0.006758619884675022","22.9029291664637","3785.67","","","Approve"
"0xa891f3311c1d6402b3675cdbb2279913d537649ad935e9b18537f68d1208e365","13959711","1641577524","2022-01-07 17:45:24","0x68a9df153499ea9eae162be94790c6e7da9503d0","0x269895a3df4d73b077fc823dd6da1b95f72aaf9b","","0","0","0","0.009323355160448966","31.5940453046819","3196.47","","","Approve"
"0x51f733dea82430099d3ed20afbebe83ad418ebbe2704261e75a5eee411eed534","14018934","1642367558","2022-01-16 21:12:38","0xb787fd72a6fe47ce31bdb4ccfb65204849c2a957","0x269895a3df4d73b077fc823dd6da1b95f72aaf9b","","0","0","0","0.010677611280160916","36.1832118079412","3349.61","","","Approve"
"0x44b42ffb36900183c62f8cf6f1345a82f04fa54d0df6236fbb173d9e7f9725b9","14068560","1643030519","2022-01-24 13:21:59","0xcfcce06af0ee209dfa340247199057fe619c98c9","0x269895a3df4d73b077fc823dd6da1b95f72aaf9b","","0","0","0","0.008522573340452808","28.8804366665116","2442.27","","","Approve"
"0x3bf0533207929b15f2b28f937c36b611acd1c9ee31347ca6f0fcf5a6992ad819","14079246","1643173278","2022-01-26 05:01:18","0x40da1406eeb71083290e2e068926f5fc8d8e0264","0x269895a3df4d73b077fc823dd6da1b95f72aaf9b","","0","0","0","0.00818948013823849","27.7516840296836","2464.13","","","Approve"
"0x9f1ff1547d33d4f2c9e028cda6942244056ef3736197c220c87967740e94f037","14120157","1643719407","2022-02-01 12:43:27","0x3b11b48de7cf69b7c1f0465862a4f3dc725ed1ce","0x269895a3df4d73b077fc823dd6da1b95f72aaf9b","","0","0","0","0.004356012313606226","14.761215036369","2790.15","","","Approve"
"0xb1653c9dbc87b4674a31686dc116065050e8d2683cfefba3c572269627dea8dd","14121768","1643740627","2022-02-01 18:37:07","0xbedf3cf16ba1fce6c3b751903cf77e51d51e05b8","0x269895a3df4d73b077fc823dd6da1b95f72aaf9b","","0","0","0","0.031934191540392896","108.215366349615","2790.15","","","Transfer"
"0xe734e947b8ff34aa46236549010465bdb1030870078238df1b7951176a1c66e0","14152127","1644145498","2022-02-06 11:04:58","0xd0000d82238adc78c8ce213a30f3ae32de7b000d","0x269895a3df4d73b077fc823dd6da1b95f72aaf9b","","0","0","0","0.002131266621499864","7.22222129664966","3057.68","","","Approve"
"0x4ba737ebd6f9c8f4ba466c5d63f667b19f13a91d83211469fb04289244d62153","14156159","1644199396","2022-02-07 02:03:16","0xc9d8b8624e0646f1fbde5298cad649ac2cde1f7d","0x269895a3df4d73b077fc823dd6da1b95f72aaf9b","","0","0","0","0.008976581402421906","30.4189333805906","3141.38","","","Approve"
"0x71292e5d299b7ed9255c4d47d72cf835fb57b5b34225bad23686cf04792313ad","14159843","1644248959","2022-02-07 15:49:19","0x3c244dff28a6b53bca29e2e4639bf15f21b866b4","0x269895a3df4d73b077fc823dd6da1b95f72aaf9b","","0","0","0","0.008714158285491204","29.5296603986413","3141.38","","","Approve"
"0xdcb7d7922da8013f6943f987a2973a5939c9a01c8312de7f1328eb1aff2a9516","14162042","1644277922","2022-02-07 23:52:02","0x3523481702186c04740e50396d0e1c807ce36c57","0x269895a3df4d73b077fc823dd6da1b95f72aaf9b","","0","0","0","0.006460720578886938","21.8934380550204","3141.38","","","Approve"
"0xccf1aae8400594e6b5bcd40831afbf4c7f6dad7166dc815a60cc7db03fc3a082","14163389","1644295708","2022-02-08 04:48:28","0xd96bbd75508de21ff3e09a9e96d156bff4eac9b2","0x269895a3df4d73b077fc823dd6da1b95f72aaf9b","","0","0","0","0.004249851781172634","14.4014689349328","3118.76","","","Approve"
"0xdc05ff0311609cbdec70b41291fcc6c273c6b454a26cb6b0536e52aeb647f6b3","14171882","1644409317","2022-02-09 12:21:57","0x0c3cc503eae928ed6b5b01b8a9ee8de2855d03ac","0x269895a3df4d73b077fc823dd6da1b95f72aaf9b","","0","0","0","0.00360327207388512","12.2104048583664","3246.72","","","Approve"
"0xb84d1c2ffcdd5de608d21d833e307b4fd34672f0894267bd89511b34cae5485f","14176066","1644465336","2022-02-10 03:55:36","0x63651df2a18fda212498a0a5216c5384b76ff108","0x269895a3df4d73b077fc823dd6da1b95f72aaf9b","","0","0","0","0.005805674950267738","19.673685518399","3074.84","","","Approve"
"0xb8adc23b69448e9257eaa1ffac1158f08158454fa3e7d6d50410a67e6f3bb61f","14261668","1645610220","2022-02-23 09:57:00","0x7db0db8ae944833f71d0b61d53b30bfe445237a2","0x269895a3df4d73b077fc823dd6da1b95f72aaf9b","","0","0","0","0.002851537857783706","9.66300379170535","2580.97","","","Approve"
"0xe088c3fec0a6fff669f2302ec0deec00a9793c14e296df7988085ce53e9ca0ad","14287657","1645957556","2022-02-27 10:25:56","0x3a8ad48170e4c55abb0363c55c076c445087e8b0","0x269895a3df4d73b077fc823dd6da1b95f72aaf9b","","0","0","0","0.0019954487246785","6.76197531100235","2617.32","","","Approve"
"0x9e0f9e0368c3850af182ad55cd048e6ea82d1fea96434727c299ac6c3fdf62bf","14309855","1646254055","2022-03-02 20:47:35","0xac8f599d034d646966f8246bd7cd70a63acd4d66","0x269895a3df4d73b077fc823dd6da1b95f72aaf9b","","0","0","0","0.003252632849162606","11.0221940307368","2948.63","","","Approve"
"0x009a45381f0f5467de5cfb66ec283c10e4c914e0946039fb1825c556c56ab007","14390310","1647336054","2022-03-15 09:20:54","0x0ea4a285e1353f490ec7f473ab3174cac71cf79a","0x269895a3df4d73b077fc823dd6da1b95f72aaf9b","","0","0","0","0.00126480018141113","4.28602724504049","2619.61","","","Approve"
"0xd2c0f213c07a47ce929b62a45b78b0f50b2b77c96402a57ae48830703a82edda","14443387","1648049696","2022-03-23 15:34:56","0xebf6c10b74747f73abe5c22c6599b0e05fcd1c31","0x269895a3df4d73b077fc823dd6da1b95f72aaf9b","","0","0","0","0.002771458948074362","9.39164046189901","3032.98","","","Approve"
"0x8718a5cf27a7224209c7d7c1f3f5231e85154af9707369f93329122516781d35","14629358","1650558570","2022-04-21 16:29:30","0x66b870ddf78c975af5cd8edc6de25eca81791de1","0x269895a3df4d73b077fc823dd6da1b95f72aaf9b","","0","0","0","0.004756404025676394","16.1180220734351","2984.24","","","Approve"
"0x4e26d362d1fc54c10d386371551690921a30c2fff9b77d8185de1f5b6380934c","14653668","1650887894","2022-04-25 11:58:14","0xbee2777c5b5258a23ff51ac5d4713b2e24ae4d9f","0x269895a3df4d73b077fc823dd6da1b95f72aaf9b","","0","0","0","0.00198771120985619","6.73575520143506","3006.45","","","Approve"
"0xa21167d7ba98a0e8c0b620fc74258415c1a22c2155b8107e9cfd92311a307936","14669924","1651108962","2022-04-28 01:22:42","0x888f1304821bcfb356cd28a5e8b3bc1f579f96e9","0x269895a3df4d73b077fc823dd6da1b95f72aaf9b","","0","0","0","0.004097209767999712","13.8842110812321","2936.49","","","Approve"
"0x536781a15ebdde22e386cba08996c0395a43649fad73c070989b09115bee0cf5","14760982","1652357028","2022-05-12 12:03:48","0x38abab9766e0b27d2912718a884292b8e7eb2803","0x269895a3df4d73b077fc823dd6da1b95f72aaf9b","","0","0","0","0.01007646138929248","34.1460957096966","1952.81","","","Approve"
"0x5625ae3b13e218f9e76704a0674af17ffa206114d974f568e9eb16e696a04184","14761593","1652365553","2022-05-12 14:25:53","0x8c612b03b3358c1e535706695c635c360034b968","0x269895a3df4d73b077fc823dd6da1b95f72aaf9b","","0","0","0","0.014543881550425864","49.2848384194725","1952.81","","","Approve"
"0xa368fe12850861d09df1f810b47f3469cbb93f2f93d87081dcffffac6cdbb588","14765622","1652421310","2022-05-13 05:55:10","0x6b3d1a37b5c01901341f01f4975d31bc5e6c3d81","0x269895a3df4d73b077fc823dd6da1b95f72aaf9b","","0","0","0","0.00470490046749541","15.9434920118297","2006.51","","","Approve"
"0x801d063a554b9a0368f18ffabbc03fc7b9a2b0c041ac06c85d47ed0c17ce1612","14808620","1653015163","2022-05-20 02:52:43","0xba9c1a6b5c0c5df76b7162fa324d64571fb2d333","0x269895a3df4d73b077fc823dd6da1b95f72aaf9b","","0","0","0","0.002252154085391938","7.63187253756521","1956.88","","","Approve"
"0xa998a6b1fc4207de80490dbf0af680a639216d643325c7a9ec90a58ea6fd6da5","14808636","1653015404","2022-05-20 02:56:44","0xba9c1a6b5c0c5df76b7162fa324d64571fb2d333","0x269895a3df4d73b077fc823dd6da1b95f72aaf9b","","0","0","0","0.001245216089114402","4.21966264896689","1956.88","","","Approve"
"0x78c94a6a0a9da2be6f42849753d25645c9d5fff2d0dae660b70358b368f999d2","14875946","1653960633","2022-05-31 01:30:33","0xe77df8917d62c6ac822b79ac00a48e73f842e53c","0x269895a3df4d73b077fc823dd6da1b95f72aaf9b","","0","0","0","0.001863083500928832","6.3134293955092","1940.59","","","Approve"
"0xbfa9d3f3404d8c9bdbc8fef7353865616cfdabd26bd6d1a2d8dc054b8eb06ad3","14875965","1653960813","2022-05-31 01:33:33","0xe77df8917d62c6ac822b79ac00a48e73f842e53c","0x269895a3df4d73b077fc823dd6da1b95f72aaf9b","","0","0","0","0.001436339079767214","4.86732095668285","1940.59","","","Approve"
"0xd2da2923a3a1849b11dcfecc024cd91c2b0c885ae4818f18ecebedb28f4d2ddc","14888792","1654142076","2022-06-02 03:54:36","0x8eb080fe0045ffc44e2c1446c2a87cda010b8c23","0x269895a3df4d73b077fc823dd6da1b95f72aaf9b","","0","0","0","0.00313677","10.6295696972671","1833.26","","","Approve"
"0x54f998d110b4077c24dd08ffaa29edc0afc59955c1e629e2cc815b91ca45c496","14911377","1654466117","2022-06-05 21:55:17","0xdbafa316c236c090e7633cf7cf5ebdd2947b50a1","0x269895a3df4d73b077fc823dd6da1b95f72aaf9b","","0","0","0","0.003963569837528938","13.4313455682117","1804.70","","","Approve"
"0x31e1909ed8ce2c2865977c76fc29fe03eec0ac841b49608da23cf49a9d4f7cd2","14913701","1654500565","2022-06-06 07:29:25","0x35119741d2d3c40fcd456a93860f68c1754a4f56","0x269895a3df4d73b077fc823dd6da1b95f72aaf9b","","0","0","0","0.0039525572254714","13.3940271395687","1858.56","","","Approve"
"0x5a45bb18f389f9b20e189efa44a8b952e8f8dc2ab0e51744ff898afeff82acb3","14938742","1654868718","2022-06-10 13:45:18","0x3e62ebd7c59c60d104dff76585c92bb88664031f","0x269895a3df4d73b077fc823dd6da1b95f72aaf9b","","0","0","0","0.004569479204864938","15.4845901001108","1661.10","","","Approve"
"0x73ce31df691cb5c14ae58ac5e7ee997770f903adc5789b53ea41ee32f33fe201","14949709","1655030622","2022-06-12 10:43:42","0x8eb080fe0045ffc44e2c1446c2a87cda010b8c23","0x269895a3df4d73b077fc823dd6da1b95f72aaf9b","","0","0","0","0.001905346181601954","6.45664490375759","1434.02","","","Approve"
"0x3a1658932be3338dc2c665d4e8e2bf05ba7d86ba7c3ce249ea6030c229304cc6","14958969","1655167337","2022-06-14 00:42:17","0x01ebce016681d076667bdb823ebe1f76830da6fa","0x269895a3df4d73b077fc823dd6da1b95f72aaf9b","","0","0","0","0.002795971827579476","9.47470723478332","1206.94","","","Approve"
"0x3489c03f6835de32d712e537d5e1f6f8abe79cf6102ecfb024023c8441e2c641","15041569","1656449620","2022-06-28 20:53:40","0x7dbe26ade5455799de202ecce8af141a098945b9","0x269895a3df4d73b077fc823dd6da1b95f72aaf9b","","0","0","0","0.0044472428","15.0703677041253","1142.41","","","Approve"
"0x92529d2318baa4c1b18b6484e6ead573280f8017d7810618cb94cbb4464e19d4","15048090","1656555209","2022-06-30 02:13:29","0x38abab9766e0b27d2912718a884292b8e7eb2803","0x269895a3df4d73b077fc823dd6da1b95f72aaf9b","","0","0","0","0.002175439966764792","7.37191147229371","1069.53","","","Approve"
"0x045466bbf62b3610ae7e3c4da237e2a6ee9a95cde80b835cf1bc80fb394d516a","15092702","1657160192","2022-07-07 02:16:32","0x171c53d55b1bcb725f660677d9e8bad7fd084282","0x269895a3df4d73b077fc823dd6da1b95f72aaf9b","","0","0","0","0.00155852069900436","5.28135770066032","1236.64","","","Approve"
"0xa96b630312c062900ebc17ccf55b2969eeeda03b944117ac8630e38e385a5750","15092893","1657163006","2022-07-07 03:03:26","0x171c53d55b1bcb725f660677d9e8bad7fd084282","0x269895a3df4d73b077fc823dd6da1b95f72aaf9b","","0","0","0","0.001111206251568952","3.76554363217293","1236.64","","","Approve"
"0xf530e6fb644140e802b55fb76617a789aebba28db691dd5e2140f80ba4def21c","15143270","1657834606","2022-07-14 21:36:46","0x171c53d55b1bcb725f660677d9e8bad7fd084282","0x269895a3df4d73b077fc823dd6da1b95f72aaf9b","","0","0","0","0.002606164150004506","8.83150612731942","1192.56","","","Approve"
"0xcf769757da0796aefb2cbb60dfdd6f7050bb1f7ba0b7e9160e64ade4717080a1","15203868","1658646341","2022-07-24 07:05:41","0x48b245234cb89d0b6b5f68596db30871f1eca3e4","0x269895a3df4d73b077fc823dd6da1b95f72aaf9b","","0","0","0","0.000461912149385778","1.56528128804808","1597.72","","","Approve"
"0x7142f4d699f7ac6d4d4be6a5f45bbfd8e3cedd4f580ade2d0c655dee137f7dbe","15207782","1658698739","2022-07-24 21:38:59","0xb12e4da295eb47426f386a440c1ab89e4ac7657d","0x269895a3df4d73b077fc823dd6da1b95f72aaf9b","","0","0","0","0.000679474619323318","2.30253503560071","1597.72","","","Approve"
"0x567b83b158bfa0369cc3389c8f17ff441171208a905b024ec74a625284327f6a","15209726","1658725965","2022-07-25 05:12:45","0x99c2e4708493b19baa116e26dfa0056f5a69a783","0x269895a3df4d73b077fc823dd6da1b95f72aaf9b","","0","0","0","0.000443317405753768","1.50226929691093","1438.01","","","Approve"
"0x1a4af0324a9ec94e0dfbf79989dd09380c18558fc2f1537bd9c9e1db66f15f06","15227498","1658964468","2022-07-27 23:27:48","0xa1b7d3ece08fb65582021c21ec633685718a0fd5","0x269895a3df4d73b077fc823dd6da1b95f72aaf9b","","0","0","0","0.000828771833094842","2.80845837055743","1636.88","","","Approve"
"0xb0d282480a2ca486f2e26da50e988f6c9c577ec2f37472962e4a0903fbd1b85f","15257262","1659364712","2022-08-01 14:38:32","0xa101f0538f7faa9646c46a5ef565255ae74e8574","0x269895a3df4d73b077fc823dd6da1b95f72aaf9b","","0","0","0","0.001112857879575624","3.77114050252392","1630.62","","","Approve"
"0x97bac9f4a87048746560f57916e9d588588a94884a94cec19a8dde1914ea7985","15309790","1660072965","2022-08-09 19:22:45","0x38abab9766e0b27d2912718a884292b8e7eb2803","0x269895a3df4d73b077fc823dd6da1b95f72aaf9b","","0","0","0","0.002162837001791648","7.32920381614607","1703.41","","","Approve"
"0x4806dc0a818741784333218a6db853bf88e73f35c00017a74d1ff80fa1d19221","15314278","1660133731","2022-08-10 12:15:31","0x38abab9766e0b27d2912718a884292b8e7eb2803","0x269895a3df4d73b077fc823dd6da1b95f72aaf9b","","0","0","0","0.001166636442219754","3.95337986972159","1854.05","","","Approve"
"0x7155654e0f5b00043d31872fbd5d14f2508b7e8af40401ef59ec38323a8e6a52","15316199","1660159621","2022-08-10 19:27:01","0x888f1304821bcfb356cd28a5e8b3bc1f579f96e9","0x269895a3df4d73b077fc823dd6da1b95f72aaf9b","","0","0","0","0.001524479078580633","5.16600089193608","1854.05","","","Transfer"
"0xf4f7b53e03747fc9056ade784f5789167d5263cdbb9fc2fb423aded68152339a","15320412","1660216863","2022-08-11 11:21:03","0x3d37cfa2e89a04b3704bd64bc2c9ab9dcd448b9a","0x269895a3df4d73b077fc823dd6da1b95f72aaf9b","","0","0","0","0.00078910959574447","2.67405498227415","1881.06","","","Approve"
"0x20cdeabf48632e25640a8bfc57e29da2166ba759f634efde722e52be09009b14","15325624","1660288357","2022-08-12 07:12:37","0x8df04d551e3f7f5b03a67de79184bb919a97bbde","0x269895a3df4d73b077fc823dd6da1b95f72aaf9b","","0","0","0","0.00064350286360542","2.18063757912909","1959.26","","","Approve"
"0xa539fef4bf0f8a02217572d38b78cbf54ba0d3a54cfb7b8e7e0e5f9a9ea17961","15341743","1660507028","2022-08-14 19:57:08","0x24a30823bd87e785b0c4b3803a2bffd91eb6876f","0x269895a3df4d73b077fc823dd6da1b95f72aaf9b","","0","0","0","0.001000194607122256","3.38935857179095","1936.02","","","Approve"
"0xdf857b7370e7adb9e060716036cd7d1ececc1ca12191099d4267107156d4f4b7","15343179","1660527202","2022-08-15 01:33:22","0x305d1239e09103efed3f8a0e5e3770345ced81d6","0x269895a3df4d73b077fc823dd6da1b95f72aaf9b","","0","0","0","0.0006994843711947","2.37034206389474","1899.64","","","Approve"
"0xdb6ace62a052824f2b9edaf32028415ba4a5db5010445d7d570d5f246715ef6d","15346908","1660578741","2022-08-15 15:52:21","0xadfbebbacd0019a4524d429ea8d1e251601e5215","0x269895a3df4d73b077fc823dd6da1b95f72aaf9b","","0","0","0","0.001031837546839736","3.4965869733484","1899.64","","","Approve"
"0xafdefb757771a9dda6734163adc5bd29ee4459c66b0c3325f7a00933b1320e18","15440220","1661860317","2022-08-30 11:51:57","0xa387f2c32f92b2fb8807f5617e7cbe0e20ac4ff5","0x269895a3df4d73b077fc823dd6da1b95f72aaf9b","","0","0","0","0.00074841777198552","2.53616263544775","1524.62","","","Approve"
"0x8eb2ef9256646387076f44fce01d19f2ffc99a9083ab71a732eddef069f099d8","15457627","1662100683","2022-09-02 06:38:03","0xea25220caf98e0097fb8401d8a44e2d4f2cef093","0x269895a3df4d73b077fc823dd6da1b95f72aaf9b","","0","0","0","0.001289514504425056","4.36977664936319","1574.02","","","Approve"
"0x2103ae5035149dfe676e32f0a3e20bfe841ec6e62b4d08f70f209d689119a213","15517697","1662939971","2022-09-11 23:46:11","0x99c2e4708493b19baa116e26dfa0056f5a69a783","0x269895a3df4d73b077fc823dd6da1b95f72aaf9b","","0","0","0","0.00029993255459531","1.01638117986024","1767.02","","","Approve"
"0xf54bcde77cc6bed9031d8dfe928de342c6da5171dc8e4ae9fdf98cbca3898e3a","15904265","1667656715","2022-11-05 13:58:35","0x7c363e4650ca88e4676f1ce2ac6f2dd50c102198","0x269895a3df4d73b077fc823dd6da1b95f72aaf9b","","0","0","0","0.00057421507319533","1.94584210565361","1627.42","","","Approve"
"0xd537ab5534acd6e4562bc03d9e3beb429cdc94ab73e14426d05d13e9741ee9f7","15904519","1667659799","2022-11-05 14:49:59","0xccf6c29d87eb2c0bafede74f5df35f84541f4549","0x269895a3df4d73b077fc823dd6da1b95f72aaf9b","","0","0","0","0.000615804055943318","2.08677465434484","1627.42","","","Approve"
"0x2b5205f604d82bb63de0fac080a3b624fe0dbb02b67c187eab73623c4cedc8ec","15915188","1667788451","2022-11-07 02:34:11","0xa6c679d98683d9f65815dc8568d3c05236166942","0x269895a3df4d73b077fc823dd6da1b95f72aaf9b","","0","0","0","0.000814715479898138","2.76082561903476","1568.45","","","Approve"
"0x3e2c5e9a32cfbe67b342d248cdf1176c428ee90ccee5130421ec0b3850d3ca07","15923443","1667887967","2022-11-08 06:12:47","0x305d1239e09103efed3f8a0e5e3770345ced81d6","0x269895a3df4d73b077fc823dd6da1b95f72aaf9b","","0","0","0","0.001032260961507594","3.49802179825518","1334.22","","","Approve"
"0x610dda693e78e629e5872d54f1cb753d9646b14628cf89fa7712e2a84d57b54a","16290904","1672322795","2022-12-29 14:06:35","0x38abab9766e0b27d2912718a884292b8e7eb2803","0x269895a3df4d73b077fc823dd6da1b95f72aaf9b","","0","0","0","0.001285296482556632","4.35548304242515","1200.06","","","Approve"
"0xd56e80b51f51aa4d087396c6ce8f63cdeb5e7bc691ff51cf410da9baa7df8f4a","16458118","1674339551","2023-01-21 22:19:11","0xd20eb2390e675b000adb8511f62b28404115a1a4","0x269895a3df4d73b077fc823dd6da1b95f72aaf9b","","0","0","0","0.00104559","3.54318989908903","1626.68","","","Approve"
"0xc323f28433ca330498e9ee4e1c6a92eb3a4ed5e47b9f277ad07a6afbcaa9c666","16572040","1675714175","2023-02-06 20:09:35","0xe742180b119e01c305136d8e4be3b25ed8b3185b","0x269895a3df4d73b077fc823dd6da1b95f72aaf9b","","0","0","0","0.002824122792110984","9.57010238314707","1614.31","","","Approve"
"0xb7091330c5ed2ca2839671f43ecc4053fce03a98d7850e7c72dbe6930e26c2c1","17122137","1682411891","2023-04-25 08:38:11","0xf6ee1a630bc3ecd8c3fb11520d5952031d7b4c24","0x269895a3df4d73b077fc823dd6da1b95f72aaf9b","","0","0","0","0.002432368867231394","8.24256620781846","1866.48","","","Approve"
"0x93f9157f110be10763cc80ad294d2f0f329009b55de0aca9b1d23863138f7672","17431162","1686173387","2023-06-07 21:29:47","0xc0db30e4ced318ea47ed37710c7da81cc813ee91","0x269895a3df4d73b077fc823dd6da1b95f72aaf9b","","0","0","0","0.001477192970213194","5.00576249874684","1832.43","","","Approve"
"0x1e6d7ac74d8c17d23ba48ee0c9b06bdf4ce7804563222324fc1d5d3911a154fb","17462083","1686549875","2023-06-12 06:04:35","0xf6ee1a630bc3ecd8c3fb11520d5952031d7b4c24","0x269895a3df4d73b077fc823dd6da1b95f72aaf9b","","0","0","0","0.001034594298966592","3.50592877681837","1742.62","","","Approve"
"0xe823ac1451e498ccdc5409093a04bb7ee4cf8bca1aa1a22913edccb8214b86a3","17705145","1689501923","2023-07-16 10:05:23","0xe690341e50dce63c764ce7e0a6e923349d77ae2f","0x269895a3df4d73b077fc823dd6da1b95f72aaf9b","","0","0","0","0.000670635262062596","2.27258111354653","1923.33","","","Approve"
"0xd6f51d437efeecac7345c904f23f560e6b16b489d97e5a6758d24551de1464da","17936790","1692302567","2023-08-17 20:02:47","0xd216c6c3e66b42e20e80cd65713c0acec990c0c1","0x269895a3df4d73b077fc823dd6da1b95f72aaf9b","","0","0","0","0.002400131560484294","8.13332367523861","1681.86","","","Approve"
"0xd2d1696e4f1d42d881c5df9d1ae25ffcddaab4b5f747a9d5af1e437758288afc","18197265","1695456947","2023-09-23 08:15:47","0x35119741d2d3c40fcd456a93860f68c1754a4f56","0x269895a3df4d73b077fc823dd6da1b95f72aaf9b","","0","0","0","0.000558420999946992","1.89232074374408","1593.91","","","Approve"
"0x866ce5183867d57bc91a45d4bc237ed42de899f69a1f1cfc6726ea690d9e408f","18916755","1704162767","2024-01-02 02:32:47","0xde9e6fb9dc88e8eb25caeb85972faf842e171431","0x269895a3df4d73b077fc823dd6da1b95f72aaf9b","","0","0","0","0.000973038019662254","3.29733306812124","2356.28","","","Approve"
"0xd1d6ad3d20d82813a5c565e6460d67a9deec734ff19dde2bf49be6308c611ec6","19218728","1707822911","2024-02-13 11:15:11","0xb0e83c2d71a991017e0116d58c5765abc57384af","0x269895a3df4d73b077fc823dd6da1b95f72aaf9b","","0","0","0","0.00217727652385152","7.37813501165311","2641.60","","","Approve"
"0x0196295c1bcbf218680373cbefca8c94504bcda7d2651ccff3445c131f4b12d5","19481640","1711007135","2024-03-21 07:45:35","0x8df04d551e3f7f5b03a67de79184bb919a97bbde","0x269895a3df4d73b077fc823dd6da1b95f72aaf9b","","0","0","0","0.001387777205404606","4.70275937640528","3492.08","","","Approve"
"0x6b46d37db4cb6ce9f46c9c072139d1afef95de312bf5059b6e8d5bcb3d015cbf","19483067","1711024439","2024-03-21 12:33:59","0x431e81e5dfb5a24541b5ff8762bdef3f32f96354","0x269895a3df4d73b077fc823dd6da1b95f72aaf9b","","0","0","0","0.001181889918207754","4.00506931017786","3492.08","","","Approve"
"0xbda1c484320e5946f385c1ba34c8e5d951edb096c0a7d14dea0969f3669fd87a","19640759","1712939771","2024-04-12 16:36:11","0x3a8163df3ce1bab4a34d79b6aa8cad8ba9caf337","0x269895a3df4d73b077fc823dd6da1b95f72aaf9b","","0","0","0","0.001872234492828518","6.34443935358609","3239.12","","","Approve"
"0xd06ecd27de624759769b16d8d2b3f79d6dd1e03fbfe9c707f4d8005f8ef7d58a","19655938","1713123851","2024-04-14 19:44:11","0x64fa9ef54bad5e4bd10cab57cbe6123203e6d384","0x269895a3df4d73b077fc823dd6da1b95f72aaf9b","","0","0","0","0.000648168572607374","2.19644826305665","3158.26","","","Approve"
"0x42d9c077df3e9faa88fa4c3368a6e03330639ddacc67ff0722e06587f53e195e","19655952","1713124019","2024-04-14 19:46:59","0x64fa9ef54bad5e4bd10cab57cbe6123203e6d384","0x269895a3df4d73b077fc823dd6da1b95f72aaf9b","","0","0","0","0.000641920824347292","2.17527652410814","3158.26","","","Approve"
"0x73f72e6ce34c9fd241c90b79b217766a5bb95a35065aed48768c77d4180723e5","19657656","1713144707","2024-04-15 01:31:47","0xa387f2c32f92b2fb8807f5617e7cbe0e20ac4ff5","0x269895a3df4d73b077fc823dd6da1b95f72aaf9b","","0","0","0","0.00061964156865765","2.09977883025227","3103.00","","","Approve"
"0xb064f664f8d1d43ab4de5130e8fd35f126d7a3c544b0fda68fdbd13a7cf54b86","19707091","1713742427","2024-04-21 23:33:47","0xa6c679d98683d9f65815dc8568d3c05236166942","0x269895a3df4d73b077fc823dd6da1b95f72aaf9b","","0","0","0","0.00040727798374032","1.38014253972403","3148.11","","","Approve"
"0x000780352848c3452f45130c6aff5203d2fa0aff7a7675de04f4baaa5b434902","19880101","1715833067","2024-05-16 04:17:47","0x8c612b03b3358c1e535706695c635c360034b968","0x269895a3df4d73b077fc823dd6da1b95f72aaf9b","","0","0","0","0.000188395507557094","0.638415688185662","2945.17","","","Approve"
