"Transaction Hash","Blockno","UnixTimestamp","DateTime (UTC)","From","To","ContractAddress","Value_IN(ETH)","Value_OUT(ETH)","CurrentValue @ $3383.82488778247/Eth","TxnFee(ETH)","TxnFee(USD)","Historical $Price/Eth","Status","ErrCode","Method"
"0x5fd6fc965408c73ccd81346087039498c92cf479308048d7ae6594d92ff4f7a4","11513097","1608770138","2020-12-24 00:35:38","0xde910777c787903f78c89e7a0bf7f4c435cbb1fe","","0x823be81bbf96bec0e25ca13170f5aacb5b79ba83","0","0","0","0.155076083","524.75030915522","612.32","","","0x60806040"
"0xa651aff4b3ca2c3cc34e998761dbeaa968c2c8fa7e267364d2892291065c5856","11513385","1608773994","2020-12-24 01:39:54","0xde910777c787903f78c89e7a0bf7f4c435cbb1fe","0x823be81bbf96bec0e25ca13170f5aacb5b79ba83","","0","0","0","1.004","3397.3601873336","612.32","Error(0)","Out of gas","Import Addresses"
"0x2ed24738271b6ac1e4ddff5ff8ed631510dd99e77322a67d6f741f9b5f7e1547","11513390","1608774072","2020-12-24 01:41:12","0xde910777c787903f78c89e7a0bf7f4c435cbb1fe","0x823be81bbf96bec0e25ca13170f5aacb5b79ba83","","0","0","0","1.048560783","3548.14607386807","612.32","","","Import Addresses"
"0xb5e9c354605050490be66d3ec09b2137419ec030f1ead30897164937f7beb3e1","11513417","1608774416","2020-12-24 01:46:56","0xde910777c787903f78c89e7a0bf7f4c435cbb1fe","0x823be81bbf96bec0e25ca13170f5aacb5b79ba83","","0","0","0","0.16687233","564.666743336249","612.32","Error(0)","Reverted","Rebuild Caches"
"0xb700b1a6768efa44ebd388b2e6a24f957b3d7e7b8829590511707dbf47c2c796","11513982","1608781905","2020-12-24 03:51:45","0xde910777c787903f78c89e7a0bf7f4c435cbb1fe","0x823be81bbf96bec0e25ca13170f5aacb5b79ba83","","0","0","0","1.04732796","3543.97441671844","612.32","","","Rebuild Caches"
"0x52383253b9afde53c1101520257d153714842a244289cafb421bfdd20df1529c","11514108","1608783846","2020-12-24 04:24:06","0xde910777c787903f78c89e7a0bf7f4c435cbb1fe","0x823be81bbf96bec0e25ca13170f5aacb5b79ba83","","0","0","0","0.10885995","368.363008092755","612.32","","","Import Addresses"
"0xda1ec880cac6dba4aa756e95aaefab042a33d95f2b49e387fd9642c017735865","11514110","1608783879","2020-12-24 04:24:39","0xde910777c787903f78c89e7a0bf7f4c435cbb1fe","0x823be81bbf96bec0e25ca13170f5aacb5b79ba83","","0","0","0","0.10067055","340.65151255675","612.32","","","Rebuild Caches"
"0xe0521f1b814999aad82e8805eaf3fb776dba0f8dcfb6d658498b5a36086df6e9","11514160","1608784498","2020-12-24 04:34:58","0xde910777c787903f78c89e7a0bf7f4c435cbb1fe","0x823be81bbf96bec0e25ca13170f5aacb5b79ba83","","0","0","0","0.00555325","18.791225558078","612.32","","","Nominate New Owner"
"0x440a7b676d92f181109199d743bc8848ac042feedde942276d780a32423df949","11656563","1610672422","2021-01-15 01:00:22","0xde910777c787903f78c89e7a0bf7f4c435cbb1fe","0x823be81bbf96bec0e25ca13170f5aacb5b79ba83","","0","0","0","0.4725788","1599.12390487837","1169.06","","","Rebuild Caches"
"0x49dacaebccc788f253cf20f2412782daaa8368921eb57e5625ea58c3612f95ea","11788085","1612419655","2021-02-04 06:20:55","0xde910777c787903f78c89e7a0bf7f4c435cbb1fe","0x823be81bbf96bec0e25ca13170f5aacb5b79ba83","","0","0","0","0.309886979","1048.60327193992","1597.44","","","Rebuild Caches"
"0x259bb14422b41ecfba4345f1fabffb157d9189fd58fb00942fb3c0d707aca58c","11788087","1612419682","2021-02-04 06:21:22","0xde910777c787903f78c89e7a0bf7f4c435cbb1fe","0x823be81bbf96bec0e25ca13170f5aacb5b79ba83","","0","0","0","0.278541096","942.534292915006","1597.44","","","Rebuild Caches"
"0xadf8b53285090ae74defe3327221c20e2ec47278e6a162f07d58cc818b9485c5","11788090","1612419698","2021-02-04 06:21:38","0xde910777c787903f78c89e7a0bf7f4c435cbb1fe","0x823be81bbf96bec0e25ca13170f5aacb5b79ba83","","0","0","0","0.299596888","1013.78340591658","1597.44","","","Rebuild Caches"
"0xf3a9100c8ed299c0055f6f415348483003b31d17856967be14f49262d48cb31b","11788092","1612419714","2021-02-04 06:21:54","0xde910777c787903f78c89e7a0bf7f4c435cbb1fe","0x823be81bbf96bec0e25ca13170f5aacb5b79ba83","","0","0","0","0.145384823","491.956782373249","1597.44","","","Rebuild Caches"
"0xecd7b2a6390f26f9591cbe940a58874eccc7f9224a6c5702fe5bb4bf4ee63474","11832915","1613015024","2021-02-11 03:43:44","0xde910777c787903f78c89e7a0bf7f4c435cbb1fe","0x823be81bbf96bec0e25ca13170f5aacb5b79ba83","","0","0","0","0.0139292","47.1339736268996","1787.69","","","Rebuild Caches"
"0xe533edb39a1b61cf45f067e99d57d93a7b42ac351cc96c552e7d441fbf65f0c0","12103563","1616615271","2021-03-24 19:47:51","0xde910777c787903f78c89e7a0bf7f4c435cbb1fe","0x823be81bbf96bec0e25ca13170f5aacb5b79ba83","","0","0","0","0.0278584","94.2679472537992","1583.24","","","Rebuild Caches"
"0x25ed9521c485a12eee3d149bc0743889827c08ede7df0b9327cb0dd5d02275cd","12287049","1619054231","2021-04-22 01:17:11","0xde910777c787903f78c89e7a0bf7f4c435cbb1fe","0x823be81bbf96bec0e25ca13170f5aacb5b79ba83","","0","0","0","0.1873734","634.03877422842","2410.48","","","Rebuild Caches"
"0x15f971cabf365902ac3859ceab9429f414f9340fd6010d2900ecdf53296b6957","12287057","1619054291","2021-04-22 01:18:11","0xde910777c787903f78c89e7a0bf7f4c435cbb1fe","0x823be81bbf96bec0e25ca13170f5aacb5b79ba83","","0","0","0","0.1316742","445.562435038846","2410.48","","","Rebuild Caches"
"0x1b054835cbef9059516678256d6d2fce5ee58b5fdf8df06394bf7bd26dc3cb32","12287061","1619054334","2021-04-22 01:18:54","0xde910777c787903f78c89e7a0bf7f4c435cbb1fe","0x823be81bbf96bec0e25ca13170f5aacb5b79ba83","","0","0","0","0.1902708","643.843068458281","2410.48","","","Rebuild Caches"
"0x1c7bdea16f2b6c306498a83b53569aaa9b90136bcaa0d83434bdf65d8617e23b","12287063","1619054371","2021-04-22 01:19:31","0xde910777c787903f78c89e7a0bf7f4c435cbb1fe","0x823be81bbf96bec0e25ca13170f5aacb5b79ba83","","0","0","0","0.1076409","364.237956363304","2410.48","","","Rebuild Caches"
"0x3326355d3eea8fa2f9c4946a7f14a30de81509da8e9efbad46692e78adfb1ba8","12331937","1619653302","2021-04-28 23:41:42","0xde910777c787903f78c89e7a0bf7f4c435cbb1fe","0x823be81bbf96bec0e25ca13170f5aacb5b79ba83","","0","0","0","0.01530792","51.799320676183","2750.91","","","Rebuild Caches"
"0x128934ca0510c36352d50641c50bc6f482cd2203b5d65b9038a434c3900d0984","12409629","1620689234","2021-05-10 23:27:14","0xde910777c787903f78c89e7a0bf7f4c435cbb1fe","0x823be81bbf96bec0e25ca13170f5aacb5b79ba83","","0","0","0","0.08172025","276.527015785805","3946.42","","","Rebuild Caches"
"0x52ba40766de476c8df7bd9a78c25a295e3ed955fc1ea4682049da3402bbc3212","12425989","1620908310","2021-05-13 12:18:30","0xde910777c787903f78c89e7a0bf7f4c435cbb1fe","0x823be81bbf96bec0e25ca13170f5aacb5b79ba83","","0","0","0","0.91996002","3112.98361144086","3718.99","","","Rebuild Caches"
"0x3fbde5da98df833673da3b5db08ed7a5de81b9547325db0eeea1e5530d25df14","12425990","1620908367","2021-05-13 12:19:27","0xde910777c787903f78c89e7a0bf7f4c435cbb1fe","0x823be81bbf96bec0e25ca13170f5aacb5b79ba83","","0","0","0","0.33088272","1119.64918287316","3718.99","","","Rebuild Caches"
"0x21de0a3b765703f45b95ea1ae9080309a66ed645cc664a200e044f5e0018a9bb","12425991","1620908376","2021-05-13 12:19:36","0xde910777c787903f78c89e7a0bf7f4c435cbb1fe","0x823be81bbf96bec0e25ca13170f5aacb5b79ba83","","0","0","0","0.35318136","1195.10387586886","3718.99","","","Rebuild Caches"
"0x8fc432f5b1555bea0fc1c13ab3082fb12e2ce01f05d710aa603dc8bf419e8418","12425993","1620908421","2021-05-13 12:20:21","0xde910777c787903f78c89e7a0bf7f4c435cbb1fe","0x823be81bbf96bec0e25ca13170f5aacb5b79ba83","","0","0","0","0.4957869","1677.65605125652","3718.99","","","Rebuild Caches"
"0xc60282f043f165a5b94ffb65e7794867b54fb807494c73c670cac4d02a9f3a1f","12425994","1620908439","2021-05-13 12:20:39","0xde910777c787903f78c89e7a0bf7f4c435cbb1fe","0x823be81bbf96bec0e25ca13170f5aacb5b79ba83","","0","0","0","0.08310456","281.211278416212","3718.99","","","Rebuild Caches"
"0xab36e8f511a502c6f55617ee7c474a242941f1551c4932d3bcee65b0c33fb21a","12733162","1625026417","2021-06-30 04:13:37","0xde910777c787903f78c89e7a0bf7f4c435cbb1fe","0x823be81bbf96bec0e25ca13170f5aacb5b79ba83","","0","0","0","0.0207979","70.376451633611","2276.14","","","Rebuild Caches"
"0x9e702d665f26fe9ff8bb014ee0f7fc38d53e29e007c0a13a08c0ee2d8588d319","12832408","1626364217","2021-07-15 15:50:17","0xde910777c787903f78c89e7a0bf7f4c435cbb1fe","0x823be81bbf96bec0e25ca13170f5aacb5b79ba83","","0","0","0","0.0095799","32.4167040424673","1918.17","","","Rebuild Caches"
"0xa45e892a9a06efcd4a30552637030c12c1817dcfdfe2de68a36ccdffc8789a39","13451023","1634684655","2021-10-19 23:04:15","0xde910777c787903f78c89e7a0bf7f4c435cbb1fe","0x823be81bbf96bec0e25ca13170f5aacb5b79ba83","","0","0","0","0.064321576439875764","217.652951178654","3877.45","","","Rebuild Caches"
"0x3b9dc377d1dae472f33b799d4694bb8b29a7e1614f66c757f2d976b5450dd3b5","13451028","1634684729","2021-10-19 23:05:29","0xde910777c787903f78c89e7a0bf7f4c435cbb1fe","0x823be81bbf96bec0e25ca13170f5aacb5b79ba83","","0","0","0","0.072809273992236192","246.373833396302","3877.45","","","Rebuild Caches"
"0xca558cd299b582eaab7690161b5a0a09c818af89f4e5ce3209d5f92ccff237b6","13451032","1634684761","2021-10-19 23:06:01","0xde910777c787903f78c89e7a0bf7f4c435cbb1fe","0x823be81bbf96bec0e25ca13170f5aacb5b79ba83","","0","0","0","0.005550704401577148","18.7826116987805","3877.45","","","Rebuild Caches"
"0x139ed3f448638f9345658d9ea8bbc1c6664a1505b3b5b4cc47bcff243d23bb32","13633821","1637163487","2021-11-17 15:38:07","0xac63b3a69604925dadf2abd13877d7a4a7113308","0x823be81bbf96bec0e25ca13170f5aacb5b79ba83","","0","0","0","0.167248442977718936","565.939443790873","4289.75","","","Rebuild Caches"
"0x4f2f871315264bcfd8195e3e63a122f3ee3a334cdbe3c60a7ac9a4ed1f59c403","13633867","1637164085","2021-11-17 15:48:05","0xac63b3a69604925dadf2abd13877d7a4a7113308","0x823be81bbf96bec0e25ca13170f5aacb5b79ba83","","0","0","0","0.126982504442943448","429.68655884698","4289.75","","","Rebuild Caches"
"0xe2a37ac28be92c6aca3e3d743c19e03f25627398d1fe849be061375980d166c3","13633880","1637164296","2021-11-17 15:51:36","0xac63b3a69604925dadf2abd13877d7a4a7113308","0x823be81bbf96bec0e25ca13170f5aacb5b79ba83","","0","0","0","0.04119429929229264","139.39429518002","4289.75","","","Rebuild Caches"
"0xed6eee590ffabaf3c312249ff651e7e6460d7d0d1090956a76c616dd936369ea","13673645","1637708641","2021-11-23 23:04:01","0xde910777c787903f78c89e7a0bf7f4c435cbb1fe","0x823be81bbf96bec0e25ca13170f5aacb5b79ba83","","0","0","0","0.008682981418874365","29.3816886253398","4341.17","","","Rebuild Caches"
"0xbe7ab5018ee64c0f8d9152605217ddaff4c03c1e26aab6605605f55e291146a9","13731828","1638510411","2021-12-03 05:46:51","0xde910777c787903f78c89e7a0bf7f4c435cbb1fe","0x823be81bbf96bec0e25ca13170f5aacb5b79ba83","","0","0","0","0.118024743589832996","399.375064733421","4219.32","","","Rebuild Caches"
"0x3c392112b40e6d2e7b4ff1d92b43686fea87c97643ed9e6236284437fabe7e5c","13812420","1639607211","2021-12-15 22:26:51","0xde910777c787903f78c89e7a0bf7f4c435cbb1fe","0x823be81bbf96bec0e25ca13170f5aacb5b79ba83","","0","0","0","0.021174348986705803","71.6502890838066","4020.19","","","Rebuild Caches"
"0xe84f7b3ad97ecf142735faaeee832fe52b81e846ef3f7ae7d2d0d15761c88e2e","14032069","1642542618","2022-01-18 21:50:18","0xde910777c787903f78c89e7a0bf7f4c435cbb1fe","0x823be81bbf96bec0e25ca13170f5aacb5b79ba83","","0","0","0","0.168443571389614872","569.983549055142","3161.50","","","Rebuild Caches"
"0x134b39a45b318a5151ecd37e5ca62c147af7c532ce258c5fac0dee8b5d9b0aff","14032070","1642542631","2022-01-18 21:50:31","0xde910777c787903f78c89e7a0bf7f4c435cbb1fe","0x823be81bbf96bec0e25ca13170f5aacb5b79ba83","","0","0","0","0.12430203843338172","420.61633125297","3161.50","","","Rebuild Caches"
"0xc3ea84bcf468f2b4f4f2e02aa59a73973c283017ab3b95cd862a32ccdae48c55","14032076","1642542721","2022-01-18 21:52:01","0xde910777c787903f78c89e7a0bf7f4c435cbb1fe","0x823be81bbf96bec0e25ca13170f5aacb5b79ba83","","0","0","0","0.04347326017747836","147.105899741594","3161.50","","","Rebuild Caches"
"0x930d8960e904f1371ea5ed08a3673b0a3e57881cc474caadb60ec5ae4b3ed081","14128303","1643827419","2022-02-02 18:43:39","0xde910777c787903f78c89e7a0bf7f4c435cbb1fe","0x823be81bbf96bec0e25ca13170f5aacb5b79ba83","","0","0","0","0.122142372831478854","413.308401039964","2681.11","","","Rebuild Caches"
"0xaea84e0850ee161462d3da39aacf7ed2a333f5c5b344df6fcdd380018a49c0d9","14128306","1643827492","2022-02-02 18:44:52","0xde910777c787903f78c89e7a0bf7f4c435cbb1fe","0x823be81bbf96bec0e25ca13170f5aacb5b79ba83","","0","0","0","0.11112115228621208","376.01452066515","2681.11","","","Rebuild Caches"
"0x64b44656c2f1086970a9f5661ef8d29fbc81b05e984c215de784fd777c1d2749","14128309","1643827510","2022-02-02 18:45:10","0xde910777c787903f78c89e7a0bf7f4c435cbb1fe","0x823be81bbf96bec0e25ca13170f5aacb5b79ba83","","0","0","0","0.03168320130368864","107.210405096044","2681.11","","","Rebuild Caches"
"0x67a50f28d48b8b5a4c746e42693a3f34e21a15359e59a87126ac5e7ecd6b9d2a","14160881","1644262679","2022-02-07 19:37:59","0xde910777c787903f78c89e7a0bf7f4c435cbb1fe","0x823be81bbf96bec0e25ca13170f5aacb5b79ba83","","0","0","0","0.191938874799250644","649.487541478668","3141.38","","","Rebuild Caches"
"0x968d6988fed0f7059efecb6f730e00a1b5e899249db57ab3b213578eb77a8c49","14160882","1644262686","2022-02-07 19:38:06","0xde910777c787903f78c89e7a0bf7f4c435cbb1fe","0x823be81bbf96bec0e25ca13170f5aacb5b79ba83","","0","0","0","0.148826237463942048","503.601926285511","3141.38","","","Rebuild Caches"
"0xd473e4302dd0f67f64f605015fc7155f76628bd69eba3ed0e0198404df4b5f67","14160884","1644262709","2022-02-07 19:38:29","0xde910777c787903f78c89e7a0bf7f4c435cbb1fe","0x823be81bbf96bec0e25ca13170f5aacb5b79ba83","","0","0","0","0.04647831265650888","157.27447110923","3141.38","","","Rebuild Caches"
"0x5066a7d95c26b2dfc50d3e33ac5265e0f5360bdda913f143a645326a1eddc763","14170510","1644391517","2022-02-09 07:25:17","0xde910777c787903f78c89e7a0bf7f4c435cbb1fe","0x823be81bbf96bec0e25ca13170f5aacb5b79ba83","","0","0","0","0.047691181236190884","161.378605994767","3246.72","","","Rebuild Caches"
"0x78f1d6fc06a34bb71c8b0fd28c78d5d8565a10cc4f7231853791677d61d93e3b","14170512","1644391530","2022-02-09 07:25:30","0xde910777c787903f78c89e7a0bf7f4c435cbb1fe","0x823be81bbf96bec0e25ca13170f5aacb5b79ba83","","0","0","0","0.034188542358228336","115.688040508778","3246.72","","","Rebuild Caches"
"0x5558ed9e1094f9cac451c0031441fac1f73249dcaffd2265d617b0b444860ecf","14170514","1644391557","2022-02-09 07:25:57","0xde910777c787903f78c89e7a0bf7f4c435cbb1fe","0x823be81bbf96bec0e25ca13170f5aacb5b79ba83","","0","0","0","0.01076360112237808","36.4221413600663","3246.72","","","Rebuild Caches"
"0x8809538ac5ac96e30d86b587c4b4a5fe20fc16512055c8fa8f365817ef2d6962","14406590","1647555063","2022-03-17 22:11:03","0xde910777c787903f78c89e7a0bf7f4c435cbb1fe","0x823be81bbf96bec0e25ca13170f5aacb5b79ba83","","0","0","0","0.056877126487400598","192.462236153618","2816.26","","","Rebuild Caches"
"0x2ef5b0bb803edb8c4ed9cb2828dba5a84949390b1a7656ef7073b446e7659fd3","14406593","1647555097","2022-03-17 22:11:37","0xde910777c787903f78c89e7a0bf7f4c435cbb1fe","0x823be81bbf96bec0e25ca13170f5aacb5b79ba83","","0","0","0","0.042088401737209272","142.419781285356","2816.26","","","Rebuild Caches"
"0x435ac8d20e18a534e99bfe3eb814cc2b49206d2e315d884e528ba1b53ccbcc0a","14406595","1647555107","2022-03-17 22:11:47","0xde910777c787903f78c89e7a0bf7f4c435cbb1fe","0x823be81bbf96bec0e25ca13170f5aacb5b79ba83","","0","0","0","0.01085319713354804","36.7253185725092","2816.26","","","Rebuild Caches"
"0x363c24c7758ae0c2934e005258fdccd93a70508655756fffbf981ad7609198db","14452193","1648167950","2022-03-25 00:25:50","0xde910777c787903f78c89e7a0bf7f4c435cbb1fe","0x823be81bbf96bec0e25ca13170f5aacb5b79ba83","","0","0","0","0.013820992783403614","46.7678193543431","3104.04","","","Rebuild Caches"
"0x2d11d47894580f769007642d5cf53c7dbf35011c4a357e98ffcb71d57f075dc3","14476814","1648499429","2022-03-28 20:30:29","0xde910777c787903f78c89e7a0bf7f4c435cbb1fe","0x823be81bbf96bec0e25ca13170f5aacb5b79ba83","","0","0","0","0.055841133815605896","188.956618367239","3334.29","","","Rebuild Caches"
"0xebcaf5a3e705953139cf7febd515e80a0e548c451c831eece953b240030817b0","14476816","1648499456","2022-03-28 20:30:56","0xde910777c787903f78c89e7a0bf7f4c435cbb1fe","0x823be81bbf96bec0e25ca13170f5aacb5b79ba83","","0","0","0","0.047306114287748316","160.075606871165","3334.29","","","Rebuild Caches"
"0xbebe3797f858d24df06cd772c37e84990c8e0bbbd9ebfc740edecb42ad705cf7","14476821","1648499555","2022-03-28 20:32:35","0xde910777c787903f78c89e7a0bf7f4c435cbb1fe","0x823be81bbf96bec0e25ca13170f5aacb5b79ba83","","0","0","0","0.0090668894159076","30.6807660603196","3334.29","","","Rebuild Caches"
"0x847f3c7b9a3cbca43d723b40eb43df9e92df78618705266b8995c6f105ad23ff","14750474","1652212067","2022-05-10 19:47:47","0xde910777c787903f78c89e7a0bf7f4c435cbb1fe","0x823be81bbf96bec0e25ca13170f5aacb5b79ba83","","0","0","0","0.039345025103999906","133.136675157341","2341.58","","","Rebuild Caches"
"0x22bce305fdaf216f7795f1626cb5e143611b57291a868a004ddda1d46ca11dc2","14750478","1652212174","2022-05-10 19:49:34","0xde910777c787903f78c89e7a0bf7f4c435cbb1fe","0x823be81bbf96bec0e25ca13170f5aacb5b79ba83","","0","0","0","0.031389481867124544","106.216509956573","2341.58","","","Rebuild Caches"
"0x6fa424a79f7830583a3346df485c23733949061e8ef1d741cf7053eb9fd3dce5","14750481","1652212205","2022-05-10 19:50:05","0xde910777c787903f78c89e7a0bf7f4c435cbb1fe","0x823be81bbf96bec0e25ca13170f5aacb5b79ba83","","0","0","0","0.00849959328833496","28.7611353050967","2341.58","","","Rebuild Caches"
"0xbf2b1bea683e9486f4710e99bcfd35a6b7cd3a22807ab7afdca63d0bbec4505a","14771581","1652502721","2022-05-14 04:32:01","0xde910777c787903f78c89e7a0bf7f4c435cbb1fe","0x823be81bbf96bec0e25ca13170f5aacb5b79ba83","","0","0","0","0.033685214924024482","113.984868610216","2054.03","","","Rebuild Caches"
"0x51cd94c237c963e63663c891529ddc3d4de514c297581caced6ec8211a546682","14771583","1652502731","2022-05-14 04:32:11","0xde910777c787903f78c89e7a0bf7f4c435cbb1fe","0x823be81bbf96bec0e25ca13170f5aacb5b79ba83","","0","0","0","0.023095554732231072","78.1513129000657","2054.03","","","Rebuild Caches"
"0x09cd939f62efb3f7e499b817674b1f33566ae9d8e9eee6dcb1d3049861dceb5b","14771585","1652502791","2022-05-14 04:33:11","0xde910777c787903f78c89e7a0bf7f4c435cbb1fe","0x823be81bbf96bec0e25ca13170f5aacb5b79ba83","","0","0","0","0.00849030721691676","28.7297128655221","2054.03","","","Rebuild Caches"
"0xcdfe7db0ca1a77c655f0eda3287ee66ba30ecbc4184e9404a4310788425f096a","14934338","1654803541","2022-06-09 19:39:01","0xde910777c787903f78c89e7a0bf7f4c435cbb1fe","0x823be81bbf96bec0e25ca13170f5aacb5b79ba83","","0","0","0","0.080186911775418258","271.338467740077","1787.71","","","Rebuild Caches"
"0x9a4b7bed9c88e1ff74119d1f175ac158499512b05d9628556dd5f2d24f0bd972","14934341","1654803561","2022-06-09 19:39:21","0xde910777c787903f78c89e7a0bf7f4c435cbb1fe","0x823be81bbf96bec0e25ca13170f5aacb5b79ba83","","0","0","0","0.045895820629938336","155.303420092785","1787.71","","","Rebuild Caches"
"0x9d5f93929d8caaac492d3a3facb17cc40f60faac25851d7ab0fb4c4c0aa94219","14934342","1654803575","2022-06-09 19:39:35","0xde910777c787903f78c89e7a0bf7f4c435cbb1fe","0x823be81bbf96bec0e25ca13170f5aacb5b79ba83","","0","0","0","0.01468345312678788","49.6862341290122","1787.71","","","Rebuild Caches"
"0x17416fb5b94996175bb03af5d0d5903166ff9eaa760a92ab16dbd84f514391ee","15014285","1656009457","2022-06-23 18:37:37","0xde910777c787903f78c89e7a0bf7f4c435cbb1fe","0x823be81bbf96bec0e25ca13170f5aacb5b79ba83","","0","0","0","0.095711476692547812","323.870876878655","1143.46","","","Rebuild Caches"
"0xc8fec68f2d4b187d7354bd93caf6a3a6c86746ed7fa6e7ea1d2d4648175f980e","15014286","1656009482","2022-06-23 18:38:02","0xde910777c787903f78c89e7a0bf7f4c435cbb1fe","0x823be81bbf96bec0e25ca13170f5aacb5b79ba83","","0","0","0","0.09497272396676328","321.371067019228","1143.46","","","Rebuild Caches"
"0xb8d38a8d50e3e2d99a61c6cc8f4e8ae68490e5233ff2fbced771fe2543f668fd","15014288","1656009515","2022-06-23 18:38:35","0xde910777c787903f78c89e7a0bf7f4c435cbb1fe","0x823be81bbf96bec0e25ca13170f5aacb5b79ba83","","0","0","0","0.020134296491782515","68.1309335668849","1143.46","","","Rebuild Caches"
"0x4130c80a69e50aabeb5448d8b6e04ee0286fa1b70c5c465f5862ad49c88c0c6d","15271654","1659559219","2022-08-03 20:40:19","0xde910777c787903f78c89e7a0bf7f4c435cbb1fe","0x823be81bbf96bec0e25ca13170f5aacb5b79ba83","","0","0","0","0.0882518","298.628637231601","1618.68","","","Rebuild Caches"
"0xc5d8cfc12a448bd47e7a6123d730182e60d64735f20f42804c4a7f30568612f2","15360820","1660767921","2022-08-17 20:25:21","0x819addc3dd780704ae85ea12c18252f7020c24d0","0x823be81bbf96bec0e25ca13170f5aacb5b79ba83","","0","0","0","0.1027022","347.526260390013","1834.04","","","Rebuild Caches"
"0xb87cceb65bd3415364a032b3c3f58f1b6c5274fb44d2f33975ad2ae90fa3c93a","15360822","1660767957","2022-08-17 20:25:57","0x819addc3dd780704ae85ea12c18252f7020c24d0","0x823be81bbf96bec0e25ca13170f5aacb5b79ba83","","0","0","0","0.0775416","262.387195918473","1834.04","","","Rebuild Caches"
"0x73be2cddb90d59dea49d6d009aa85f2001a9a3cb7dacad1b5f4a822245a13635","15360837","1660768147","2022-08-17 20:29:07","0x819addc3dd780704ae85ea12c18252f7020c24d0","0x823be81bbf96bec0e25ca13170f5aacb5b79ba83","","0","0","0","0.0300175","101.57396356901","1834.04","","","Rebuild Caches"
"0x42936cd3075db83aabdd3e0cc87603f6c30cb128c8c02f9f39fc74d31d445978","15792744","1666310279","2022-10-20 23:57:59","0x302d2451d9f47620374b54c521423bf0403916a2","0x823be81bbf96bec0e25ca13170f5aacb5b79ba83","","0","0","0","0.01787565331463076","60.4880805714188","1282.68","","","Rebuild Caches"
"0xde181fb88b31043bcea0324b63601d898f3e0a24bcaa1690713c8bef23542661","15792745","1666310291","2022-10-20 23:58:11","0x302d2451d9f47620374b54c521423bf0403916a2","0x823be81bbf96bec0e25ca13170f5aacb5b79ba83","","0","0","0","0.015422735724009768","52.187836980596","1282.68","","","Rebuild Caches"
"0xcb5b5b6910a1eb7fda607b9cba1c80a1b1008cf63b9f3020ae8bb3bc9b9f2c8e","15792746","1666310303","2022-10-20 23:58:23","0x302d2451d9f47620374b54c521423bf0403916a2","0x823be81bbf96bec0e25ca13170f5aacb5b79ba83","","0","0","0","0.00387773915372046","13.1215902566878","1282.68","","","Rebuild Caches"
"0xba233a713f343f14cb73cc89b282627d3ec1785816c00ab6aed92572b94fc1f5","15890839","1667494763","2022-11-03 16:59:23","0x302d2451d9f47620374b54c521423bf0403916a2","0x823be81bbf96bec0e25ca13170f5aacb5b79ba83","","0","0","0","0.026535306998614064","89.7908322268586","1530.87","","","Rebuild Caches"
"0xadccc5e35b8e1c66e4801fff28290ab45323acaf9b8c6a7615136f255b7d8c9b","15890840","1667494775","2022-11-03 16:59:35","0x302d2451d9f47620374b54c521423bf0403916a2","0x823be81bbf96bec0e25ca13170f5aacb5b79ba83","","0","0","0","0.01954911227738112","66.1507726582561","1530.87","","","Rebuild Caches"
"0x32b76c00774ca4ad97fb63913cd030ff67cda031593edc7a82f641206199d7cd","15890841","1667494787","2022-11-03 16:59:47","0x302d2451d9f47620374b54c521423bf0403916a2","0x823be81bbf96bec0e25ca13170f5aacb5b79ba83","","0","0","0","0.007269944097665425","24.6002177704675","1530.87","","","Rebuild Caches"
"0x6d113fe2d1d200ca824678fdd8ddab48f08da9c888a2b63f21a0306cd409ebe2","16227321","1671556331","2022-12-20 17:12:11","0x302d2451d9f47620374b54c521423bf0403916a2","0x823be81bbf96bec0e25ca13170f5aacb5b79ba83","","0","0","0","0.001877077056294044","6.35170005937324","1217.55","","","Rebuild Caches"
"0xd134f7e6f1c04e2a1e068ff3108d778ac34fa6f8486df1697b091b37551b8f25","16635009","1676474591","2023-02-15 15:23:11","0x302d2451d9f47620374b54c521423bf0403916a2","0x823be81bbf96bec0e25ca13170f5aacb5b79ba83","","0","0","0","0.049038246932340376","165.936840422876","1675.34","","","Rebuild Caches"
"0x4278109238ff28192d337ace58e7f2d82a59f2f121be52c5b4379058d01eb531","16635011","1676474615","2023-02-15 15:23:35","0x302d2451d9f47620374b54c521423bf0403916a2","0x823be81bbf96bec0e25ca13170f5aacb5b79ba83","","0","0","0","0.034829908497702968","117.858311213713","1675.34","","","Rebuild Caches"
"0x81d72c57a7f322bc6b83f6882100bffd0a8ff58f1b98359e62f3675075c4ab2c","16635012","1676474627","2023-02-15 15:23:47","0x302d2451d9f47620374b54c521423bf0403916a2","0x823be81bbf96bec0e25ca13170f5aacb5b79ba83","","0","0","0","0.02594596142901825","87.796590020956","1675.34","","","Rebuild Caches"
"0x6bf19be874502ae7756cff623e5a1ac02e68de55161ab61562e8e396ff7d15c6","16890631","1679579279","2023-03-23 13:47:59","0x302d2451d9f47620374b54c521423bf0403916a2","0x823be81bbf96bec0e25ca13170f5aacb5b79ba83","","0","0","0","0.00639342808195689","21.6342410619731","1817.28","","","Rebuild Caches"
"0xa1a27db9ec1e744d805a118f7ff5dd818eff3beae7f35b7ad1a7b9be48a44075","16890634","1679579315","2023-03-23 13:48:35","0x302d2451d9f47620374b54c521423bf0403916a2","0x823be81bbf96bec0e25ca13170f5aacb5b79ba83","","0","0","0","0.01576576198678566","53.3485777857401","1817.28","","","Rebuild Caches"
"0x93eee9c766eae57c9813dbb926f19ebf6a013148e43cc3122150b106cf3e3557","16890635","1679579327","2023-03-23 13:48:47","0x302d2451d9f47620374b54c521423bf0403916a2","0x823be81bbf96bec0e25ca13170f5aacb5b79ba83","","0","0","0","0.013710667530472984","46.3944980177255","1817.28","","","Rebuild Caches"
"0x181b6c7d2ff1b7d6ba07211cd8677311577deb8d9450bd1ebccbd6853e84ad33","16890636","1679579339","2023-03-23 13:48:59","0x302d2451d9f47620374b54c521423bf0403916a2","0x823be81bbf96bec0e25ca13170f5aacb5b79ba83","","0","0","0","0.007074645973936632","23.9393631188568","1817.28","","","Rebuild Caches"
"0x14099a479762809ad72a58e89a7cef9ebd846157a5377600d8756c57cad041db","16983732","1680711779","2023-04-05 16:22:59","0x302d2451d9f47620374b54c521423bf0403916a2","0x823be81bbf96bec0e25ca13170f5aacb5b79ba83","","0","0","0","0.014519709526460864","49.1321544590105","1909.49","","","Rebuild Caches"
"0xa5489f2ff44ea4aa6f278de55f312e8fa86ae95ab94d5ddaa22bf266f4375f8f","19675172","1713356663","2024-04-17 12:24:23","0xede8a407913a874dd7e3d5b731afca135d30375e","0x823be81bbf96bec0e25ca13170f5aacb5b79ba83","","0","0","0","0.048840933373023576","165.269165890163","2985.12","","","Rebuild Caches"
"0xd984c2dadf24012c5dca62359657245918d67cec07b0d97f1be2dbdc8eec7fd9","19675173","1713356675","2024-04-17 12:24:35","0xede8a407913a874dd7e3d5b731afca135d30375e","0x823be81bbf96bec0e25ca13170f5aacb5b79ba83","","0","0","0","0.044173680811915712","149.476000516319","2985.12","","","Rebuild Caches"
"0x03ec29462b904b1974ef38d2d52abb2d97a8f4f4dc9ddca12e507feabcb73d04","19675174","1713356687","2024-04-17 12:24:47","0xede8a407913a874dd7e3d5b731afca135d30375e","0x823be81bbf96bec0e25ca13170f5aacb5b79ba83","","0","0","0","0.02286686405642058","77.3774636996544","2985.12","","","Rebuild Caches"
