"Transaction Hash","Blockno","UnixTimestamp","DateTime (UTC)","From","To","ContractAddress","Value_IN(ETH)","Value_OUT(ETH)","CurrentValue @ $3390.14769019808/Eth","TxnFee(ETH)","TxnFee(USD)","Historical $Price/Eth","Status","ErrCode","Method"
"0x63e594eed68464d538278ff0ff4c5d45b271237fc858e43a2e272e5bdaca29fb","8623089","1569481587","2019-09-26 07:06:27","0xb64ff7a4a33acdf48d97dab0d764afd0f6176882","","0x0f83287ff768d1c1e17a42f44d644d7f22e8ee1d","0","0","0","0.03517911","119.262378509724","166.06","","","0x60806040"
"0xe41813348c0f27053e87ab82611dc7e602d11767d7ea3b35b61a54c2ddc62997","8623095","1569481654","2019-09-26 07:07:34","0xb64ff7a4a33acdf48d97dab0d764afd0f6176882","0x0f83287ff768d1c1e17a42f44d644d7f22e8ee1d","","0","0","0","0.00134202","4.54964600319963","166.06","","","Set Target"
"0xfd1131fd607bbc04894d894311700c092618b2e5b0b48ba0aa49d22028365a3a","8623535","1569487735","2019-09-26 08:48:55","0xb64ff7a4a33acdf48d97dab0d764afd0f6176882","0x0f83287ff768d1c1e17a42f44d644d7f22e8ee1d","","0","0","0","0.0008965002","3.03926808229212","166.06","","","Nominate New Owner"
"0xe04875febd8b28a8db50ee3ad7c1811bb1d44f2b950a0dbbb25700882667cf29","8672877","1570154604","2019-10-04 02:03:24","0xb0a23f40de7f776a4f20153e8995ed3e7d7c8487","0x0f83287ff768d1c1e17a42f44d644d7f22e8ee1d","","0","0","0","0.000115482","0.391501035559455","176.21","","","Accept Ownership"
"0xcbc5942322aa648172f5b6f08a84386b3b68d6b344661be36a6f28c1e642839e","8887230","1573090326","2019-11-07 01:32:06","0xff19ad332cc5bb32703a3058c6f93ce177cfbb08","0x0f83287ff768d1c1e17a42f44d644d7f22e8ee1d","","0","0","0","0.000175106","0.593635201439825","186.54","","","Transfer"
"0x5b89b0ad30b6ba76af6511b75b6b3872f55cfa2db4e41f1dd605c0356163aaa2","9060275","1575632278","2019-12-06 11:37:58","0x4d37f28d2db99e8d35a6c725a5f1749a085850a3","0x0f83287ff768d1c1e17a42f44d644d7f22e8ee1d","","0","0","0","0.000687324","2.33012987101771","149.06","","","Approve"
"0xb27cd00ecaa1e264140e260524171f9201ef4d7a004f9308caa1a0b724c233bd","9123750","1576640704","2019-12-18 03:45:04","0xb0a23f40de7f776a4f20153e8995ed3e7d7c8487","0x0f83287ff768d1c1e17a42f44d644d7f22e8ee1d","","0","0","0","0.000237392","0.804793940471503","133.07","","","Set Target"
"0xdba7b3c460ca38ad77f0331aab9e57e27e4b339029f9e36ac1fdeaeaa72abe7f","9519096","1582188022","2020-02-20 08:40:22","0xb0a23f40de7f776a4f20153e8995ed3e7d7c8487","0x0f83287ff768d1c1e17a42f44d644d7f22e8ee1d","","0","0","0","0.000178116","0.603839545987321","257.70","","","Set Target"
"0x6334b68320f75020be9949fd7d03deb8a4eebcccc2f7a5ae984fe83891c381cd","9595380","1583200998","2020-03-03 02:03:18","0xb0a23f40de7f776a4f20153e8995ed3e7d7c8487","0x0f83287ff768d1c1e17a42f44d644d7f22e8ee1d","","0","0","0","0.000089108","0.302089280378171","223.77","","","Nominate New Owner"
"0xa51da2202beb0885c9e7943cb523194c3d9baa2ffe176accdeafff3a9ebef186","9962763","1588101150","2020-04-28 19:12:30","0x042ed37d32b88ab6b1c2e7b8a400dcdc728050bc","0x0f83287ff768d1c1e17a42f44d644d7f22e8ee1d","","0","0","0","0.0006144592","2.08310743760096","196.86","","","Transfer And Settle"
"0x2e28984d0d69e4bc55a9620388ade91bc71f9d2678ccc4a94d83d385017dcb15","9963357","1588108968","2020-04-28 21:22:48","0xb73e1ac5c70efdcc7e340460dc639fadc3a74728","0x0f83287ff768d1c1e17a42f44d644d7f22e8ee1d","","0","0","0","0.000248369","0.842007591666807","196.86","","","Transfer"
"0xa458f116765213719adf4cc22348f2a1f0bb1c8622c82322f7e5a6059c61bd3e","9973963","1588250361","2020-04-30 12:39:21","0xf199f47b747e50e024216d477107e04777b37af1","0x0f83287ff768d1c1e17a42f44d644d7f22e8ee1d","","0","0","0","0.0021047425","7.13538792483673","206.27","","","Transfer"
"0x779189872d2282ddbe1efbf8c9d67e1f9a0d89b38372f4065fb4fcbab882ea01","10027021","1588959936","2020-05-08 17:45:36","0xb73e1ac5c70efdcc7e340460dc639fadc3a74728","0x0f83287ff768d1c1e17a42f44d644d7f22e8ee1d","","0","0","0","0.001693605","5.74157107885792","211.54","","","Transfer"
"0x5a3c983b4bc197448909be61b7af945ccb4657183087b36832746e664552a554","10027028","1588960021","2020-05-08 17:47:01","0x81a3e936b4b6e6d85b54988b26ad5aa9da487b48","0x0f83287ff768d1c1e17a42f44d644d7f22e8ee1d","","0","0","0","0.001664419","5.6426262283718","211.54","","","Transfer"
"0x47f3d86fdb1749599bb34fc2e223beb31354801254b1da491c4ed7afe4f7ab1a","10027258","1588963007","2020-05-08 18:36:47","0xb73e1ac5c70efdcc7e340460dc639fadc3a74728","0x0f83287ff768d1c1e17a42f44d644d7f22e8ee1d","","0","0","0","0.00097931","3.32000553448788","211.54","","","Transfer"
"0xba214217a6249ed11ad93e6a66a2f11c1af44079afd4f25695495b96a8e915db","10027264","1588963058","2020-05-08 18:37:38","0x81a3e936b4b6e6d85b54988b26ad5aa9da487b48","0x0f83287ff768d1c1e17a42f44d644d7f22e8ee1d","","0","0","0","0.0011527409","3.90796189953186","211.54","","","Transfer"
"0xb9d3d8da246838461f7ef672d248d30648991cfb674d32719c99bca88f2fcdfc","10071116","1589550825","2020-05-15 13:53:45","0x652fc5b8686417bbf49f3efab8cabe0cb6b1ce05","0x0f83287ff768d1c1e17a42f44d644d7f22e8ee1d","","0","0","0","0.00338721","11.4831421577158","194.65","","","Transfer"
"0xcac580185754b070b7722eed59a3c259ee797238eda8e85b43d633da1a6d4868","10098238","1589916241","2020-05-19 19:24:01","0x2d5f0a119adf3b25135dfb659393951e8147e6e5","0x0f83287ff768d1c1e17a42f44d644d7f22e8ee1d","","0","0","0","0.0016995935","5.76187297830067","214.63","","","Transfer"
"0x2371ec5487bd0cf3fe93d1ece7191db86ccaf8da95efa1cae0a5fcb54275024e","10098247","1589916365","2020-05-19 19:26:05","0x8bdf979d2e05778a7a70c92746fc3e71fb8a771c","0x0f83287ff768d1c1e17a42f44d644d7f22e8ee1d","","0","0","0","0.0022579","7.65461446969825","214.63","","","Transfer"
"0x7956390363cc9aa15f699db18a8bd6e5f3fd2521af9cca5b0899a8e01fd5bef5","10180596","1591022723","2020-06-01 14:45:23","0x3f81438a73626756c4027f1e58547a585ee843c4","0x0f83287ff768d1c1e17a42f44d644d7f22e8ee1d","","0","0","0","0.00293685","9.95635524395823","248.21","","","Transfer"
"0x574423e4aa9eebf5b0d7ba1a3f579a089557d9600707189b3c0f9c94690376e5","10303473","1592667393","2020-06-20 15:36:33","0x4d37f28d2db99e8d35a6c725a5f1749a085850a3","0x0f83287ff768d1c1e17a42f44d644d7f22e8ee1d","","0","0","0","0.0021203164","7.18818574594911","228.89","","","Approve"
"0x754a99d9393bb98abb79391c1602afc86ec4b3d7a0c1ba51ac5bac074a1d8b9c","10547827","1595936955","2020-07-28 11:49:15","0xff0390532d97ad9ac39bfd845f93a219e9550663","0x0f83287ff768d1c1e17a42f44d644d7f22e8ee1d","","0","0","0","0.011345256","38.4620934231059","317.47","","","Transfer"
"0xd4072e7ed5efc4ed501ff517953afbdc3911964f8da6e725242f2cada0e4e2f8","10718472","1598210436","2020-08-23 19:20:36","0x4f0fe7cd3c5c41479df04f3b010632e16155141f","0x0f83287ff768d1c1e17a42f44d644d7f22e8ee1d","","0","0","0","0.003042738","10.3153312025779","390.72","Error(0)","Reverted","Transfer"
"0x951429c0afbaf6c7d28daac0c49b33770ba4f25fc46ca07098a1fefa234e82b7","10718499","1598210791","2020-08-23 19:26:31","0x4f0fe7cd3c5c41479df04f3b010632e16155141f","0x0f83287ff768d1c1e17a42f44d644d7f22e8ee1d","","0","0","0","0.003041346","10.3106121169932","390.72","Error(0)","Reverted","Transfer"
"0x2c2b1b41ab5f25ac676d1c513f3bb6648cf6f35c0806bdb055324651681ab63d","12563401","1622748419","2021-06-03 19:26:59","0xd66c178d78a1207c52be3aeecf7a5ff440910d09","0x0f83287ff768d1c1e17a42f44d644d7f22e8ee1d","","0","0","0","0.003661266","12.4122324731008","2856.01","","","Approve"
"0x40118a31ae7299648fa7c685079a3487556615b99a644a99ff1e75c005696b19","12668111","1624149932","2021-06-20 00:45:32","0x229fed4f4192ba3aba690e37088bb4a68881df3d","0x0f83287ff768d1c1e17a42f44d644d7f22e8ee1d","","0","0","0","0.00070073","2.3755781909525","2243.60","","","Approve"
"0x3e130e5a0db7df354b59370ad613717ee31b866195b1708b0ee0a38491f1ffb9","13042214","1629196840","2021-08-17 10:40:40","0x974e8e383bebb8e2cb2d3d50270d8084e8c30bfc","0x0f83287ff768d1c1e17a42f44d644d7f22e8ee1d","","0","0","0","0.003204479831651462","10.8636598995595","3011.96","","","Approve"
"0x301346292a5f8f4b1f7f98ae52fecc00ace1907123ed5ebe1e79e772a751a2d2","13054690","1629362586","2021-08-19 08:43:06","0x79674a6bfe3f20df9c46b3849c437f7b8441ee14","0x0f83287ff768d1c1e17a42f44d644d7f22e8ee1d","","0","0","0","0.001611679","5.46382983919075","3184.74","","","Approve"
"0x989ddf6d9b230750cbb873f40816284e1b8b053d6a30bb460d056a9916ddc3e5","13055846","1629378140","2021-08-19 13:02:20","0x7de76c466d40a94a487ae866d041c4b5272083e4","0x0f83287ff768d1c1e17a42f44d644d7f22e8ee1d","","0","0","0","0.0019900732","6.7466420623051","3184.74","","","Approve"
"0x52b9fe9804a4392395e12199b869dcb986d1d46794e8952d7b438b66b9beab3e","13056355","1629384890","2021-08-19 14:54:50","0xdf5ce70cfe1addbc9fb26b5952d9d600dfe3f628","0x0f83287ff768d1c1e17a42f44d644d7f22e8ee1d","","0","0","0","0.009048576","30.6760090259818","3184.74","","","Transfer"
"0xbe327f18cb271f56f8cd8d9e0454ac4ca735d380196b2822d0475c798f3d4680","13097770","1629937666","2021-08-26 00:27:46","0x956a64f1028de63b3984637ddd10ae96662b3acd","0x0f83287ff768d1c1e17a42f44d644d7f22e8ee1d","","0","0","0","0.004699112911353651","15.9306867824056","3093.62","","","Approve"
"0x3ed30820d6cdeae43c96459242853e5ce8716732bb07b3c9fa0e369c8396d005","13098054","1629941918","2021-08-26 01:38:38","0x5ae26bf6a11d92e51a9f58988cfdf9b6cdba9838","0x0f83287ff768d1c1e17a42f44d644d7f22e8ee1d","","0","0","0","0.005358395837255226","18.1657532708378","3093.62","","","Approve"
"0xca0fb623911e137d0bcf5fa6535cd04d7da4da7647608b21fed2971ab23f52e4","13145014","1630568694","2021-09-02 07:44:54","0x431e81e5dfb5a24541b5ff8762bdef3f32f96354","0x0f83287ff768d1c1e17a42f44d644d7f22e8ee1d","","0","0","0","0.004609258873707725","15.6260683242252","3787.70","","","Approve"
"0x688d95a533d1728a06cc24a0cd1a0d7b5cd7bb385b60dc80d415125c36cf23ec","13184581","1631097211","2021-09-08 10:33:31","0xccf6c29d87eb2c0bafede74f5df35f84541f4549","0x0f83287ff768d1c1e17a42f44d644d7f22e8ee1d","","0","0","0","0.005465694","18.5295098894295","3499.69","","","Approve"
"0x7f3ddbf2efcff2803d52020c1512d227679e633af99ba4d2f2e04f4978d2deb6","13189505","1631163045","2021-09-09 04:50:45","0x50664ede715e131f584d3e7eaabd7818bb20a068","0x0f83287ff768d1c1e17a42f44d644d7f22e8ee1d","","0","0","0","0.009389782","31.8327477587635","3424.24","","","Approve"
"0x48900da9474687b956044d80732faeb8de1742f6662555a2c1de3db6dfa9fd45","13191213","1631186350","2021-09-09 11:19:10","0x2af33e93f68b8497bb535c492f5867c7e83f2bc4","0x0f83287ff768d1c1e17a42f44d644d7f22e8ee1d","","0","0","0","0.0059632123","20.2161704050058","3424.24","","","Approve"
"0xb2bf7a3fe677c8234fce00ceef08655eda8902f9a5e96a6b39e272505a2d5d36","13193122","1631211706","2021-09-09 18:21:46","0x3e13fd392d3feb075b58f309d84c20698a54c10b","0x0f83287ff768d1c1e17a42f44d644d7f22e8ee1d","","0","0","0","0.007988322","27.0815913768585","3424.24","","","Approve"
"0x69c768a9eab681d9d738ddbc48e7f2d83bb0682621486b78da45d62633ec6ddb","13194109","1631224150","2021-09-09 21:49:10","0x6ab615cf8decfc488186e54066fc10589c9293a3","0x0f83287ff768d1c1e17a42f44d644d7f22e8ee1d","","0","0","0","0.004398440871624891","14.911364161412","3424.24","","","Approve"
"0x034c4c1c2358a0951c5ad7c63f7a5269938caa7b3f022000b2c9cf212876c4b9","13217557","1631538791","2021-09-13 13:13:11","0x2d1ef4acf4cae6a38950971aaaa15f88d9b3f165","0x0f83287ff768d1c1e17a42f44d644d7f22e8ee1d","","0","0","0","0.004414599","14.9661426030008","3285.40","","","Approve"
"0x2c2fb102b9c8dbada8299f3e41b58cfc880a36c6898bac8e262fa20477fda76d","13217617","1631539663","2021-09-13 13:27:43","0xb92667e34cb6753449adf464f18ce1833caf26e0","0x0f83287ff768d1c1e17a42f44d644d7f22e8ee1d","","0","0","0","0.004480348522387594","15.1890431944547","3285.40","","","Approve"
"0xfd537426d41f7b5cb311ff4a97f98de0c994cbcbeb2fd84fef718b4be7018bf9","13218979","1631557717","2021-09-13 18:28:37","0xc16414ac1fedfdac4f8a09674d994e1bbb9d7113","0x0f83287ff768d1c1e17a42f44d644d7f22e8ee1d","","0","0","0","0.006466424786356648","21.9221350533066","3285.40","","","Approve"
"0xda26fd80ca8fdba3d856fdb19d96f81005f0663d6e82fbc493e21ccda310ffc1","13223811","1631621950","2021-09-14 12:19:10","0x76c352c3f07f4ac9571a312fc7a8800dd75d6556","0x0f83287ff768d1c1e17a42f44d644d7f22e8ee1d","","0","0","0","0.004479796719585589","15.18717250146","3436.05","","","Approve"
"0xccf0f66a2c1c8926754f7d756125763deb5558dfd36ef9da95f05508d45fad57","13224003","1631624326","2021-09-14 12:58:46","0x305d1239e09103efed3f8a0e5e3770345ced81d6","0x0f83287ff768d1c1e17a42f44d644d7f22e8ee1d","","0","0","0","0.00336420473","11.405150894763","3436.05","","","Approve"
"0xe998bb132d4f57e0ae328c4896a26d5a5aeb695686a6993b7dfad9d717a6993a","13225910","1631650143","2021-09-14 20:09:03","0xad128857e59a11ac345d40c6fb0c0832d7c31c56","0x0f83287ff768d1c1e17a42f44d644d7f22e8ee1d","","0","0","0","0.004188453992081187","14.199477626755","3436.05","","","Approve"
"0x987c5054fbbbd68766518ce68781782e4c10cd548c0ebbec85807ade8b526e49","13225959","1631650776","2021-09-14 20:19:36","0x8540f80fab2afcae8d8fd6b1557b1cf943a0999b","0x0f83287ff768d1c1e17a42f44d644d7f22e8ee1d","","0","0","0","0.005745986","19.4797411658105","3436.05","","","Approve"
"0xa8da3b95c4f462972b26f158f85544fa5263231fed9da0ad4b63dde6c2bc9a03","13226045","1631651992","2021-09-14 20:39:52","0xad128857e59a11ac345d40c6fb0c0832d7c31c56","0x0f83287ff768d1c1e17a42f44d644d7f22e8ee1d","","0","0","0","0.01525882688454852","51.7296767177845","3436.05","","","Transfer"
"0xfd5e72f0c040329ed250381c168c4da19546ec59da330681df8b2c679b6ccfa3","13226752","1631661162","2021-09-14 23:12:42","0xf1e89db62de855b802bfa63b837ffbf6f222c2b7","0x0f83287ff768d1c1e17a42f44d644d7f22e8ee1d","","0","0","0","0.002614720348722879","8.86428815073679","3436.05","","","Approve"
"0x0fc0c4f88b6c5c9b776f6021b1f23df2d4cc316303ceb680087ce3b2473b8113","13226888","1631662995","2021-09-14 23:43:15","0x055f10edf3684e20dca3c20c063c736da702bcfb","0x0f83287ff768d1c1e17a42f44d644d7f22e8ee1d","","0","0","0","0.003783942","12.8281222311435","3436.05","","","Approve"
"0xcfa52f927d5be35404200a536b3215fad125b6e13d4f5cbd387ce9cc1fc22dc3","13227034","1631665130","2021-09-15 00:18:50","0xd2bc4e7ecfa4ec39069623854cd114dcd8771b84","0x0f83287ff768d1c1e17a42f44d644d7f22e8ee1d","","0","0","0","0.002649122480516653","8.98091645837534","3615.22","","","Approve"
"0x74b453efe417f04f3694d299c1ae4d63b9e2df0c5086a7018f0c63a53b5591fe","13228420","1631684168","2021-09-15 05:36:08","0xd98425ada2c00caed373a191c6deb492000d3934","0x0f83287ff768d1c1e17a42f44d644d7f22e8ee1d","","0","0","0","0.003223358","10.9276596783815","3615.22","","","Approve"
"0x0ea6cf753d882c9ddebc8aca0c6a60cacb6d87b05d9e5552eaa686d6729d6cbf","13229350","1631696359","2021-09-15 08:59:19","0xe0188ad346ce4d74e8c2ba432f1ef0e8855e2174","0x0f83287ff768d1c1e17a42f44d644d7f22e8ee1d","","0","0","0","0.003258288423772892","11.0460789738528","3615.22","","","Approve"
"0x82adccde63a71eee4221253bb01c2b02eafce80435b827fc30c57b53980e8852","13230106","1631706225","2021-09-15 11:43:45","0xd76f1c2764a5f22548713cde767b5b752170d6d7","0x0f83287ff768d1c1e17a42f44d644d7f22e8ee1d","","0","0","0","0.003153285","10.6901018592863","3615.22","","","Approve"
"0x888eb2535bcb8ff3fdb5023ea792cc04b1e5a2ec21678dcc104a8469cf3cfc0f","13230278","1631708715","2021-09-15 12:25:15","0xa0f2e2f7b3ab58e3e52b74f08d94ae52778d46df","0x0f83287ff768d1c1e17a42f44d644d7f22e8ee1d","","0","0","0","0.00420438","14.253469145715","3615.22","","","Approve"
"0x55f9196691a7cbf71d60ddb6dfedf5edd2213e5c683ec8e5d3a2d6fb2f032540","13231145","1631720015","2021-09-15 15:33:35","0x4d4008253b3e27b65606e896537fbdd85e780e15","0x0f83287ff768d1c1e17a42f44d644d7f22e8ee1d","","0","0","0","0.004634417127469982","15.7113585201068","3615.22","","","Approve"
"0x2676c182c7a8b2685bb11ca9c3154c8a865b8a5a7c01acf2adcc2fc547cd71f3","13231536","1631725157","2021-09-15 16:59:17","0x2f34ee226e149a1fe2d03e883df9544d84c1c47c","0x0f83287ff768d1c1e17a42f44d644d7f22e8ee1d","","0","0","0","0.004624818","15.6788160602865","3615.22","","","Approve"
"0xb49cc3e8a667ff0290c2f734a91b4f49d10abb61964a6c0a3bc5fe8f3367896f","13234554","1631765637","2021-09-16 04:13:57","0x8061199a31983a077e691c08b2263a4cf5c24093","0x0f83287ff768d1c1e17a42f44d644d7f22e8ee1d","","0","0","0","0.00363019515724018","12.3068977272861","3569.26","","","Approve"
"0x32c5a1464becb7f77f2403a337e0784245682d992c537b9e22cd4c4bd9d42e83","13234935","1631770930","2021-09-16 05:42:10","0x6fffe084f6413fa400bdb93b951e71e190d5d18a","0x0f83287ff768d1c1e17a42f44d644d7f22e8ee1d","","0","0","0","0.0036998544","12.5430528482292","3569.26","","","Approve"
"0x05307a757b142adc1c0e7d4ee28276f4a40e4402d788ed0ebeacd426441d77e9","13235449","1631777803","2021-09-16 07:36:43","0xe0188ad346ce4d74e8c2ba432f1ef0e8855e2174","0x0f83287ff768d1c1e17a42f44d644d7f22e8ee1d","","0","0","0","0.003813847131816904","12.9295050446977","3569.26","","","Approve"
"0xa6391be96350956207b41845e5a71f60ee2c4acbba24eb738758fcace9296a96","13239675","1631834056","2021-09-16 23:14:16","0x769a1ef6fbfa918d685ba02f3c2e45cfb902ebf7","0x0f83287ff768d1c1e17a42f44d644d7f22e8ee1d","","0","0","0","0.004156427761031253","14.0909039735353","3569.26","","","Approve"
"0xe5d6bd1d599224a08f373464433b991c515c831dfdddf964f324cd7c9130b6e3","13243465","1631885686","2021-09-17 13:34:46","0xf2ead986ad8efab75db76bfb62a24531e065c1ff","0x0f83287ff768d1c1e17a42f44d644d7f22e8ee1d","","0","0","0","0.015035479167083648","50.97249496931","3398.82","","","Transfer"
"0xe1db8f27a66bad26a9fec6e9fc8a5b22f59f87163b683bda3bbe10808a5c8a3d","13243474","1631885782","2021-09-17 13:36:22","0x54b4f0b9783de6d544db9f835d250a886d42d28b","0x0f83287ff768d1c1e17a42f44d644d7f22e8ee1d","","0","0","0","0.003728666811106402","12.6407311771906","3398.82","","","Approve"
"0x6493b2cf6d13fae7d77be868cfaa66d5ee4d402334d8707f52178f81636d1e33","13259001","1632091901","2021-09-19 22:51:41","0xc407d9993b29f0ada4a98686f134c78567d0f562","0x0f83287ff768d1c1e17a42f44d644d7f22e8ee1d","","0","0","0","0.005535767","18.7670677085248","3328.85","","","Approve"
"0x172927d4d622efa05d077a4e117d81894c5f7c0a81c0d9205a57d42c0831bd85","13260786","1632116266","2021-09-20 05:37:46","0x66ef4236cfe21fc47fbfa271a028966bd5f8aa7d","0x0f83287ff768d1c1e17a42f44d644d7f22e8ee1d","","0","0","0","0.004538492852018017","15.3861610592494","2966.51","","","Approve"
"0x72296b95cc2fd7739f63216dc59e835a0e96a495fd917e830b53e1ad462a00bd","13261532","1632126542","2021-09-20 08:29:02","0xb7d49adb031d6dbdf3e8e28f21c6dd3b6f231cd5","0x0f83287ff768d1c1e17a42f44d644d7f22e8ee1d","","0","0","0","0.0044075917","14.9423868210912","2966.51","","","Approve"
"0xa2a24459fbae5c7cacac2bacb617e1e364f81c272367b506acfcca4d68fc7e6b","13268383","1632217588","2021-09-21 09:46:28","0x0625faad99bcd3d22c91ab317079f6616e81e3c0","0x0f83287ff768d1c1e17a42f44d644d7f22e8ee1d","","0","0","0","0.002720911391001963","9.22429146743895","2760.20","","","Approve"
"0xbedbdfa36c07663b5cf9233c81cc4c7fe421283bb1319b9c31168a4b1a1571d4","13274959","1632305289","2021-09-22 10:08:09","0xbdfa4f4492dd7b7cf211209c4791af8d52bf5c50","0x0f83287ff768d1c1e17a42f44d644d7f22e8ee1d","","0","0","0","0.003223358","10.9276596783815","3078.88","","","Approve"
"0xfae3719dff66aee92853dfefb83a5e6fb247b4e66f14006d2c08301bcb1df3f6","13280949","1632386265","2021-09-23 08:37:45","0x530defd6c816809f54f6cfa6fe873646f6ecf930","0x0f83287ff768d1c1e17a42f44d644d7f22e8ee1d","","0","0","0","0.003523475649901668","11.9451028359833","3154.62","","","Approve"
"0x0360f40d36d52dddbabb7a230ebf7fac8261a482052a30c8cd4b0993ce59fd24","13285617","1632448337","2021-09-24 01:52:17","0x9e8c646220613d68eaf2b947f46c2b4f52bf3f45","0x0f83287ff768d1c1e17a42f44d644d7f22e8ee1d","","0","0","0","0.005047078624727083","17.1103419418666","2930.86","","","Approve"
"0x3734e3f7e111e09872d339d9535d8c8c0f7f87787a21081b187d649f90d4db31","13285771","1632450031","2021-09-24 02:20:31","0x4419a5c28b472dd89e9da027c7e9456e76d0fb25","0x0f83287ff768d1c1e17a42f44d644d7f22e8ee1d","","0","0","0","0.00350365","11.8778909547625","2930.86","","","Approve"
"0x7810b0c66ff16c736df07177f349d63abc54cb61aae983f49007df34e19ede74","13287345","1632471277","2021-09-24 08:14:37","0x749a826ad00b4cf1287c83145f3f187e3619ba73","0x0f83287ff768d1c1e17a42f44d644d7f22e8ee1d","","0","0","0","0.003516754044740187","11.9223156017707","2930.86","","","Approve"
"0xcb81cdbc4e6032ad442ddea2296a079c92449086e8d77454b7bde28aaf2773ed","13287575","1632473918","2021-09-24 08:58:38","0x7b9738c79b409e3c3b79f229e8bf1bc032c6b503","0x0f83287ff768d1c1e17a42f44d644d7f22e8ee1d","","0","0","0","0.002382482","8.0769658492385","2930.86","","","Approve"
"0xbe00c82273742adc38a555b819b019c8eda8b40e47b2eb85045930de3bb2cf82","13290225","1632509992","2021-09-24 18:59:52","0x99155306363ce4bb46b687a3191e0df4da6b7780","0x0f83287ff768d1c1e17a42f44d644d7f22e8ee1d","","0","0","0","0.004373064723416579","14.8253352711774","2930.86","","","Approve"
"0x7d621acce68cdeedc0b0ab8e1809f890080e431a676a2b3ad8f4f2a5865ccfe9","13305853","1632718714","2021-09-27 04:58:34","0x97020c9ec66e0f59231918b1d2f167a66026aff2","0x0f83287ff768d1c1e17a42f44d644d7f22e8ee1d","","0","0","0","0.003783942","12.8281222311435","2927.73","","","Approve"
"0x619381efcd7b02dfdfc97b445e97b463d09a0837c46ab04ead6072cdcdf4f025","13306783","1632731901","2021-09-27 08:38:21","0x330d96d8a4e54eb2806b82490255721aee8ea1a7","0x0f83287ff768d1c1e17a42f44d644d7f22e8ee1d","","0","0","0","0.003643796","12.353006592953","2927.73","","","Approve"
"0x7c283f7d9647a7957ae0f6825085e0bfb297c33eccdae5b0b613d82177116bf0","13308322","1632753008","2021-09-27 14:30:08","0xd8e847f8569c326698113e88a2cb40524269b254","0x0f83287ff768d1c1e17a42f44d644d7f22e8ee1d","","0","0","0","0.004003047749865849","13.5709230829603","2927.73","","","Approve"
"0x8b8e168b5079cd966386833782e147ed9b002fddf610683eaccb3819d0f507d1","13309724","1632770738","2021-09-27 19:25:38","0x5275817b74021e97c980e95ede6bbac0d0d6f3a2","0x0f83287ff768d1c1e17a42f44d644d7f22e8ee1d","","0","0","0","0.005395621","18.2919520703343","2927.73","","","Approve"
"0x64074cb9eec805a14fefed66e518d4c053f3c3ea0a8ecf123938e5f43156e398","13314005","1632829001","2021-09-28 11:36:41","0x410e08b3e64aac18ae18f2c5066d26e848ac8b9c","0x0f83287ff768d1c1e17a42f44d644d7f22e8ee1d","","0","0","0","0.004691976184910972","15.9064922257403","2807.44","","","Approve"
"0xe9eb21b5f45ba394e75c2f734aa4307209b7efb6026e18f9a4b0e6e3503818fb","13320064","1632910550","2021-09-29 10:15:50","0xb3bfb32977cfd6200ab9537e3703e501d8381c9b","0x0f83287ff768d1c1e17a42f44d644d7f22e8ee1d","","0","0","0","0.003049906516472285","10.3396335321386","2850.87","","","Approve"
"0xb4c9696e1709f01c115c861062cc4e30c2d79f2fb20bc91b82eb2dff82bd5dff","13320324","1632914069","2021-09-29 11:14:29","0x62d51fa08b15411d9429133ae5f224abf3867729","0x0f83287ff768d1c1e17a42f44d644d7f22e8ee1d","","0","0","0","0.003153285","10.6901018592863","2850.87","","","Approve"
"0xe0df76933864867e2715deeb2b938af5ca07d0d919941a7bad3a21e8ca29355e","13320440","1632915543","2021-09-29 11:39:03","0xa0fe21025d98df3ad2712f3307352ed20a33b75a","0x0f83287ff768d1c1e17a42f44d644d7f22e8ee1d","","0","0","0","0.00350365","11.8778909547625","2850.87","","","Approve"
"0xefb3768fcef1312f378835f47f4ecf3f028e853949b191be712a246f55f2a5a4","13326171","1632992672","2021-09-30 09:04:32","0x3dcdd9a8087a025d84fa7aa819148501099edd15","0x0f83287ff768d1c1e17a42f44d644d7f22e8ee1d","","0","0","0","0.003663400121750125","12.4194674610226","3000.83","","","Approve"
"0x334fc78253c0361fa0e56358df68aab5d976ecc9bf666463b05a2d995bae5f87","13331162","1633060741","2021-10-01 03:59:01","0x634eeef5d8314e0f0056c11f4d1b1837c32ba10f","0x0f83287ff768d1c1e17a42f44d644d7f22e8ee1d","","0","0","0","0.006026278","20.4299724421915","3310.63","","","Approve"
"0xbacf13a671b04cea0c0d81261b478640cb771999c22d5c8ca2f7c360a88e8897","13333930","1633097416","2021-10-01 14:10:16","0xd45ffba2c4df73c39c41f59bd2d8ac2067859386","0x0f83287ff768d1c1e17a42f44d644d7f22e8ee1d","","0","0","0","0.003877017720130423","13.1436626687572","3310.63","","","Approve"
"0x6a5ac28db09635c49e3b5f8d9db4c5361a8ee542595116a780b120288bb94378","13352565","1633350250","2021-10-04 12:24:10","0xf780db98028aec31a718a25151c98e7e9a5546ba","0x0f83287ff768d1c1e17a42f44d644d7f22e8ee1d","","0","0","0","0.004764964","16.153931698477","3384.50","","","Approve"
"0xd4ab1b00d2e987bc4cd17198e5cf74e2b638225a4fa19d2baec84b17c2d18028","13358281","1633426077","2021-10-05 09:27:57","0x163d8b117f10e265ef2908e2a2576ba5adcd51a7","0x0f83287ff768d1c1e17a42f44d644d7f22e8ee1d","","0","0","0","0.040852559","138.496208532531","3516.09","","","Approve"
"0xbe0aeef9fe8f98be5da9b41acce356f79dd1635c77314abbc47adcaef649e1f7","13358350","1633427121","2021-10-05 09:45:21","0x0a8a06071c878df9ec2b5f9663a4b08b0f8c08f4","0x0f83287ff768d1c1e17a42f44d644d7f22e8ee1d","","0","0","0","0.004911785261471982","16.6516774589282","3516.09","","","Approve"
"0x5f282eef281f051a37b8e638e7b03e915e59469ecc98615aa6e450a0fe96c6a1","13369196","1633574087","2021-10-07 02:34:47","0x308640f3b0398eacf378c610e82a1b3dc4985692","0x0f83287ff768d1c1e17a42f44d644d7f22e8ee1d","","0","0","0","0.008128468","27.556707015049","3588.20","","","Approve"
"0x80bca52813c8f2d99b3c2babd160b883d47a342e1d119f9324f473234ecc0c8e","13370925","1633598004","2021-10-07 09:13:24","0x7de76c466d40a94a487ae866d041c4b5272083e4","0x0f83287ff768d1c1e17a42f44d644d7f22e8ee1d","","0","0","0","0.006514692172535503","22.0857686210727","3588.20","","","Approve"
"0x96efab1befcd2749931388f9311cddfd0a7ad144cbd6429645cbee65e9105f9d","13370997","1633599078","2021-10-07 09:31:18","0x7de76c466d40a94a487ae866d041c4b5272083e4","0x0f83287ff768d1c1e17a42f44d644d7f22e8ee1d","","0","0","0","0.0038775942504629","13.1456171917322","3588.20","","","Approve"
"0x7b1d90fc395609c8e755620defa37f0f601a6183a63fca51a8787ad29192b4f6","13375041","1633653420","2021-10-08 00:37:00","0x2c38aae1a6a1994c6e841d9c19defad3f5770d81","0x0f83287ff768d1c1e17a42f44d644d7f22e8ee1d","","0","0","0","0.005745986","19.4797411658105","3562.84","","","Approve"
"0x8a44dd09bbb0d74c6143b87a2eac3a8529dc8c32732cfdb771a3f8fc63489893","13380101","1633721822","2021-10-08 19:37:02","0x8cd9f9c08c6a3f891bc570f1d6a3dc91c1f62bb0","0x0f83287ff768d1c1e17a42f44d644d7f22e8ee1d","","0","0","0","0.006596688807049903","22.3637493221758","3562.84","","","Approve"
"0x1238aff7f3ba36abb0cfea122157b81671c9eb6abc8f2213446dfd1252ca093d","13396557","1633945197","2021-10-11 09:39:57","0xa9b5779e85dcc1411c846300970cef06f167194b","0x0f83287ff768d1c1e17a42f44d644d7f22e8ee1d","","0","0","0","0.003821341805262236","12.9549130945671","3544.14","","","Approve"
"0x16204c5c069ebdd28c91db2b4a37a8c38338bdb091cd6c4c6bf93f1d4dab0e79","13409965","1634127614","2021-10-13 12:20:14","0xf60025a7f7ee5b69adb776e2302db2112e4efabc","0x0f83287ff768d1c1e17a42f44d644d7f22e8ee1d","","0","0","0","0.012061489585179528","40.8902310575446","3607.55","","","Transfer"
"0x0302b0cc6f08153532dd3d8605961fa066d3f92cef1034d3a735afaa44f1d9cd","13416381","1634215202","2021-10-14 12:40:02","0xdc7e791bcb59d9f67c745806afa0410b424ed636","0x0f83287ff768d1c1e17a42f44d644d7f22e8ee1d","","0","0","0","0.005123821501509453","17.3705116283295","3791.23","","","Approve"
"0x604e4b64f2c0295171a0f1becdf83260752a91eeb96212a26ea27f77e6cebfa3","13422761","1634302350","2021-10-15 12:52:30","0x071268cc88b68fc9bb31f726a499a27859432e0a","0x0f83287ff768d1c1e17a42f44d644d7f22e8ee1d","","0","0","0","0.006365233320259667","21.5790810382502","3868.16","","","Approve"
"0x083b712a9144910a3dc108ca9005e7828182df325a6071746bc79bdf8993b8dc","13441039","1634549587","2021-10-18 09:33:07","0x0cb556aebe39b3c9ef5cbe8b668e925db10a2d7d","0x0f83287ff768d1c1e17a42f44d644d7f22e8ee1d","","0","0","0","0.003815478432552198","12.9350353951174","3746.14","","","Approve"
"0xd6e7e03f135f6223d2022bca544f6a060a4515e00aa946c12556aadc7be73c56","13445479","1634609936","2021-10-19 02:18:56","0x0018412692cc84f223196dfc756ab184b44758d9","0x0f83287ff768d1c1e17a42f44d644d7f22e8ee1d","","0","0","0","0.004764964","16.153931698477","3877.45","","","Approve"
"0xc46b4fe5ecbb2551aadbe3e7ccad227c8696d95fa6fadbccec5046b940a1e698","13450763","1634681136","2021-10-19 22:05:36","0xe9920c2bdd13dfead70e4b4721d34f710cbb8cdb","0x0f83287ff768d1c1e17a42f44d644d7f22e8ee1d","","0","0","0","0.008037747848512029","27.2491523030276","3877.45","","","Approve"
"0x87107c0c75649354503322ef2e3dd001c685ad128eb56e81d85aea275c3d1113","13451305","1634688255","2021-10-20 00:04:15","0x6be8ef6207b4114a52ae5011fe8846da2af8f281","0x0f83287ff768d1c1e17a42f44d644d7f22e8ee1d","","0","0","0","0.005201398888369992","17.6335104272064","4162.49","","","Approve"
"0xa64be63cf8b41a112bed437b3cf0bd26f70c2ae64428136030204e95f1c62eb4","13453481","1634717694","2021-10-20 08:14:54","0x1c883820af4e18178069258ea61e1cd0a6b1de41","0x0f83287ff768d1c1e17a42f44d644d7f22e8ee1d","","0","0","0","0.003860564205050092","13.087882822612","4162.49","","","Approve"
"0xe4b3918cc2fd1ad09152960faee02577b6a7d143ab58338423b664bda8e3a3ad","13453518","1634718073","2021-10-20 08:21:13","0xf9303877f107f5cd2cb0654b6d7a6d749fa03856","0x0f83287ff768d1c1e17a42f44d644d7f22e8ee1d","","0","0","0","0.003237011795244168","10.973948060791","4162.49","","","Approve"
"0xd7442af7e43d3fa5fa42e7215528a21cb4996b55715e806cb0714685af42b6e2","13460569","1634813791","2021-10-21 10:56:31","0x976fdc5dfa145e3cbc690e9fef4a408642732952","0x0f83287ff768d1c1e17a42f44d644d7f22e8ee1d","","0","0","0","0.004490033294549709","15.2218760024302","4062.76","","","Approve"
"0xf3c32f34bc79c0de9dfa0b3fb50a9c0ddc734ab263f089f288459dc489b03a0d","13486477","1635163429","2021-10-25 12:03:49","0x4208c5c5c4260f9a4c6d732b50bd5a3b10ea4aa9","0x0f83287ff768d1c1e17a42f44d644d7f22e8ee1d","","0","0","0","0.003342889648719929","11.3328896211949","4220.26","Error(0)","Reverted","Transfer"
"0xa9dd57dfee32d3964bf9650266b272d5349ca55b644b4a2df69ca9a88f2809f6","13486484","1635163548","2021-10-25 12:05:48","0x4208c5c5c4260f9a4c6d732b50bd5a3b10ea4aa9","0x0f83287ff768d1c1e17a42f44d644d7f22e8ee1d","","0","0","0","0.004504108526495515","15.2695931175002","4220.26","Error(0)","Reverted","Transfer"
"0x86c9c2c4e680196eee88ff0d9fc3aefdb447540b7b05727942860680e1de94b2","13486761","1635166880","2021-10-25 13:01:20","0x0f65c7d2faac5b30d00840b775663792588528e1","0x0f83287ff768d1c1e17a42f44d644d7f22e8ee1d","","0","0","0","0.004484672","15.203700422096","4220.26","","","Approve"
"0x200eee567392721a478d9627eaa6ee286101cbe76a102676ac1d8d3a305079f3","13504842","1635412305","2021-10-28 09:11:45","0xa1bfd11f4b0b0a20fec87636cc1716262abd8eee","0x0f83287ff768d1c1e17a42f44d644d7f22e8ee1d","","0","0","0","0.007727136954346253","26.1961354976212","4288.22","","","Approve"
"0x2025f90a1f0ee5b41d2ec26c5d01b8d0831903a8f21a91e01c8ad95082f7c1d3","13531175","1635769582","2021-11-01 12:26:22","0xfdcd5daf992a68f297647074221cf51a3c23e4ed","0x0f83287ff768d1c1e17a42f44d644d7f22e8ee1d","","0","0","0","0.00819744391679083","27.7905455600367","4322.79","","","Approve"
"0x0d534a12d81d431f0b2ab0bd38953019d555a857723ec032c839a458afcc6cb2","13536925","1635847898","2021-11-02 10:11:38","0x9dd7d26c9f58fc873a5ce8e4b08393279c8efaa0","0x0f83287ff768d1c1e17a42f44d644d7f22e8ee1d","","0","0","0","0.009424090547059938","31.9490588003328","4593.15","","","Approve"
"0xb676242ed5e5b7044b126410d52143589ec717efb4e0df3e6ef7e7f750f9814c","13543209","1635933316","2021-11-03 09:55:16","0x022766b23fef0f84b3c654e954141b0b4e38005c","0x0f83287ff768d1c1e17a42f44d644d7f22e8ee1d","","0","0","0","0.008737557870605979","29.6216116330069","4604.40","","","Approve"
"0xa1848fc867f30699caf496ed6eb2318e7c3eacec5a6cf281f0dac41188fb1ad7","13543292","1635934525","2021-11-03 10:15:25","0x4208c5c5c4260f9a4c6d732b50bd5a3b10ea4aa9","0x0f83287ff768d1c1e17a42f44d644d7f22e8ee1d","","0","0","0","0.024962524754191232","84.6266456369338","4604.40","","","Transfer"
"0x55e38b85ef8b04e8ef8c878aabd79b03a8b681b69945da683a9bba095026e68f","13556517","1636114384","2021-11-05 12:13:04","0xac3f031a662f14263ebb2b5a712763662e00db89","0x0f83287ff768d1c1e17a42f44d644d7f22e8ee1d","","0","0","0","0.011010542395842329","37.3273648710929","4480.09","","","Approve"
"0x68e795dfd41c8bbc40e73bd75ca3290ed8ef34ff52861739806194284b67032b","13572016","1636323079","2021-11-07 22:11:19","0x577ebc5de943e35cdf9ecb5bbe1f7d7cb6c7c647","0x0f83287ff768d1c1e17a42f44d644d7f22e8ee1d","","0","0","0","0.010033612928192722","34.0154296928541","4617.13","","","Approve"
"0x171479998c713dc7690049ca86e32ec7381405e795d455053b7e0be1e5370891","13578370","1636409898","2021-11-08 22:18:18","0x777bd6bdc17d8970a20ce5181f66c3e3333cc980","0x0f83287ff768d1c1e17a42f44d644d7f22e8ee1d","","0","0","0","0.008488205145611612","28.7762690683227","4810.97","Error(0)","Reverted","Transfer"
"0x74bc58c04a0b2126276cd2e8eb90f2ca9dbc941886feb4dffdfe5d409bfc3a89","13578454","1636410985","2021-11-08 22:36:25","0x777bd6bdc17d8970a20ce5181f66c3e3333cc980","0x0f83287ff768d1c1e17a42f44d644d7f22e8ee1d","","0","0","0","0.008275760882192642","28.056051639397","4810.97","","","Approve"
"0x61d3673b886d3516f777f261ff720ccefaccea93167aedf5ad2074d847340310","13616531","1636927356","2021-11-14 22:02:36","0x5ea12341d073ec5a1226b85f0478413a19081535","0x0f83287ff768d1c1e17a42f44d644d7f22e8ee1d","","0","0","0","0.007275010212412025","24.6633590677761","4627.50","","","Approve"
"0xd419f4b0086d6a14bd05f6af3df48ed93d4b0cbfa75c40a561fd5afd33bbd167","13616534","1636927409","2021-11-14 22:03:29","0x1bd953b21a0d1ed1a6de09421d99b19372c053b7","0x0f83287ff768d1c1e17a42f44d644d7f22e8ee1d","","0","0","0","0.008493045591611865","28.79267889515","4627.50","","","Approve"
"0xe2bf517e00edfd9214aad41273d7be00912f5a49e1f5ec3e36f0262bc32b5505","13626185","1637059910","2021-11-16 10:51:50","0xd0000d82238adc78c8ce213a30f3ae32de7b000d","0x0f83287ff768d1c1e17a42f44d644d7f22e8ee1d","","0","0","0","0.007914161816672062","26.8301774026446","4210.14","","","Approve"
"0x02501838aa353bf24b0602d078701db1f233357b4e1b9442478335dfa5615d4d","13626728","1637067639","2021-11-16 13:00:39","0xd1e9bb87a67a63221c7a4eb9e4e1ab66422fcdde","0x0f83287ff768d1c1e17a42f44d644d7f22e8ee1d","","0","0","0","0.008338687","28.2693804723348","4210.14","","","Approve"
"0xda21e48e03e7164d2967dbfd7e67b754bf1377fe2e16c36dfba136ec91271e8a","13644452","1637308408","2021-11-19 07:53:28","0x0ea4a285e1353f490ec7f473ab3174cac71cf79a","0x0f83287ff768d1c1e17a42f44d644d7f22e8ee1d","","0","0","0","0.007016633751197252","23.7874247045873","4299.27","","","Approve"
"0x4b5576ebd0e2fef1eb54e23ad7e343c0c4afd29919f775a30268ce7be44e54c5","13663130","1637565585","2021-11-22 07:19:45","0xa877087570b53bb0110b2bea9413ba00899612a8","0x0f83287ff768d1c1e17a42f44d644d7f22e8ee1d","","0","0","0","0.00728609041928187","24.7009226055028","4090.46","","","Approve"
"0xdf2b4d91483d53382573a88aa17eb83ad323a2cadf40af352f517b0cb3af9d58","13732430","1638518474","2021-12-03 08:01:14","0x63f6e20f416fcc4ebf384d663862523a59dbe608","0x0f83287ff768d1c1e17a42f44d644d7f22e8ee1d","","0","0","0","0.00507072982647777","17.1905230088521","4219.32","","","Approve"
"0x3f2d28266e1a7b905c297cc424a7f39fada3873414e8d5aa8ee7839948a9ae40","13732518","1638519917","2021-12-03 08:25:17","0x63f6e20f416fcc4ebf384d663862523a59dbe608","0x0f83287ff768d1c1e17a42f44d644d7f22e8ee1d","","0","0","0","0.005920040029893066","20.0698100332222","4219.32","","","Approve"
"0xbb80a8f5f9c49f5f137c62dcec38589692e62453617a8026c05e3b8063b9edb4","13732535","1638520153","2021-12-03 08:29:13","0xedae17369d4796e10550c1307f2efc5b7cd6f321","0x0f83287ff768d1c1e17a42f44d644d7f22e8ee1d","","0","0","0","0.01260756","42.7414904130337","4219.32","","","Approve"
"0x62a61df9bdbe3fae4b494ae517b293fe8fddeb5d5fe3da9fc54a0551a56401bb","13732690","1638522261","2021-12-03 09:04:21","0x63f6e20f416fcc4ebf384d663862523a59dbe608","0x0f83287ff768d1c1e17a42f44d644d7f22e8ee1d","","0","0","0","0.005505152590277634","18.6632803381177","4219.32","","","Approve"
"0x76616d14dbae56860c35efe128bd0bf4a158406f6053e8edd3bff65bd82a5259","13757024","1638858450","2021-12-07 06:27:30","0x44bae88dff5410a3649fddcca476f6e6bf0ac9f7","0x0f83287ff768d1c1e17a42f44d644d7f22e8ee1d","","0","0","0","0.00526231456073918","17.8400235531857","4309.70","","","Approve"
"0xf8bf8b11db160aa31ad9836ebf997527a88808f4bcb285e0fae29676d161f27a","13779280","1639164140","2021-12-10 19:22:20","0x548b363f28234fe88a72d628c5350e37640429bc","0x0f83287ff768d1c1e17a42f44d644d7f22e8ee1d","","0","0","0","0.004834809533942626","16.3907183740432","3902.49","","","Approve"
"0xd6f334d2a375e83a1394f2f539b276410efba9ba60cd4579a38ee18cd24bf741","13791337","1639326047","2021-12-12 16:20:47","0xfdcd5daf992a68f297647074221cf51a3c23e4ed","0x0f83287ff768d1c1e17a42f44d644d7f22e8ee1d","","0","0","0","0.002897226555589196","9.82202591541125","4135.31","","","Approve"
"0xc096c3872f0198ced10dfbd0e32cfcb841d879edceea5d9c453b74b8ebffb88c","13792807","1639344591","2021-12-12 21:29:51","0xa0f75491720835b36edc92d06ddc468d201e9b73","0x0f83287ff768d1c1e17a42f44d644d7f22e8ee1d","","0","0","0","0.005398620382351476","18.3021204194851","4135.31","","","Approve"
"0x23a8a2be9f67a7aedbc99bfe113af1cb9a67d8ddd5586e50aa86fc0d3dd3f753","13838631","1639957543","2021-12-19 23:45:43","0x3ef34992e0dfa7f4ac8e5c143eb219ccd0ad4cef","0x0f83287ff768d1c1e17a42f44d644d7f22e8ee1d","","0","0","0","0.00385231","13.059899848427","3924.55","","","Approve"
"0x736cc2c59d5855e5e172f5a4a0818c5aa6fa67a76c69f70e5619a2c335576cb1","13914988","1640979163","2021-12-31 19:32:43","0xa0fe21025d98df3ad2712f3307352ed20a33b75a","0x0f83287ff768d1c1e17a42f44d644d7f22e8ee1d","","0","0","0","0.009072992","30.7587828719857","3675.79","","","Transfer"
"0x0c1129f8802b4503b659fea2851f02e9bf1e194b26c2a14baff36b849891f49b","13921409","1641065265","2022-01-01 19:27:45","0x9d93fea994e5c2235456755b374ec25d3e5032eb","0x0f83287ff768d1c1e17a42f44d644d7f22e8ee1d","","0","0","0","0.009917374033252672","33.621362671662","3766.74","","","Transfer"
"0x841e6774ac31d908dd43a91bce12407f7e2714d594ce704752a4e136557ad05c","13926653","1641135065","2022-01-02 14:51:05","0x7ccc29ed1d99aba17304fffed1f794f36824867a","0x0f83287ff768d1c1e17a42f44d644d7f22e8ee1d","","0","0","0","0.006407868088764016","21.7236192002173","3830.92","","","Approve"
"0x8ccc8c0a9198e6a7b05a1259f2e7b3f27b23c3672846e0508908d7dec3922ff3","13950872","1641458865","2022-01-06 08:47:45","0xfa31dcff7bed47232b82b50fc0ec9582b9b4fb3a","0x0f83287ff768d1c1e17a42f44d644d7f22e8ee1d","","0","0","0","0.007184195194737428","24.3554827453712","3406.48","","","Approve"
"0x116c53a3f093a5a15cc60c262c1355f1383e7195e310056a3af775bd266f98fb","14019751","1642378151","2022-01-17 00:09:11","0xb787fd72a6fe47ce31bdb4ccfb65204849c2a957","0x0f83287ff768d1c1e17a42f44d644d7f22e8ee1d","","0","0","0","0.008124124464567692","27.5419817884359","3210.90","","","Approve"
"0xad0363e93a696cfb902d64f044910eac1f3af953641cc315cce32867ca227a97","14040717","1642658906","2022-01-20 06:08:26","0xc803698a4be31f0b9035b6eba17623698f3e2f82","0x0f83287ff768d1c1e17a42f44d644d7f22e8ee1d","","0","0","0","0.008042680042737004","27.265873169887","3002.43","","","Approve"
"0xdab3a600e12e5760236bf8ba1e0963c627b9634cf7cac1f7cdf7c3b234fff9ce","14050053","1642783336","2022-01-21 16:42:16","0xd1a992417a0abffa632cbde4da9f5dcf85caa858","0x0f83287ff768d1c1e17a42f44d644d7f22e8ee1d","","0","0","0","0.008331559183717462","28.2452161224284","2569.59","","","Approve"
"0x90c26c2fc955adc741019cf9659f48aab21117ed767b4e9e61d089bee77d6c1a","14053268","1642825901","2022-01-22 04:31:41","0x0c1f01df7f044bde6127b0bc3918740f81f3e5f4","0x0f83287ff768d1c1e17a42f44d644d7f22e8ee1d","","0","0","0","0.009768203722768988","33.1156532881296","2412.23","","","Approve"
"0x352bcbab0e3873c6237b4625950c6787c484c0ae06f9e6dc1739a27c8b0c8178","14073618","1643098548","2022-01-25 08:15:48","0xf555ea7a85c2cf13db640148e2d4c8a8027e8ef4","0x0f83287ff768d1c1e17a42f44d644d7f22e8ee1d","","0","0","0","0.004760744108548428","16.1396256432196","2459.65","Error(0)","Reverted","Transfer"
"0x7accf73a94188c927fea007bbfab017f8d85ff756c78a4a50701fe42224509fc","14073635","1643098738","2022-01-25 08:18:58","0xf555ea7a85c2cf13db640148e2d4c8a8027e8ef4","0x0f83287ff768d1c1e17a42f44d644d7f22e8ee1d","","0","0","0","0.005383253453392878","18.2500242607707","2459.65","","","Approve"
"0x869090ecfe19f437a70d970c9b35ca59962479f13e8e2c9edf42b760ff705dfb","14120402","1643722474","2022-02-01 13:34:34","0x63651df2a18fda212498a0a5216c5384b76ff108","0x0f83287ff768d1c1e17a42f44d644d7f22e8ee1d","","0","0","0","0.005815469606039954","19.7153008523335","2790.15","","","Approve"
"0x50db43a6bcae671c5636daf3bd6df731ba07a32c350862d086408b5af2cd9a13","14132564","1643885479","2022-02-03 10:51:19","0x8ce17ff2c7376e9adfe9c63c47a801097fa6c525","0x0f83287ff768d1c1e17a42f44d644d7f22e8ee1d","","0","0","0","0.00459231415890359","15.5686232384709","2697.18","","","Approve"
"0xc9ab6d0f806b7a6b1f1fab5e86644a2b7a858100922b19c9684d4ed194422788","14135961","1643930395","2022-02-03 23:19:55","0x65aba0bcaa72daf4ab9512a9c73f4fa813f02f82","0x0f83287ff768d1c1e17a42f44d644d7f22e8ee1d","","0","0","0","0.007725090470787522","26.1891976161115","2697.18","","","Approve"
"0x23656cc89787b267c081c11e6bcce4f3e0b8a27aaa378d85bcd75b7e903d6bdb","14152118","1644145360","2022-02-06 11:02:40","0xd0000d82238adc78c8ce213a30f3ae32de7b000d","0x0f83287ff768d1c1e17a42f44d644d7f22e8ee1d","","0","0","0","0.001681174649156026","5.69943035365587","3057.68","","","Approve"
"0x5e624a3764e048cc6a10e52168c172024fb001329ea9423781b1e8688a9b12c3","14159684","1644246894","2022-02-07 15:14:54","0x40da1406eeb71083290e2e068926f5fc8d8e0264","0x0f83287ff768d1c1e17a42f44d644d7f22e8ee1d","","0","0","0","0.009071852331010112","30.754919225792","3141.38","","","Approve"
"0x43db17f11c0263a412b25fee95b08dd7fbf6d86af145534c541316259126f918","14165450","1644323633","2022-02-08 12:33:53","0x7374bb48a5fdc16c9b216f3fcc60b105c73d1806","0x0f83287ff768d1c1e17a42f44d644d7f22e8ee1d","","0","0","0","0.006032794202287762","20.4520633303262","3118.76","","","Approve"
"0x5a4a57c0d5c1b3fa349925897bce5af8f03ff56c3e579f97fb92e7f11c682120","14168969","1644371101","2022-02-09 01:45:01","0xc9d8b8624e0646f1fbde5298cad649ac2cde1f7d","0x0f83287ff768d1c1e17a42f44d644d7f22e8ee1d","","0","0","0","0.003960657449317898","13.4272137034709","3246.72","","","Approve"
"0x7edb53465a6f939804a64879570501e8413c4d48d5ce667c0a6ac46e642a76b0","14176131","1644466389","2022-02-10 04:13:09","0x43b710129d997f19d996d8529ae5ed44839ccfcf","0x0f83287ff768d1c1e17a42f44d644d7f22e8ee1d","","0","0","0","0.005630320095747634","19.0876166676747","3074.84","","","Approve"
"0xda740790abf20c66ae9b8ee697c7651d47c442e95f9671d92cff22f4c5ca8753","14249315","1645444927","2022-02-21 12:02:07","0x61ec1b16aa91610528018a5fbb988b137d3a8b8d","0x0f83287ff768d1c1e17a42f44d644d7f22e8ee1d","","0","0","0","0.004140692674879418","14.0375597075626","2570.15","","","Approve"
"0x8166a81b647fa162b6c54c932107c8dbc7b1612f5538652ca582f5e70722a609","14263702","1645637791","2022-02-23 17:36:31","0x4530f1232a8dccf18453446f6fbcb86ade5e5eff","0x0f83287ff768d1c1e17a42f44d644d7f22e8ee1d","","0","0","0","0.004802785979931786","16.2821537963815","2580.97","","","Approve"
"0x7012e95ea7650bd6635c7ad7880b3ac5a8fe75f530b3ba9b007f02ca529de8b1","14384154","1647253504","2022-03-14 10:25:04","0xb941f9b7566e7108332a9ec187d222a1cc05e422","0x0f83287ff768d1c1e17a42f44d644d7f22e8ee1d","","0","0","0","0.001364771712964576","4.62677767035453","2591.45","","","Approve"
"0xa266cc7d20c694403ab1e5f9e32ff7291ba5aa44606977cd6976cd8efd23940f","14384174","1647253746","2022-03-14 10:29:06","0xb941f9b7566e7108332a9ec187d222a1cc05e422","0x0f83287ff768d1c1e17a42f44d644d7f22e8ee1d","","0","0","0","0.001225154686870968","4.15345533183096","2591.45","","","Approve"
"0xa2693a2068da79b0186f15beb681bd9d5a010f4440b24eaeab7dd6c8a42ad8a5","14471853","1648432317","2022-03-28 01:51:57","0xb2fbf923588764859c3a7ad2ddf90e4d24ed3005","0x0f83287ff768d1c1e17a42f44d644d7f22e8ee1d","","0","0","0","0.00245147","8.31084535808989","3334.29","","","Approve"
"0xed59fece63d6d3403d05126d3b0b51e302113f415e934952fbe257ef63178a43","14481365","1648560663","2022-03-29 13:31:03","0x3c55295804439e63d87376815056c487551f94a2","0x0f83287ff768d1c1e17a42f44d644d7f22e8ee1d","","0","0","0","0.003345756594826772","11.342608991917","3402.62","","","Approve"
"0x13ebd131ac23de73aa207ba9bbf42eb19553fbbd813686ffd61c4ab7fba057de","14481564","1648563221","2022-03-29 14:13:41","0x577ebc5de943e35cdf9ecb5bbe1f7d7cb6c7c647","0x0f83287ff768d1c1e17a42f44d644d7f22e8ee1d","","0","0","0","0.002170479565537116","7.35824628572779","3402.62","","","Approve"
"0x70006fd8e0f50081e129f3b85e967417be8a345842985de6c110e766f6b7886d","14483496","1648588802","2022-03-29 21:20:02","0x762647e9343049a24102095e7894f9c0eb2fa1a6","0x0f83287ff768d1c1e17a42f44d644d7f22e8ee1d","","0","0","0","0.003782137475472244","12.8220046264838","3402.62","","","Approve"
"0xe0670959b9fc4458ce7ddc3f222415820081ef35b9b06fa575d19c5f32a540fd","14486409","1648627690","2022-03-30 08:08:10","0x2b7c013fd7cd09d315fc431030db55d58ffac21e","0x0f83287ff768d1c1e17a42f44d644d7f22e8ee1d","","0","0","0","0.002381428","8.07339263357303","3385.11","","","Approve"
"0x77e578b23b5c0ecb85ceba57e7aaf60765a846cabedeb8925dbda6f928a22646","14493488","1648723465","2022-03-31 10:44:25","0x418e78939dc368196669a5a58da6934d4be6144b","0x0f83287ff768d1c1e17a42f44d644d7f22e8ee1d","","0","0","0","0.002132746311418576","7.23032498143416","3282.78","","","Approve"
"0x675ca365ea356e2ef13efb96a9a72c9ae6bfc32045eb650eca75148ac5508f88","14519649","1649076794","2022-04-04 12:53:14","0x2489ac126934d4d6a94df08743da7b7691e9798e","0x0f83287ff768d1c1e17a42f44d644d7f22e8ee1d","","0","0","0","0.00317179989097132","10.7528700741469","3520.15","","","Approve"
"0x17c82670c7390f0a81a48be734660b4ba084e9806750afbd80cdb6a8c8a75776","14524879","1649147938","2022-04-05 08:38:58","0x2489ac126934d4d6a94df08743da7b7691e9798e","0x0f83287ff768d1c1e17a42f44d644d7f22e8ee1d","","0","0","0","0.01542558310181406","52.2950049225735","3406.48","","","Transfer And Settle"
"0xe4980a118226132677d62ef8b371e1077820e646c601d3249724018bdee0c4f7","14525076","1649150689","2022-04-05 09:24:49","0x017b3763b8a034f8655d46345e3eb42555e39064","0x0f83287ff768d1c1e17a42f44d644d7f22e8ee1d","","0","0","0","0.00309360431751077","10.4877755313959","3406.48","","","Approve"
"0x83c0b702d7eb580656ee442d35d7a38375f43c348e9bf9d7ad8266d546251951","14530043","1649217073","2022-04-06 03:51:13","0x3d37cfa2e89a04b3704bd64bc2c9ab9dcd448b9a","0x0f83287ff768d1c1e17a42f44d644d7f22e8ee1d","","0","0","0","0.004020409219572312","13.6297810293841","3168.91","","","Approve"
"0x3c296a0c3f4d0d74b9b1e042b8553eca2caa7d16ac710590aa5cbf791b9d155f","14532143","1649245413","2022-04-06 11:43:33","0xf43329e22126e927f108c228b207f84d89faa6ff","0x0f83287ff768d1c1e17a42f44d644d7f22e8ee1d","","0","0","0","0.00369128741408182","12.5140095007067","3168.91","","","Approve"
"0x61789026d17bae09daaa5e0013a2ce3d263af7af89c573c90028ceabd0bf151c","14535924","1649296316","2022-04-07 01:51:56","0x773d161310d07cafc6f767ca24f43e52163b9be6","0x0f83287ff768d1c1e17a42f44d644d7f22e8ee1d","","0","0","0","0.004451813356191922","15.092304766687","3229.28","","","Approve"
"0xd02aeea170a8ae3f090a20d42b32d33afc935010b3951e93150e505c8424991e","14536004","1649297655","2022-04-07 02:14:15","0x50dfdf7836c90db447ae6dd83a3eee2b0417d051","0x0f83287ff768d1c1e17a42f44d644d7f22e8ee1d","","0","0","0","0.004177349041691126","14.1618302048403","3229.28","","","Approve"
"0xc37a49b0632f051404f80d5ab44a771e8f9ef8900d690015604829c23dfb4649","14536530","1649304662","2022-04-07 04:11:02","0xd96bbd75508de21ff3e09a9e96d156bff4eac9b2","0x0f83287ff768d1c1e17a42f44d644d7f22e8ee1d","","0","0","0","0.00257791352222096","8.73950757288778","3229.28","","","Approve"
"0x245000d4e8af5b92a1b089c46df78825abf2d02094bc55cfa1947c9a88c33a33","14543082","1649392822","2022-04-08 04:40:22","0x4c58965919f5537814eb8025922539aaac442f92","0x0f83287ff768d1c1e17a42f44d644d7f22e8ee1d","","0","0","0","0.002691891095987898","9.12590838132815","3192.92","","","Approve"
"0xa94ed53be56d061f95c1ff1b5da3ef92e6aba95f2467cc97956a974f84297e97","14543787","1649402638","2022-04-08 07:23:58","0xc3e11b4eb0c561d168185df77f48205a5bcf0140","0x0f83287ff768d1c1e17a42f44d644d7f22e8ee1d","","0","0","0","0.002371555726767948","8.03992416927839","3192.92","","","Approve"
"0xadc6538d01fe1c6fe55c69cdd5e3ec6b18eeeef76ae8af2e64500a4f0934a85b","14544359","1649410570","2022-04-08 09:36:10","0x41bc7d0687e6cea57fa26da78379dfdc5627c56d","0x0f83287ff768d1c1e17a42f44d644d7f22e8ee1d","","0","0","0","0.00219984571440907","7.45780186749605","3192.92","","","Approve"
"0x1b073aad3b4c21f091535a79470ba30bf0e822347e5a67314290d74032ffae76","14545326","1649423566","2022-04-08 13:12:46","0x4e65175f05b4140a0747c29cce997cd4bb7190d4","0x0f83287ff768d1c1e17a42f44d644d7f22e8ee1d","","0","0","0","0.003221932","10.9228253277753","3192.92","","","Approve"
"0x1517e18a75d85d94d2c692146c9174d9ce987b2ec10054d3845fa0e856ed1108","14546448","1649438308","2022-04-08 17:18:28","0x4fcbd0c9c74afdcd9dc2855e46ac703cf115c119","0x0f83287ff768d1c1e17a42f44d644d7f22e8ee1d","","0","0","0","0.00245147","8.31084535808989","3192.92","","","Approve"
"0xbcb25a7b7c519dd4c588c75a016cdf1966a6799c1fd0a45a45864402131784a7","14560698","1649630686","2022-04-10 22:44:46","0xaf184b4cbc73a9ca2f51c4a4d80ed67a2578e9f4","0x0f83287ff768d1c1e17a42f44d644d7f22e8ee1d","","0","0","0","0.002129585631777954","7.21960981065105","3202.89","","","Approve"
"0x21693534082350af6ca0ca94d31c6ed48438825708074af308731a053d153c26","14562735","1649657964","2022-04-11 06:19:24","0x9dea480cafef5538f42720ffbd57ae55e53f3bfa","0x0f83287ff768d1c1e17a42f44d644d7f22e8ee1d","","0","0","0","0.001596032686494666","5.41078652560053","2979.52","","","Approve"
"0x49d31c0fe92c24250cd9ab7b4e15e3eabe5a082a0dd305cbaa545360b271b870","14563068","1649662330","2022-04-11 07:32:10","0x9ade31f7baabf784a94200abce297df859eb3350","0x0f83287ff768d1c1e17a42f44d644d7f22e8ee1d","","0","0","0","0.002846449160348976","9.64988304622334","2979.52","","","Approve"
"0x36772071893da6d69792576318c8fcc7250d20c78ab5bfc1021e5515b8df9e07","14564209","1649677487","2022-04-11 11:44:47","0x1e6dfc5287c5357d55bf897d5b57481cf645cbf4","0x0f83287ff768d1c1e17a42f44d644d7f22e8ee1d","","0","0","0","0.002731949251659012","9.26171144525017","2979.52","","","Approve"
"0x482aedfbb5c0e3686195dcfa694bbe80adc347e91903f1fa3d4d735eb13e54bd","14567417","1649720913","2022-04-11 23:48:33","0xaa5cda5e790aa465756cf8a0836c6e4bcdccdf4d","0x0f83287ff768d1c1e17a42f44d644d7f22e8ee1d","","0","0","0","0.002418096195084416","8.1977032304422","2979.52","","","Approve"
"0x5f21dc934958b86baabdd2744aaf37f07023af5698ee9db192fbd2a44bcf2f0d","14570385","1649762237","2022-04-12 11:17:17","0x35a807f9dd68c7b03a992477f85cf5a08ee9a69e","0x0f83287ff768d1c1e17a42f44d644d7f22e8ee1d","","0","0","0","0.002426257134581938","8.22537002062957","3028.77","","","Approve"
"0x0b6f6dd6cce29c1d57c132d0ab4b0397821c7e10706b4cae4719c67b58b5330c","14576471","1649843987","2022-04-13 09:59:47","0x2f361e48a3a6631429f35376eccb2ad79cfb5db2","0x0f83287ff768d1c1e17a42f44d644d7f22e8ee1d","","0","0","0","0.002585961035073304","8.766789829996","3118.50","","","Approve"
"0x755d4bcfac6f288d554af6356d220a421f0bd0759f46cef61ac79e97ec4780b7","14585664","1649967747","2022-04-14 20:22:27","0xc255e0a1be0a4b7b8bf5ebe8d0aba162cf75bae2","0x0f83287ff768d1c1e17a42f44d644d7f22e8ee1d","","0","0","0","0.002777740301534044","9.41694986721576","3021.76","","","Approve"
"0x13eb7d3fcce66578b8e088a19f8cb3dcc08299f6ee2d266aebd8115a59413b98","14589209","1650015981","2022-04-15 09:46:21","0x948f9c9c671fad186281a30c932d75b44da88773","0x0f83287ff768d1c1e17a42f44d644d7f22e8ee1d","","0","0","0","0.001960694097101642","6.64704256447414","3041.21","","","Approve"
"0xac9ccc948f2f2f104262f15ef1b105fc03952ae38f51ff1896dbe50769cb9423","14591242","1650043074","2022-04-15 17:17:54","0x639ade8805c0081ea5da9495bb50751003e827cc","0x0f83287ff768d1c1e17a42f44d644d7f22e8ee1d","","0","0","0","0.003066961949995762","10.3974539707035","3041.21","","","Approve"
"0x171300aba4156b6523742690bd63d1b535e4ca88e983771e19b66025447f7a61","14595764","1650104479","2022-04-16 10:21:19","0x44da00f9edf2d02fa37fa73fbe3ee4db5019f068","0x0f83287ff768d1c1e17a42f44d644d7f22e8ee1d","","0","0","0","0.001703222086879852","5.77417442373008","3060.28","","","Approve"
"0xeb08cfcffe95ff5ffce24e83ac6414b1ddcb938ddf2b720d521dbf6f4b9970b3","14605232","1650231811","2022-04-17 21:43:31","0x158c4b3c58ad75794c2d13bf7c9e5911c20be24d","0x0f83287ff768d1c1e17a42f44d644d7f22e8ee1d","","0","0","0","0.002041038934057018","6.91942342789775","2988.40","","","Approve"
"0xc703d8197f538c3165aa06e29c3767a37ec35b02e5aca2ecc3f6de735f4a3ef6","14627231","1650529554","2022-04-21 08:25:54","0xbee2777c5b5258a23ff51ac5d4713b2e24ae4d9f","0x0f83287ff768d1c1e17a42f44d644d7f22e8ee1d","","0","0","0","0.002637674137309092","8.94210488409363","2984.24","","","Approve"
"0xc28e7088775a32614ef5cbdcae38b276b914c56d62283dd7b99855afdb248d24","14629322","1650558121","2022-04-21 16:22:01","0x66b870ddf78c975af5cd8edc6de25eca81791de1","0x0f83287ff768d1c1e17a42f44d644d7f22e8ee1d","","0","0","0","0.003878748066347812","13.1495287979893","2984.24","","","Approve"
"0xdb3c34a088cb8a62c42901ff473c43901255877f7ec96d24c77431c762e34536","14640831","1650713985","2022-04-23 11:39:45","0x50dfdf7836c90db447ae6dd83a3eee2b0417d051","0x0f83287ff768d1c1e17a42f44d644d7f22e8ee1d","","0","0","0","0.00447117076966048","15.1579292572456","2933.65","Error(0)","Reverted","Transfer"
"0x0ff111fe5a41d8dc7d82dad7cbccca12cc1261c9190667e90595b81bca129e63","14641210","1650718807","2022-04-23 13:00:07","0x50dfdf7836c90db447ae6dd83a3eee2b0417d051","0x0f83287ff768d1c1e17a42f44d644d7f22e8ee1d","","0","0","0","0.00434292708390429","14.7231642221968","2933.65","Error(0)","Reverted","Transfer"
"0x06f61d5ddc0b6863e6e770d4a3a46ab5d51210fa24a94b5a2dc263cfb8b4f71d","14641268","1650719515","2022-04-23 13:11:55","0x50dfdf7836c90db447ae6dd83a3eee2b0417d051","0x0f83287ff768d1c1e17a42f44d644d7f22e8ee1d","","0","0","0","0.003979818935842454","13.4921739727529","2933.65","Error(0)","Reverted","Transfer"
"0x08c42421763c8fbcae6a5792ad6e9bf95344e4dddc742fb2940888421e2843c7","14653573","1650886657","2022-04-25 11:37:37","0xa91ca713efb16824297922ba00499490f6df94b0","0x0f83287ff768d1c1e17a42f44d644d7f22e8ee1d","","0","0","0","0.00222312003502771","7.53670525178227","3006.45","","","Approve"
"0x4ff586a9c60c70e8522366ab69358447e5eab5bae0f47fa509800468da7d58ac","14653613","1650887219","2022-04-25 11:46:59","0xd04bf9c1efa966918d7cb6c407692dbf8e069866","0x0f83287ff768d1c1e17a42f44d644d7f22e8ee1d","","0","0","0","0.00237972333811618","8.06761357802503","3006.45","","","Approve"
"0xd139bb63e4cfb0b61a99331e0a881cc5a43af3def6f0c55239f62a884ab1e0b4","14660508","1650981260","2022-04-26 13:54:20","0x50dfdf7836c90db447ae6dd83a3eee2b0417d051","0x0f83287ff768d1c1e17a42f44d644d7f22e8ee1d","","0","0","0","0.010362056724283961","35.1289026695327","2809.60","Error(0)","Reverted","Transfer"
"0x136576579ada2fc2ee18453a550f56a404465147dd25efeb447e15636fe7c88c","14666593","1651063876","2022-04-27 12:51:16","0x9265f86d58b348060e43216f968bda8a6bb63572","0x0f83287ff768d1c1e17a42f44d644d7f22e8ee1d","","0","0","0","0.002046546446553","6.93809470866474","2889.72","","","Approve"
"0xbbd2b3b576116c216083acb65a98e0dd70c0807f7c994db68f362db0fa65b731","14673844","1651162617","2022-04-28 16:16:57","0x888f1304821bcfb356cd28a5e8b3bc1f579f96e9","0x0f83287ff768d1c1e17a42f44d644d7f22e8ee1d","","0","0","0","0.00429625545790021","14.5649405171013","2936.49","","","Approve"
"0x0326659e1c7dd007d35be91e8b1262e652f87bfa09fc0b31d0fcd9223dd75dce","14714322","1651713952","2022-05-05 01:25:52","0xcb16f82e5949975f9cf229c91c3a6d43e3b32a9e","0x0f83287ff768d1c1e17a42f44d644d7f22e8ee1d","","0","0","0","0.003228248986909394","10.9442408463552","2747.28","","","Approve"
"0x8768c7b000986d1459d700079861cdd7bb903aa1fffe05d7c743d73271a1e1b8","14716528","1651743706","2022-05-05 09:41:46","0xe4997f170b9ddfebab707025d8321e79d6a958a3","0x0f83287ff768d1c1e17a42f44d644d7f22e8ee1d","","0","0","0","0.002042031197848292","6.92278734869781","2747.28","","","Approve"
"0x46c306db26ac9d12aad48547f452fc6570628ff6ab35ad4a5cb815f56354f368","14717861","1651762369","2022-05-05 14:52:49","0x94dfce828c3daaf6492f1b6f66f9a1825254d24b","0x0f83287ff768d1c1e17a42f44d644d7f22e8ee1d","","0","0","0","0.004639411286505352","15.728289456825","2747.28","","","Approve"
"0xabb3c8bbcc3c11af98bf46166dccd4d91402dfd4c2612c6642ba6b2fd1fb0903","14740623","1652074528","2022-05-09 05:35:28","0xe6edc829cdd57a94ddd759a178840bf5ead1d60d","0x0f83287ff768d1c1e17a42f44d644d7f22e8ee1d","","0","0","0","0.002048033217860868","6.94313508297996","2230.95","","","Approve"
"0x393eba1545e15229b92c130fd179d6bfaa8346f3fdb724be45bc4845b4a77338","14741514","1652086646","2022-05-09 08:57:26","0xcc7344a557cdb86f7c713527c05eaf7906e1abab","0x0f83287ff768d1c1e17a42f44d644d7f22e8ee1d","","0","0","0","0.001716504719450514","5.81920450985926","2230.95","","","Approve"
"0x9d2377b3f5f5a79e1f79ee3ef7539899afd724c63f91a6db92a5a340e0188a75","14750269","1652209426","2022-05-10 19:03:46","0x9a41dea12bac583fa1b5e86480e0410226e8d8f1","0x0f83287ff768d1c1e17a42f44d644d7f22e8ee1d","","0","0","0","0.003357942022759408","11.3839193922769","2341.58","","","Approve"
"0xe6e31054c8f6b1315750d51c1dab337c918d456e8b0a4558c4122c76c33f77a7","14762410","1652376599","2022-05-12 17:29:59","0x39de56518e136d472ef9645e7d6e1f7c6c8ed37b","0x0f83287ff768d1c1e17a42f44d644d7f22e8ee1d","","0","0","0","0.007390517032448732","25.0549442469256","1952.81","","","Approve"
"0x2757dabb737a08e2c765e8d2c8ce639ae3964e0983f12bf3e99c32387b0b515e","14764016","1652398884","2022-05-12 23:41:24","0x8d8b9c79196f32161bcb2a9728d274b3b45eb9af","0x0f83287ff768d1c1e17a42f44d644d7f22e8ee1d","","0","0","0","0.00749533191980041","25.4102821951793","1952.81","","","Approve"
"0xc1dda40728ec754caf94aeb169cb557ae3af8a28464f365be768ccf554a3b203","14764248","1652401888","2022-05-13 00:31:28","0x1be8218be61797e26066bd91968ffd8b745bf851","0x0f83287ff768d1c1e17a42f44d644d7f22e8ee1d","","0","0","0","0.004746826137870012","16.0924416670719","2006.51","","","Approve"
"0xe2e72328f2aa0915dca7abac360c7c7385197053528d6d8375f9c2445936a601","14792357","1652788066","2022-05-17 11:47:46","0x262000e1ccc8ab7456d7fddeec3f6c280f157008","0x0f83287ff768d1c1e17a42f44d644d7f22e8ee1d","","0","0","0","0.001470882","4.98650721485393","2089.29","","","Approve"
"0xda1bcbfd201fa2a37fe48f4a981cfa139a053ce1f918fb1e5478104a020507ae","14793880","1652808814","2022-05-17 17:33:34","0xdbafa316c236c090e7633cf7cf5ebdd2947b50a1","0x0f83287ff768d1c1e17a42f44d644d7f22e8ee1d","","0","0","0","0.001731970115343846","5.87163448602504","2089.29","","","Approve"
"0xb30dc20e4dcf194ee3b5aaae8f6b4ca0901699905cc6d27d4c875c7e448503d8","14805167","1652966258","2022-05-19 13:17:38","0xd4e26683635bf3dc9ead5f31b935c33cc1ce1838","0x0f83287ff768d1c1e17a42f44d644d7f22e8ee1d","","0","0","0","0.001649494147296562","5.59202877345269","2017.78","","","Approve"
"0x5b203afc817f6ec8427e98af5a4180ca4ecd1ccc62dbaed1324c4ee12e4dd508","14815605","1653112559","2022-05-21 05:55:59","0xe4f077bf767a57ae9aad77b0ab54cbde0bede65a","0x0f83287ff768d1c1e17a42f44d644d7f22e8ee1d","","0","0","0","0.000797907926041016","2.70502571245869","1972.18","","","Approve"
"0x75d4e09fd320c6f99c150417e74e3f3c4c09c2ed129f7c7d74399461e390d2ee","14829499","1653307808","2022-05-23 12:10:08","0x8c95638ce53c630f600667b5c21fba12885ba042","0x0f83287ff768d1c1e17a42f44d644d7f22e8ee1d","","0","0","0","0.001414402965379488","4.79503494609059","1970.70","","","Approve"
"0xcc3527824bed7c16472ddee2af77e598c29cace1f7be1fd2a6a49d75f08ab631","14855149","1653668740","2022-05-27 16:25:40","0x652fc5b8686417bbf49f3efab8cabe0cb6b1ce05","0x0f83287ff768d1c1e17a42f44d644d7f22e8ee1d","","0","0","0","0.004895324675578875","16.5958736416834","1724.73","","","Transfer"
"0x6058b2cab219f91b9aadd1ef77d87ea994a09ba2aa135e33972b6f3da02f07d2","14873222","1653923198","2022-05-30 15:06:38","0x1bf531eb5a835a05d1a60405159219230a0b4491","0x0f83287ff768d1c1e17a42f44d644d7f22e8ee1d","","0","0","0","0.005126522597637112","17.3796687431277","1997.64","","","Approve"
"0xbeed99c510b6b12cce2a361231458143770ff83b586b33e39de1e75cc7639e62","14873333","1653924622","2022-05-30 15:30:22","0xe77df8917d62c6ac822b79ac00a48e73f842e53c","0x0f83287ff768d1c1e17a42f44d644d7f22e8ee1d","","0","0","0","0.00231938087264716","7.86304370809438","1997.64","","","Approve"
"0xc930c5b3f87540e3c2a1f370eb3d198804626128aec05646f447c8d3ee999a44","14895441","1654235761","2022-06-03 05:56:01","0x8eb080fe0045ffc44e2c1446c2a87cda010b8c23","0x0f83287ff768d1c1e17a42f44d644d7f22e8ee1d","","0","0","0","0.006962435984236572","23.6036862701116","1773.59","","","Approve"
"0x601eddbcbe2886b853aa5c92edce2f627664531119bc11c533df29411a191cfe","14909089","1654431840","2022-06-05 12:24:00","0x38abab9766e0b27d2912718a884292b8e7eb2803","0x0f83287ff768d1c1e17a42f44d644d7f22e8ee1d","","0","0","0","0.002469737428975054","8.37277464023552","1804.70","","","Approve"
"0x6dc65db086a34809b9e5248ae98d202409ba27305af238a606a851eb00368902","14954179","1655096239","2022-06-13 04:57:19","0x3b15cec2d922ab0ef74688bcc1056461049f89cb","0x0f83287ff768d1c1e17a42f44d644d7f22e8ee1d","","0","0","0","0.002333823694423928","7.91200700698083","1209.12","","","Approve"
"0x33a9d4d4b8956bf4bdc175779881690ae4c4d83270a22bc962feca93de10ac1f","14955417","1655114892","2022-06-13 10:08:12","0x3b15cec2d922ab0ef74688bcc1056461049f89cb","0x0f83287ff768d1c1e17a42f44d644d7f22e8ee1d","","0","0","0","0.006493084358516406","22.0125149402857","1209.12","","","Approve"
"0xbad0b71986cacdd9a3fbd04b6ed62e4ecec402c447ddb6571cd97663bec4543c","14958153","1655155395","2022-06-13 21:23:15","0xba9a2686d2e9b15bc9d4011f018fabb9e299b22b","0x0f83287ff768d1c1e17a42f44d644d7f22e8ee1d","","0","0","0","0.002611229362548646","8.8524531920217","1209.12","","","Approve"
"0x5274cf6f5e79f48526497e298ca3b85ccb5df9c164106448867f9794b37e0e9c","14958963","1655167193","2022-06-14 00:39:53","0x8c612b03b3358c1e535706695c635c360034b968","0x0f83287ff768d1c1e17a42f44d644d7f22e8ee1d","","0","0","0","0.001878207523574886","6.36740089776006","1206.94","","","Approve"
"0xa71f835edf930a9cdb90bb05aea7a8b7a399c732dcdc1ed7f4b0823595be5008","14988344","1655604915","2022-06-19 02:15:15","0x127e422565b424a0215654b96b09adc8653f5689","0x0f83287ff768d1c1e17a42f44d644d7f22e8ee1d","","0","0","0","0.003446687765428056","11.6847805667999","1127.03","","","Transfer"
"0xf048387bfcbe7200cc307ec119e8155b143881db88564682f2974c65688c54d2","15048105","1656555451","2022-06-30 02:17:31","0x38abab9766e0b27d2912718a884292b8e7eb2803","0x0f83287ff768d1c1e17a42f44d644d7f22e8ee1d","","0","0","0","0.002422212165165604","8.21165697690586","1069.53","","","Approve"
"0x3d8018286cd9a6526d3da4a0615b28f09dd528c9eee86a33c9884cbb8893b5ca","15050811","1656599093","2022-06-30 14:24:53","0xfd906200bc4663c58df9ccc23a74a5d701e68fa1","0x0f83287ff768d1c1e17a42f44d644d7f22e8ee1d","","0","0","0","0.00323052713538884","10.9519641061607","1069.53","","","Approve"
"0x936130a0904e7aa124d05e812f5851c3dd475e2d27aa49f76341c05e21eaa8fc","15123865","1657576070","2022-07-11 21:47:50","0x1bf531eb5a835a05d1a60405159219230a0b4491","0x0f83287ff768d1c1e17a42f44d644d7f22e8ee1d","","0","0","0","0.003996873598377712","13.5499917975539","1095.67","","","Transfer"
"0x3dbb6d89c6314b4f1232d50cbcd47c8188c4b90cb7133701245e14f72793d15c","15143270","1657834606","2022-07-14 21:36:46","0x171c53d55b1bcb725f660677d9e8bad7fd084282","0x0f83287ff768d1c1e17a42f44d644d7f22e8ee1d","","0","0","0","0.002598344277793642","8.80877085170151","1192.56","","","Approve"
"0xb5e29c7ac0cd643f9564bbbbd37f1a51eaa6458352f27138f4a06fbaa3dc8649","15162766","1658096383","2022-07-17 22:19:43","0x08d49c032f268d3ac4265d1909c28dfaab440040","0x0f83287ff768d1c1e17a42f44d644d7f22e8ee1d","","0","0","0","0.000956893274899926","3.24400952566806","1337.97","","","Approve"
"0x01bcca87bef44cdbb2e769213eeddb403e0cd23d07e52a9c3aeb8cd96d7aa9cc","15254872","1659333615","2022-08-01 06:00:15","0xda035641151d42aa4a25ce51de8f6e53eae0ded7","0x0f83287ff768d1c1e17a42f44d644d7f22e8ee1d","","0","0","0","0.00034394300675882","1.1660175899232","1630.62","","","Approve"
"0xcdea4bb473ba0e0c11fc56e222d2c482373fef2ec13d8eb6907166a4e2a02a2b","15256955","1659361121","2022-08-01 13:38:41","0x577ebc5de943e35cdf9ecb5bbe1f7d7cb6c7c647","0x0f83287ff768d1c1e17a42f44d644d7f22e8ee1d","","0","0","0","0.001877203429479686","6.36399687048247","1630.62","","","Approve"
"0x485f37fccaa2408f39710ea549ce0052bb7fc831a967ea702860fde59a50a206","15267795","1659506832","2022-08-03 06:07:12","0x8942ae01572653790d83959bed158498fb2fa330","0x0f83287ff768d1c1e17a42f44d644d7f22e8ee1d","","0","0","0","0.000467351636366118","1.58439107053689","1618.68","","","Approve"
"0x9f125776e6920a6dc37170b3d821602e02416b5c3b063f796c9b623d1776a391","15372616","1660929726","2022-08-19 17:22:06","0x639ade8805c0081ea5da9495bb50751003e827cc","0x0f83287ff768d1c1e17a42f44d644d7f22e8ee1d","","0","0","0","0.000861633673355248","2.92106540752218","1609.05","Error(0)","execution reverted","Approve"
"0xd8be9364e709d58018f68e7975cd160ca3a264620402cc9700a1d7366568b65e","15372623","1660929798","2022-08-19 17:23:18","0x639ade8805c0081ea5da9495bb50751003e827cc","0x0f83287ff768d1c1e17a42f44d644d7f22e8ee1d","","0","0","0","0.00076331072813913","2.58773610190429","1609.05","Error(0)","execution reverted","Approve"
"0x1ad175579d86496fbfa88beda62cc8f2db10414f9aeba746e9df482241bc3421","15372647","1660930066","2022-08-19 17:27:46","0x639ade8805c0081ea5da9495bb50751003e827cc","0x0f83287ff768d1c1e17a42f44d644d7f22e8ee1d","","0","0","0","0.000723716037761464","2.45350425377633","1609.05","","","Approve"
"0x28fa8d974c6e85367bd538e9a1bcbeebfe2d9301c1aefcb5492318ca70b72f95","15404234","1661362259","2022-08-24 17:30:59","0x5275817b74021e97c980e95ede6bbac0d0d6f3a2","0x0f83287ff768d1c1e17a42f44d644d7f22e8ee1d","","0","0","0","0.001228062976078078","4.16331486176888","1656.52","","","Approve"
"0xcb902f56d3a3c9c09f87e3a38a213f400d8f6607da26d7d2b67c86a3aa006cc7","15590983","1663875059","2022-09-22 19:30:59","0x95774ca3d8f2082c10b8dce8992012a9658184c9","0x0f83287ff768d1c1e17a42f44d644d7f22e8ee1d","","0","0","0","0.001616914638309726","5.48157942631318","1326.15","","","Transfer"
"0x939b79c475226a50de3394a742f6bfae528673e0ebe190d14692e8be05293a0c","15660796","1664717735","2022-10-02 13:35:35","0x8942ae01572653790d83959bed158498fb2fa330","0x0f83287ff768d1c1e17a42f44d644d7f22e8ee1d","","0","0","0","0.00041366734702727","1.40239340103487","1276.69","","","Approve"
"0x9c9990f6bf7641b0842f831a166ada00aa2bd3102f655c67473628124288868b","15695926","1665142055","2022-10-07 11:27:35","0x1bf531eb5a835a05d1a60405159219230a0b4491","0x0f83287ff768d1c1e17a42f44d644d7f22e8ee1d","","0","0","0","0.000746781664532344","2.5317001350966","1331.14","","","Transfer"
"0x088fc87a1b4f9e75a984293149ee95b270423ed56b8cc90530e6fe34e31051db","15849808","1666999295","2022-10-28 23:21:35","0x639ade8805c0081ea5da9495bb50751003e827cc","0x0f83287ff768d1c1e17a42f44d644d7f22e8ee1d","","0","0","0","0.004049246723915192","13.7275444281232","1555.12","","","Transfer"
"0xfa404a376fc2e2e8f9fe46eb54e8aad93c9dae85490e2bd4b3c0d864189aeb17","15853413","1667042855","2022-10-29 11:27:35","0x94dfce828c3daaf6492f1b6f66f9a1825254d24b","0x0f83287ff768d1c1e17a42f44d644d7f22e8ee1d","","0","0","0","0.0021697744631497","7.35585588449774","1620.42","","","Transfer"
"0xb74c843b6a39c4f1cf6d111530f60c413f9fef98201e9ae9fc49e0620dc49c20","15866562","1667201507","2022-10-31 07:31:47","0xc87271489b985d857c7eaa8c0195bbae6c75320f","0x0f83287ff768d1c1e17a42f44d644d7f22e8ee1d","","0","0","0","0.000525057123432396","1.78002119422639","1572.88","","","Approve"
"0x6d4b101a25e944e5f77175459be75d0f43e95dfb718d19fedd08bf7e47e5a9d1","15876273","1667318939","2022-11-01 16:08:59","0x639ade8805c0081ea5da9495bb50751003e827cc","0x0f83287ff768d1c1e17a42f44d644d7f22e8ee1d","","0","0","0","0.00282721165800135","9.58466507207436","1578.51","","","Transfer"
"0x1b360fb59cd43bb2f4f519cb66eaa1a9e28e45c8d940579116b99705b76b6a8f","15904549","1667660171","2022-11-05 14:56:11","0xccf6c29d87eb2c0bafede74f5df35f84541f4549","0x0f83287ff768d1c1e17a42f44d644d7f22e8ee1d","","0","0","0","0.000746863328646144","2.53197698850337","1627.42","","","Approve"
"0x6edfb69c0c09e4f9c77ac4fc0acb0c6bc03906d9b42f93347889c9a582cf3ba2","15915188","1667788451","2022-11-07 02:34:11","0xa6c679d98683d9f65815dc8568d3c05236166942","0x0f83287ff768d1c1e17a42f44d644d7f22e8ee1d","","0","0","0","0.000786623041340318","2.66676828665647","1568.45","","","Approve"
"0xa7bf3bbf0662a08e71e3952bbb81458c8adb34019b0e0a07d8cc2889ef3f4425","15919491","1667840303","2022-11-07 16:58:23","0x6b4b48ccdb446a109ae07d8b027ce521b5e2f1ff","0x0f83287ff768d1c1e17a42f44d644d7f22e8ee1d","","0","0","0","0.001657317565672846","5.6185513171905","1568.45","","","Approve"
"0x26e93b9ab5c61affa27ea0dc1f7f7da836f1a941e5323fd63f436041e36985aa","15938680","1668071963","2022-11-10 09:19:23","0x6b4b48ccdb446a109ae07d8b027ce521b5e2f1ff","0x0f83287ff768d1c1e17a42f44d644d7f22e8ee1d","","0","0","0","0.001384341477602468","4.6931220627394","1296.01","","","Approve"
"0x2c92ebb894800245c7113f45a3668eea454e60896abb297cf56ad86def2ed9a5","15953097","1668245999","2022-11-12 09:39:59","0x171c53d55b1bcb725f660677d9e8bad7fd084282","0x0f83287ff768d1c1e17a42f44d644d7f22e8ee1d","","0","0","0","0.00069365888774303","2.3516060760674","1254.95","","","Approve"
"0x0129418638f0fc6c793935eee75dfe59f807334a0a9181842460006b7e61d0ed","16032694","1669206491","2022-11-23 12:28:11","0x4e65175f05b4140a0747c29cce997cd4bb7190d4","0x0f83287ff768d1c1e17a42f44d644d7f22e8ee1d","","0","0","0","0.001871600276111083","6.34500135303208","1183.69","","","Transfer"
"0x928b1a5e92d3888aae609ebb2d676d851dbeb292cae1a132e2164224c255899c","16032699","1669206551","2022-11-23 12:29:11","0xa025db57dbd5c52b07a6e165ae949976bc28d7f9","0x0f83287ff768d1c1e17a42f44d644d7f22e8ee1d","","0","0","0","0.001901671578308495","6.44694750871788","1183.69","","","Transfer"
"0x5d2329868e2d768cb4bfff22c1d2c357eb51bf72af871b67d65197a82621a3e7","16290923","1672323023","2022-12-29 14:10:23","0x38abab9766e0b27d2912718a884292b8e7eb2803","0x0f83287ff768d1c1e17a42f44d644d7f22e8ee1d","","0","0","0","0.001126641305705762","3.81948042022014","1200.06","","","Approve"
"0x2f9f7de3eea337dbf23566ac2f117e6bd1c5615c083f001e41c0174ff3785f48","16383927","1673444423","2023-01-11 13:40:23","0x391a86721ba17331366d876e94d9f0fc2fd3a459","0x0f83287ff768d1c1e17a42f44d644d7f22e8ee1d","","0","0","0","0.003227195111482314","10.9406680530103","1388.95","","","Transfer"
"0x2c11881c0ce9b9e75a7d1104f4afdb768c1e073d2ca7494dbff3bd4c9bbfd64c","16693159","1677180299","2023-02-23 19:24:59","0xa387f2c32f92b2fb8807f5617e7cbe0e20ac4ff5","0x0f83287ff768d1c1e17a42f44d644d7f22e8ee1d","","0","0","0","0.002691683058500254","9.12520310351994","1650.59","","","Approve"
"0x076403e17061451fadbd6b11a55b25184fbee8a3d66fcd74eab4d75fc9a1b166","16713260","1677424835","2023-02-26 15:20:35","0xf6ee1a630bc3ecd8c3fb11520d5952031d7b4c24","0x0f83287ff768d1c1e17a42f44d644d7f22e8ee1d","","0","0","0","0.001541229469341702","5.22499552555398","1641.47","","","Approve"
"0x28a69cf5b91840ec7eeb7fecb998cae35b6cf5d9fed4b7eb7978f5eab6666915","16764904","1678052171","2023-03-05 21:36:11","0x4c58965919f5537814eb8025922539aaac442f92","0x0f83287ff768d1c1e17a42f44d644d7f22e8ee1d","","0","0","0","0.001146192","3.88576016132352","1564.75","","","Approve"
"0x5c84f09e63e521e21a11d806d8fffc9757c7872a32c25c718d5619aac5a7832e","16789469","1678350611","2023-03-09 08:30:11","0x591753cfdd48143cc4c6db39258ee15920eccae7","0x0f83287ff768d1c1e17a42f44d644d7f22e8ee1d","","0","0","0","0.001787627425415272","6.06032098720632","1437.65","","","Approve"
"0x0b31468a663cafb08e548f7c1afcd78f5d428117fe0abc4fae3cd22675d759b9","16804074","1678528391","2023-03-11 09:53:11","0xf6ee1a630bc3ecd8c3fb11520d5952031d7b4c24","0x0f83287ff768d1c1e17a42f44d644d7f22e8ee1d","","0","0","0","0.005638355486290954","19.114857828365","1483.07","","","Approve"
"0x76dcf82e345e93c963d9e5da5b060b78195aa80a5e8a34248cb8121cfa094ca3","16806220","1678554479","2023-03-11 17:07:59","0xe742180b119e01c305136d8e4be3b25ed8b3185b","0x0f83287ff768d1c1e17a42f44d644d7f22e8ee1d","","0","0","0","0.003197749762617956","10.8408439715707","1483.07","","","Approve"
"0xbf647626c2fbbb4c928b0f54da43613d41ed071284bd2dce9c4e1b8d06cb4c60","16960667","1680429503","2023-04-02 09:58:23","0x42248d7188aecf23003fde01e8e9b6687d5787d1","0x0f83287ff768d1c1e17a42f44d644d7f22e8ee1d","","0","0","0","0.003774419004536613","12.7958378700695","1795.54","","","Transfer"
"0x883d9f595085f0812ee52692f9333a61dba560ffc5e540d2d1611141197685e5","16960778","1680430859","2023-04-02 10:20:59","0x27a690a7ad945a1124ff4d9f64d6e8205f03f827","0x0f83287ff768d1c1e17a42f44d644d7f22e8ee1d","","0","0","0","0.002655835900973118","9.00367594522915","1795.54","","","Transfer"
"0x7678c544a0a5edb8a4aace9f8a0ba899ce47d29b8f60b095ad25c4e640ca417d","16960832","1680431519","2023-04-02 10:31:59","0x591753cfdd48143cc4c6db39258ee15920eccae7","0x0f83287ff768d1c1e17a42f44d644d7f22e8ee1d","","0","0","0","0.002688219676100715","9.11346172567787","1795.54","","","Transfer"
"0x29f1f912b7fe135ca1f0b2af70c2d8b5ef7c4b6d2076f96d9f75f61afc6d81d7","17023853","1681203863","2023-04-11 09:04:23","0xb2c640716e9e7d1776769f7fd53e9e9102e99d4c","0x0f83287ff768d1c1e17a42f44d644d7f22e8ee1d","","0","0","0","0.00149728666254755","5.07602292059997","1891.58","","","Approve"
"0x55618c800359dd47bbc7317c06035c79585e4841d8987812c1268cca78d8264a","17102940","1682179295","2023-04-22 16:01:35","0x2c99d50eb4daa1d26b5ba0b1daab58cbfc0ac3e6","0x0f83287ff768d1c1e17a42f44d644d7f22e8ee1d","","0","0","0","0.005573042","18.8934354636769","1874.46","","","Transfer"
"0x4563324670fb1334a151baec5b7dc2ac81ca10bd64feea0764d26e226a74c496","17102953","1682179451","2023-04-22 16:04:11","0x2c99d50eb4daa1d26b5ba0b1daab58cbfc0ac3e6","0x0f83287ff768d1c1e17a42f44d644d7f22e8ee1d","","0","0","0","0.004563324","15.4703423182255","1874.46","","","Transfer"
"0x5eb3ec00afac25c414b4970c79d76802e9b28f4bf7d2656f2acafe260ef292a2","17357286","1685274095","2023-05-28 11:41:35","0x4fc8447a160ba111a6f526c2139bd32b0f4951ad","0x0f83287ff768d1c1e17a42f44d644d7f22e8ee1d","","0","0","0","0.004615675283918665","15.6478209024812","1909.21","","","Transfer"
"0xc64e825182112f6383975749f2735520ea550f7ab54d70ce0f5902ac10980887","17558370","1687718855","2023-06-25 18:47:35","0xd6b0b6b7e14a56704c88ac99446885ca8e8fab43","0x0f83287ff768d1c1e17a42f44d644d7f22e8ee1d","","0","0","0","0.001614499091909886","5.4733903672652","1899.46","","","Transfer"
"0x4f907238f46a1dfc482b918b4522f6108b6456c2236eaeb3c3ad3040dafde562","17655630","1688899391","2023-07-09 10:43:11","0x8d5268c01cfcdd9cd66f618656f50b9e397c51c0","0x0f83287ff768d1c1e17a42f44d644d7f22e8ee1d","","0","0","0","0.00189180222307685","6.41348893687558","1863.11","","","Transfer"
"0xbb8bfe87a8b93909600d6b20aadb3df276faa9b2c35b1da54341e91354747b05","17677813","1689168911","2023-07-12 13:35:11","0x8e7c83d8a6577bbfa48493c94e7784b5b164caf0","0x0f83287ff768d1c1e17a42f44d644d7f22e8ee1d","","0","0","0","0.00584550267782139","19.8171174012629","1871.86","","","Transfer"
"0x3792b2dbfbd9961258798dc7d040e47522529f93cbefc333421df52411aa46e6","17856182","1691328095","2023-08-06 13:21:35","0x2c99d50eb4daa1d26b5ba0b1daab58cbfc0ac3e6","0x0f83287ff768d1c1e17a42f44d644d7f22e8ee1d","","0","0","0","0.001996528","6.76852478761579","1827.82","","","Transfer"
"0xf1ab413f9f59c34c788310ae3881ea01230b4ce77bbb485b23ef7ea91d119c0b","17936248","1692295991","2023-08-17 18:13:11","0xcc7344a557cdb86f7c713527c05eaf7906e1abab","0x0f83287ff768d1c1e17a42f44d644d7f22e8ee1d","","0","0","0","0.001767046","5.99054691537376","1681.86","","","Approve"
"0x87559daa7b5a94afe2a5187ecfc5ddaf9d90f92eaa0b6ce7e526ab2eacaab452","18111564","1694416583","2023-09-11 07:16:23","0xd1d1e1da5869ef6094a883cadb808cf8fdce253f","0x0f83287ff768d1c1e17a42f44d644d7f22e8ee1d","","0","0","0","0.001563477361275302","5.30041916500445","1551.73","","","Transfer"
"0x48e5302484335fc817f3012012e0dddd688424d3fb37b3649d39252836d35535","18154406","1694937143","2023-09-17 07:52:23","0x577ebc5de943e35cdf9ecb5bbe1f7d7cb6c7c647","0x0f83287ff768d1c1e17a42f44d644d7f22e8ee1d","","0","0","0","0.000473829424997672","1.60635173070374","1623.06","","","Approve"
"0xd367f663cd3884950fb3e99132f783773e3c72c0c0528981878c4147deb6fc23","18218055","1695708323","2023-09-26 06:05:23","0xd1d1e1da5869ef6094a883cadb808cf8fdce253f","0x0f83287ff768d1c1e17a42f44d644d7f22e8ee1d","","0","0","0","0.001256785534398252","4.26068857651459","1593.27","","","Transfer"
"0xf7e93abc51da6d6789dda3173597ebf9fe60914f3bf58f1e0072ba49c0c3fd80","18418569","1698131759","2023-10-24 07:15:59","0xd1d1e1da5869ef6094a883cadb808cf8fdce253f","0x0f83287ff768d1c1e17a42f44d644d7f22e8ee1d","","0","0","0","0.002676563951375281","9.07394709742236","1785.20","","","Transfer"
"0x04a68317ba5db08b4f3825d8b65b6117e31e676168ef27dfc0a5115da0bdeca9","18739669","1702015895","2023-12-08 06:11:35","0xd1d1e1da5869ef6094a883cadb808cf8fdce253f","0x0f83287ff768d1c1e17a42f44d644d7f22e8ee1d","","0","0","0","0.005242010716662829","17.7711905230881","2358.94","","","Transfer"
"0x63d4e0b916ce4a602439790ae01d4586d727b8a42c07d1ffa74b0bf34151cd1b","18770462","1702388423","2023-12-12 13:40:23","0xc2ecd777d06ffdf8b3179286beabf52b67e9d991","0x0f83287ff768d1c1e17a42f44d644d7f22e8ee1d","","0","0","0","0.008026684287327465","27.2116451966324","2202.33","","","Transfer"
"0x98c664890d0675667bd53bb377c61be37eeee949822b842f8fcff9a4dc51729c","18825057","1703050271","2023-12-20 05:31:11","0xb0e83c2d71a991017e0116d58c5765abc57384af","0x0f83287ff768d1c1e17a42f44d644d7f22e8ee1d","","0","0","0","0.002675227473669814","9.06941624061616","2202.03","","","Approve"
"0x974d714658c096c0707ecd922722e3b395cd65f0f04f5323a97a7a4227d965ec","18847829","1703326235","2023-12-23 10:10:35","0x591753cfdd48143cc4c6db39258ee15920eccae7","0x0f83287ff768d1c1e17a42f44d644d7f22e8ee1d","","0","0","0","0.001254878827330912","4.25422455795437","2309.54","","","Approve"
"0x887e9c510453933561923a9491c96aea73cef1293290bfcfedf70276cb7a3c10","18847847","1703326451","2023-12-23 10:14:11","0x591753cfdd48143cc4c6db39258ee15920eccae7","0x0f83287ff768d1c1e17a42f44d644d7f22e8ee1d","","0","0","0","0.001205247576038856","4.08596728602496","2309.54","","","Approve"
"0x10a5f45ee3a36d80a421164d4f5fbeec5831aab8f5258413df368defbfd40c3c","19060214","1705901459","2024-01-22 05:30:59","0xd1d1e1da5869ef6094a883cadb808cf8fdce253f","0x0f83287ff768d1c1e17a42f44d644d7f22e8ee1d","","0","0","0","0.001578045849487548","5.34980849166688","2311.54","","","Transfer"
"0x29829efb4bb8d7f421d9533f00ddc3abb43148e2fe9170a4a098f1d8bf135b36","19459519","1710738707","2024-03-18 05:11:47","0xd1d1e1da5869ef6094a883cadb808cf8fdce253f","0x0f83287ff768d1c1e17a42f44d644d7f22e8ee1d","","0","0","0","0.002359328971333802","7.9984736625847","3520.31","","","Transfer"
"0x6a322b8d7493c134ebd8261dba22885da3d7959940bb35be437806143f81a7bd","19640912","1712941667","2024-04-12 17:07:47","0x3a8163df3ce1bab4a34d79b6aa8cad8ba9caf337","0x0f83287ff768d1c1e17a42f44d644d7f22e8ee1d","","0","0","0","0.001786303889509916","6.05583400501389","3239.12","","","Approve"
"0x3a2a0916b3f69cff39794c82aff357d8d00f04e44b28cd38f4da3367e8f1c978","19655997","1713124559","2024-04-14 19:55:59","0x64fa9ef54bad5e4bd10cab57cbe6123203e6d384","0x0f83287ff768d1c1e17a42f44d644d7f22e8ee1d","","0","0","0","0.000656758023663084","2.22650669694046","3158.26","","","Approve"
"0xf3baefb2240a3a0111665f49ba5dca3ce2f138d5eaad6f48f75e9ccd437a70bb","19657468","1713142439","2024-04-15 00:53:59","0xa6c679d98683d9f65815dc8568d3c05236166942","0x0f83287ff768d1c1e17a42f44d644d7f22e8ee1d","","0","0","0","0.000606072883919162","2.05467658751024","3103.00","","","Approve"
"0xf6ec147d5f39bc2ff8d2f65d738d6d497ef786781a3858aef9511541567edc82","19657666","1713144827","2024-04-15 01:33:47","0xa387f2c32f92b2fb8807f5617e7cbe0e20ac4ff5","0x0f83287ff768d1c1e17a42f44d644d7f22e8ee1d","","0","0","0","0.000580884255337744","1.96928341650568","3103.00","","","Approve"
"0x0332e7b9e2645d211d53740d1e4ecc57839bb99be6f4f58b439577e992b49b4b","19658794","1713158435","2024-04-15 05:20:35","0xd1d1e1da5869ef6094a883cadb808cf8fdce253f","0x0f83287ff768d1c1e17a42f44d644d7f22e8ee1d","","0","0","0","0.00117266797170919","3.97551761565918","3103.00","","","Transfer"
"0x5ef31b5e8d6f4107980db0fc9307884b0bdaf1a78c6206e99e8a26eeacc9b6ad","19865802","1715660135","2024-05-14 04:15:35","0xd1d1e1da5869ef6094a883cadb808cf8fdce253f","0x0f83287ff768d1c1e17a42f44d644d7f22e8ee1d","","0","0","0","0.000539498815957972","1.82898066478452","2880.64","","","Transfer"
"0x13156ba4a933993b305b683e3047caa568c72a44b278af8ce571cf00a3238924","19865919","1715661551","2024-05-14 04:39:11","0xd1d1e1da5869ef6094a883cadb808cf8fdce253f","0x0f83287ff768d1c1e17a42f44d644d7f22e8ee1d","","0","0","0","0.000458000860635783","1.55269055979313","2880.64","","","Transfer"
"0x3fb8ccceef03fca3bbc96e40fdd3ad2aa7bdef4561456c7db8daa19d4bd3aa6a","19880101","1715833067","2024-05-16 04:17:47","0x8c612b03b3358c1e535706695c635c360034b968","0x0f83287ff768d1c1e17a42f44d644d7f22e8ee1d","","0","0","0","0.000189730349835766","0.643213907256196","2945.17","","","Approve"
