"Transaction Hash","Blockno","UnixTimestamp","DateTime (UTC)","From","To","ContractAddress","Value_IN(ETH)","Value_OUT(ETH)","CurrentValue @ $3391.30511179136/Eth","TxnFee(ETH)","TxnFee(USD)","Historical $Price/Eth","Status","ErrCode","Method"
"0xc49b37dcd8dd5d47b41c12fe232ced9fc2c612781b12426cd6999542dc76f286","9791636","1585818240","2020-04-02 09:04:00","0xde910777c787903f78c89e7a0bf7f4c435cbb1fe","","0xe36e2d3c7c34281fa3bc737950a68571736880a1","0","0","0","0.0098218965","33.3090478079357","141.59","","","0x60806040"
"0xab45fbc97f0147ed747944b642f20f2dd740740cd49ac3f5871f8f020c00eec9","9791642","1585818305","2020-04-02 09:05:05","0xde910777c787903f78c89e7a0bf7f4c435cbb1fe","0xe36e2d3c7c34281fa3bc737950a68571736880a1","","0","0","0","0.0004513286","1.53059298827764","141.59","","","Set Target"
"0x101346bcb0e6fb17942023570a400874747623ec9cbabd7ad914aa90420cdf72","9791869","1585820945","2020-04-02 09:49:05","0xde910777c787903f78c89e7a0bf7f4c435cbb1fe","0xe36e2d3c7c34281fa3bc737950a68571736880a1","","0","0","0","0.00044554","1.51096207950752","141.59","","","Nominate New Owner"
"0x84dc95d91c3d839b18538d11837ca8d4e1bf5a7b760a2821ddce666972c32722","10196696","1591238835","2020-06-04 02:47:15","0xf658269ca1b33e2557f0e0b5088748cbe71b627b","0xe36e2d3c7c34281fa3bc737950a68571736880a1","","0","0","0","0.00209485122","7.10427965082837","243.35","","","Approve"
"0x807e95a0ad765bc7ef9ceb85886e6b6f2855f5070a1e8682792f23360b837d7f","10320023","1592888327","2020-06-23 04:58:47","0xd60f62adb84150dc22bb0b805b6b09a02145fce9","0xe36e2d3c7c34281fa3bc737950a68571736880a1","","0","0","0","0.001083812585","3.67553915973431","243.16","","","Transfer And Settle"
"0xb4b0ce894e67d2ee579f1e1ef9c8c6b1cef5a5bb9d1bd34a1d6aa86e0ed2a71e","10379046","1593680189","2020-07-02 08:56:29","0xf658269ca1b33e2557f0e0b5088748cbe71b627b","0xe36e2d3c7c34281fa3bc737950a68571736880a1","","0","0","0","0.00153463","5.20439856370837","226.49","","","Approve"
"0x4ab02846eab0c6e44dfbe7d81e4df9ffb9c44b200fc982a78075bc89087bce9b","10390211","1593829149","2020-07-04 02:19:09","0x8fa987f7d4c3439f67fbbb610fa59e28a3370b0e","0xe36e2d3c7c34281fa3bc737950a68571736880a1","","0","0","0","0.003490896","11.838693449532","229.34","","","Transfer"
"0xf6d721aa812af43d3514df475bba43ca780742cf1599f7fee31298452c8f58a7","10396013","1593906974","2020-07-04 23:56:14","0x68626047d8c85dc77ea963fe00f2ca64c859ac09","0xe36e2d3c7c34281fa3bc737950a68571736880a1","","0","0","0","0.003346325","11.3484090782152","229.34","","","Transfer And Settle"
"0xb00a73af4abdb6207a97ebdbae69f368aa2a5298a1934bc796dcfb2b3917e739","10405899","1594038104","2020-07-06 12:21:44","0x81b5ec3be3d9339299e56665d8206d4d28ece898","0xe36e2d3c7c34281fa3bc737950a68571736880a1","","0","0","0","0.003797781","12.8794341187641","241.76","","","Transfer"
"0xfac0b65ab572ff4ab202c19ef8ed339611a18fb92c391a528f90348e9a6c3a19","10407033","1594053910","2020-07-06 16:45:10","0x68626047d8c85dc77ea963fe00f2ca64c859ac09","0xe36e2d3c7c34281fa3bc737950a68571736880a1","","0","0","0","0.00674202","22.8642468897996","241.76","","","Transfer"
"0x9aa98902268281c6aef7ae525f95023e8f6a89045c60baf5f3b89e54b5108b5f","10407051","1594054154","2020-07-06 16:49:14","0x68626047d8c85dc77ea963fe00f2ca64c859ac09","0xe36e2d3c7c34281fa3bc737950a68571736880a1","","0","0","0","0.006055855","20.5372520177673","241.76","","","Transfer"
"0x8eab5c222bc9d749e79a09a6b5833c9720c679885a40d17da55f5196fa4d57aa","10407071","1594054500","2020-07-06 16:55:00","0x68626047d8c85dc77ea963fe00f2ca64c859ac09","0xe36e2d3c7c34281fa3bc737950a68571736880a1","","0","0","0","0.005082415","17.2360199697451","241.76","","","Transfer"
"0xf051c21357b6d84c480cb7ffc461c1fb9b8be793c3257bc9e0be7e28195b36c5","10410652","1594103244","2020-07-07 06:27:24","0x989d51a0547f169f1db1164d6c3b7d3166ac8234","0xe36e2d3c7c34281fa3bc737950a68571736880a1","","0","0","0","0.005478144","18.5780577503292","239.35","","","Transfer"
"0x64c115e5208721b43707cf738bccc123c692f08574c37c31502218c18e82f185","10410655","1594103319","2020-07-07 06:28:39","0xb78a63b0ce816af3a1ae53659953d28f82d6f50f","0xe36e2d3c7c34281fa3bc737950a68571736880a1","","0","0","0","0.008713404","29.5498115263033","239.35","Error(0)","Reverted","Transfer"
"0xf2c894523c40de13cce37ad05d77879874fc8e4304136b8bba8ee59bead872f4","10410662","1594103399","2020-07-07 06:29:59","0xb78a63b0ce816af3a1ae53659953d28f82d6f50f","0xe36e2d3c7c34281fa3bc737950a68571736880a1","","0","0","0","0.008713404","29.5498115263033","239.35","Error(0)","Reverted","Transfer"
"0xdcba7e8992e62bbc283cf94275dd69efb7729b5b3c9b65ad765758f1f0a9b6bd","10410714","1594104104","2020-07-07 06:41:44","0xb78a63b0ce816af3a1ae53659953d28f82d6f50f","0xe36e2d3c7c34281fa3bc737950a68571736880a1","","0","0","0","0.008713404","29.5498115263033","239.35","Error(0)","Reverted","Transfer"
"0x593fdedb6a71eeef6cd59ae2826d029fe6a24ab77614d6489c4e93af57c4134b","10410723","1594104211","2020-07-07 06:43:31","0xb78a63b0ce816af3a1ae53659953d28f82d6f50f","0xe36e2d3c7c34281fa3bc737950a68571736880a1","","0","0","0","0.008919834","30.2498786405304","239.35","Error(0)","Reverted","Transfer"
"0x39a58f854ee75176d728c1466675edae913066e664844853f41b62b6826160a5","10426243","1594310531","2020-07-09 16:02:11","0xe7f6faca757a2d62342688d9246484e9bb6b2a05","0xe36e2d3c7c34281fa3bc737950a68571736880a1","","0","0","0","0.008711291","29.5426456986021","242.08","","","Transfer"
"0x55b7e9bd16d63918ea2f5f4150e33b984b1b10c2de6e13fe969bf97ff838b921","10433131","1594402608","2020-07-10 17:36:48","0x8a5d3479663e6927f6c527de8b8c85add4444097","0xe36e2d3c7c34281fa3bc737950a68571736880a1","","0","0","0","0.002431368","8.24551072704594","241.21","","","Approve"
"0x82bf17ff1bda51c358e69a09d35ef17c45c663c5ef5ad269375da6811ff87255","10597978","1596606434","2020-08-05 05:47:14","0xdf740589b16f5f642f9b0fce05dc1c00257b217b","0xe36e2d3c7c34281fa3bc737950a68571736880a1","","0","0","0","0.0027871554","9.45209435537689","401.12","","","Approve"
"0x41dc576c44e3e095c885a674969a66408f7767a342f50fe23c0cf87945c15340","11209080","1604735851","2020-11-07 07:57:31","0xdf740589b16f5f642f9b0fce05dc1c00257b217b","0xe36e2d3c7c34281fa3bc737950a68571736880a1","","0","0","0","0.0014308754","4.85253505835651","435.82","","","Approve"
"0xab6aafef7fc372eb8e2b210b03e321d1c178a8a5151968899c9df0548f9821bc","11231698","1605036993","2020-11-10 19:36:33","0x7d71dd229e9b8e782f69d0c7690f6f6adc6af9f3","0xe36e2d3c7c34281fa3bc737950a68571736880a1","","0","0","0","0.003791353","12.8576348095055","450.86","","","Transfer"
"0x0740f179c1a98e0e1ba4713e0c2b4003089b2796c8aeb45463d193d1ce306049","11422415","1607566159","2020-12-10 02:09:19","0x88b5e4c9da4a25f7798d8f5fac7403fc0380b5c6","0xe36e2d3c7c34281fa3bc737950a68571736880a1","","0","0","0","0.002983816","10.1190304534448","558.36","","","Approve"
"0xa19eb212030d988179910a21d55ca0fa18741061218654144cda0168ff30885f","11494100","1608519395","2020-12-21 02:56:35","0x21edbb8039a3d213843d7cc0ab5721ef134d5bc6","0xe36e2d3c7c34281fa3bc737950a68571736880a1","","0","0","0","0.00276955","9.39238907236176","607.90","","","Approve"
"0xce44c9b4b55d947052a63cb5cb589fb7337691b9e1c9de2e562cb1b09a15fa00","11515046","1608796046","2020-12-24 07:47:26","0x56e440baa0a333551dfa70f6028e7644405ddef4","0xe36e2d3c7c34281fa3bc737950a68571736880a1","","0","0","0","0.00459372","15.5787061181382","612.32","","","Transfer"
"0x16e0d538fae421b36fa8f9253b4b02700220cd0b6082b824e52ec446f9d2a9ed","11580174","1609659862","2021-01-03 07:44:22","0xfc31682d614e3021dd751f73f4ee4ae4a575dbf9","0xe36e2d3c7c34281fa3bc737950a68571736880a1","","0","0","0","0.007763475","26.3283124527644","978.69","","","Transfer"
"0x9f0dd433ca8736e0b1c8806c2622ed96ee87047fa9b4cbf3281b3938b932af20","11580188","1609660012","2021-01-03 07:46:52","0xfc31682d614e3021dd751f73f4ee4ae4a575dbf9","0xe36e2d3c7c34281fa3bc737950a68571736880a1","","0","0","0","0.007556745","25.6272279470038","978.69","","","Transfer"
"0xcb7d2b2adcaf28815342bde1365b2d78c728ce7ced75d4ff291a53349c145d07","11589126","1609778330","2021-01-04 16:38:50","0x94c97d2659a49b00781556cf59c1967debae2972","0xe36e2d3c7c34281fa3bc737950a68571736880a1","","0","0","0","0.010231569","34.698372251346","1043.16","","","Approve"
"0xef231c1b3b83e9f0aec76c35c630b17fde4c02334408173df72f4fff0f28b56f","11601469","1609942131","2021-01-06 14:08:51","0xb78a63b0ce816af3a1ae53659953d28f82d6f50f","0xe36e2d3c7c34281fa3bc737950a68571736880a1","","0","0","0","0.027824684","94.3619930831793","1210.59","","","Transfer"
"0x4a5296ea474a821bb9cfc3ffda0dc566ed5772e88e8a59c8e322260f1c8973dc","11668894","1610835129","2021-01-16 22:12:09","0xb78a63b0ce816af3a1ae53659953d28f82d6f50f","0xe36e2d3c7c34281fa3bc737950a68571736880a1","","0","0","0","0.007156154","24.2687016409662","1228.52","Error(0)","Reverted","Transfer"
"0x8d0fba9baa4d052d4298aaa75012ec4fc5464fbdfe04f1175eb234e31da20e3b","11668967","1610836102","2021-01-16 22:28:22","0xb78a63b0ce816af3a1ae53659953d28f82d6f50f","0xe36e2d3c7c34281fa3bc737950a68571736880a1","","0","0","0","0.01850629","62.7604758772933","1228.52","","","Transfer"
"0xb898a65fa990dde64112f56dccc4e9fab0e85ea231323d8ac7fcd19f4bf8bb39","11778003","1612284882","2021-02-02 16:54:42","0xaed610d86e09aaead6b17f7f6599652313ec540f","0xe36e2d3c7c34281fa3bc737950a68571736880a1","","0","0","0","0.015313917","51.9341650036486","1513.90","","","Approve"
"0x4a9e43e168b5bb9ca1c61b14a3d72fb401d76a0e91175ad608706a736da8df9c","11826458","1612929316","2021-02-10 03:55:16","0x986d726cb7ce8024363f7b7cdbc8ef131d04186d","0xe36e2d3c7c34281fa3bc737950a68571736880a1","","0","0","0","0.012304632","41.7287614003115","1743.00","","","Approve"
"0xa899109cbfccc7f8631f8862356df2e0dbac2589f05da59cbbbf1fda15ba5040","11834241","1613033042","2021-02-11 08:44:02","0x0741d4e07d204899f941f3b55826100a5b363832","0xe36e2d3c7c34281fa3bc737950a68571736880a1","","0","0","0","0.0119676","40.5857830558743","1787.69","","","Transfer"
"0xc3848b8c2bf418ba8919e5f2d214880e362f7e34f24878e5ae2ad124ddd87d33","11834451","1613035596","2021-02-11 09:26:36","0xb95ab72f7cb1f0dc8be80249a5079443bb4c77e7","0xe36e2d3c7c34281fa3bc737950a68571736880a1","","0","0","0","0.00927489","31.4539818683026","1787.69","","","Transfer"
"0xfa5167faf52c8cb26f7a6ecba706220929eaad72ed0e80fbd4dd2405c5924fda","11834781","1613040082","2021-02-11 10:41:22","0x1d3666a6b38a3b7eb22a98f62b2e52a44890450f","0xe36e2d3c7c34281fa3bc737950a68571736880a1","","0","0","0","0.00745752","25.2907256972863","1787.69","","","Approve"
"0xe4a5eb7f67b87589cadb15b8b6716e8fb65b47dbc637a529b07c75425772952f","11939079","1614425345","2021-02-27 11:29:05","0x6d72024bc80aa0bad3eab2c777366546ea3a806c","0xe36e2d3c7c34281fa3bc737950a68571736880a1","","0","0","0","0.006193521","21.0041194272871","1460.23","","","Approve"
"0x23969c0f38b63ee2dab09bc4a4bb6759be94e4a2185a6bb1289fa9423ec0467a","12012366","1615400155","2021-03-10 18:15:55","0xb6794f812847edad3ce8212d4708f8e25f77555e","0xe36e2d3c7c34281fa3bc737950a68571736880a1","","0","0","0","0.007721076","26.1845245073296","1795.63","","","Approve"
"0x66a119ca90264e25f5e6c15277421cde3d1ed6147e53ae2fc69843a22bb7b746","12012370","1615400214","2021-03-10 18:16:54","0xb6794f812847edad3ce8212d4708f8e25f77555e","0xe36e2d3c7c34281fa3bc737950a68571736880a1","","0","0","0","0.005482395053536779","18.5924743699189","1795.63","","","Approve"
"0xc32603b6e8ee43919fadeb2e8394685ba4b0f8595d3bbb3d951d7235dadb6f7c","12066150","1616116894","2021-03-19 01:21:34","0xc5d16847874f3c47c5dfec353d01105896459d0f","0xe36e2d3c7c34281fa3bc737950a68571736880a1","","0","0","0","0.009390177097165023","31.8449555902419","1809.76","","","Approve"
"0xd7ff0b9d8c1f167da864031be723b881ba31e2031e101d10cf23543b67b8030d","12123044","1616873813","2021-03-27 19:36:53","0x4cd7f032785385613d29ea6afedb332f213b530c","0xe36e2d3c7c34281fa3bc737950a68571736880a1","","0","0","0","0.00679167","23.0326251886","1713.94","","","Approve"
"0x5f6c3c0b6adaffb4784d23dff801e563af544a5d213dafdfd22dda10ef96d283","12201777","1617919340","2021-04-08 22:02:20","0x8dd7b3223b9c2f18b0f4b4108ed2a506f824b1ce","0xe36e2d3c7c34281fa3bc737950a68571736880a1","","0","0","0","0.007122027","24.1529665714161","2081.11","","","Approve"
"0x7bf2cb678b5e362ab9f3d2a444db8435592a69c9cca304e5fe63ed3fe53544d7","12310333","1619365561","2021-04-25 15:46:01","0x6d72024bc80aa0bad3eab2c777366546ea3a806c","0xe36e2d3c7c34281fa3bc737950a68571736880a1","","0","0","0","0.0062778","21.2899352308038","2322.14","","","Transfer"
"0x347942ee168e3f4a413220204c6bb6714a151a279a5084fee505b9a5a605e639","12321403","1619513414","2021-04-27 08:50:14","0x3007d83fc3c5e71e7b879fec9f86b4031a775537","0xe36e2d3c7c34281fa3bc737950a68571736880a1","","0","0","0","0.00279188","9.46811691550806","2667.93","","","Approve"
"0x34bd5ff824aefbacd4bbb90b62d7a1dbda1b0f8b23cafbdf13fd6bb34cb00d7e","12352582","1619928720","2021-05-02 04:12:00","0x1ca94024de2a3657c6220199f8b026c8e165330a","0xe36e2d3c7c34281fa3bc737950a68571736880a1","","0","0","0","0.002373506","8.04928303066746","2954.22","","","Approve"
"0x649812f3975ecb5d635282c3a6c781199e192ba99d222942b5b77d1c00f67807","12543319","1622480547","2021-05-31 17:02:27","0x93617280d57564241b4ad4f4e09e02968f3f2d76","0xe36e2d3c7c34281fa3bc737950a68571736880a1","","0","0","0","0.003223358","10.9313904625336","2707.38","","","Approve"
"0xfac8dae9278ecb0cd5dfb813aeaf028bc7b91dc754b18429b654fe4f5e3b1b32","12564885","1622768490","2021-06-04 01:01:30","0x89c81dec7ab1601e604d90451f6f101a4482963a","0xe36e2d3c7c34281fa3bc737950a68571736880a1","","0","0","0","0.001611679","5.46569523126679","2691.17","","","Approve"
"0xa711e8cc7d398287834938ba9a73e139a0c14c002d8fcef3dd4be7b4339930c1","12564928","1622769000","2021-06-04 01:10:00","0x89c81dec7ab1601e604d90451f6f101a4482963a","0xe36e2d3c7c34281fa3bc737950a68571736880a1","","0","0","0","0.001042206","3.53443853533963","2691.17","","","Approve"
"0x9d6e9377615e6d431ff1ec1c4e3cd3ed9f0394f0dbb966f3edf16f61832dc724","12658862","1624025620","2021-06-18 14:13:40","0xe9ba60eefdba996a66a7f5415dda83573a70c492","0xe36e2d3c7c34281fa3bc737950a68571736880a1","","0","0","0","0.001331387","4.51513953887256","2233.57","","","Approve"
"0x90f7c3fa20fa7abed6e6711a52e5d4d46565213feb7a67a1462d522343f3d73d","12668166","1624150571","2021-06-20 00:56:11","0x229fed4f4192ba3aba690e37088bb4a68881df3d","0xe36e2d3c7c34281fa3bc737950a68571736880a1","","0","0","0","0.00070073","2.37638923098556","2243.60","","","Approve"
"0x9dd46be6762dd6d1f876c9bf9f2e8455206bf1d97aa323980cd4be0e22bbce23","12788469","1625770723","2021-07-08 18:58:43","0x2a3ca9341262368fbf11a903a0aa9ec31f32fe97","0xe36e2d3c7c34281fa3bc737950a68571736880a1","","0","0","0","0.002242336","7.60444553915379","2114.51","","","Approve"
"0xd94687b0925e52df75c6260aa6b3144554c8a8e8e65a1db0f3a02cbaa0bb3e1d","12930550","1627696478","2021-07-31 01:54:38","0xf49d39cee495df6c005c03c96f3ca3620faf7c93","0xe36e2d3c7c34281fa3bc737950a68571736880a1","","0","0","0","0.001745225","5.91859046372608","2531.75","","","Approve"
"0x4e9606b7f65d95ce75c5ff537d83ff759ff77e276cd5cbea2973e121c5d18d21","13128489","1630347872","2021-08-30 18:24:32","0xc28c081238c5fcd4c6e12f338b152275f74f5613","0xe36e2d3c7c34281fa3bc737950a68571736880a1","","0","0","0","0.01767858383439487","59.9534717268154","3228.46","","","Approve"
"0x8e693d6bd61ee38de288e09fae857bb87c05499c36a93c3832355826dd4db2f5","13299497","1632633279","2021-09-26 05:14:39","0x62d75fde870bd14baba4ccbfc706a92c6528e944","0xe36e2d3c7c34281fa3bc737950a68571736880a1","","0","0","0","0.0028519711","9.67190417011123","3064.21","","","Approve"
"0x8478b42ce54b90d15f52823c8e27ec09f96ae52a4e622d4f0fa88596380ac549","13903272","1640821332","2021-12-29 23:42:12","0x9378fbcaa8d2b4e1ef2f4b1ef26d44f8e45b0733","0xe36e2d3c7c34281fa3bc737950a68571736880a1","","0","0","0","0.01035182794232513","35.1062070171918","3629.31","","","Approve"
"0xf6615000ed39787b8dc808d89f0cc0618c3df696463315c246e266604e656407","14010408","1642255044","2022-01-15 13:57:24","0xf49d39cee495df6c005c03c96f3ca3620faf7c93","0xe36e2d3c7c34281fa3bc737950a68571736880a1","","0","0","0","0.009220517991508866","31.2695897979682","3328.63","","","Approve"
"0xe207105e6375a1ba38a8353abafc245fdbb7fd99bc0c7559bb90d51ab7b0c55c","14095127","1643385557","2022-01-28 15:59:17","0x798aafcaf1b9ee461d7d30f034dcab006dc49510","0xe36e2d3c7c34281fa3bc737950a68571736880a1","","0","0","0","0.028819853788498048","97.736917474013","2547.03","","","Transfer"
"0xa93c119d51c04ea45b6796dd23b463a7b9f87ac55ed100cc24b0d9b0f69fedc5","15370803","1660905767","2022-08-19 10:42:47","0x94c97d2659a49b00781556cf59c1967debae2972","0xe36e2d3c7c34281fa3bc737950a68571736880a1","","0","0","0","0.000885903660263097","3.00436961160492","1609.05","","","Transfer"
"0xaa48da525bfc7e95d29475f45729fa7cd39cd6b1ba2ad6bd8a82368a6e66ff32","15484938","1662478859","2022-09-06 15:40:59","0x6dfe6f4c9adbc0fdb7c231913f76fa13bef34afc","0xe36e2d3c7c34281fa3bc737950a68571736880a1","","0","0","0","0.00151046994747537","5.12246445408045","1558.90","","","Approve"
"0x53920bf8b35a81393ed0163f036249348070713e018cbb35964eb00548c00c27","15485011","1662479984","2022-09-06 15:59:44","0x6dfe6f4c9adbc0fdb7c231913f76fa13bef34afc","0xe36e2d3c7c34281fa3bc737950a68571736880a1","","0","0","0","0.000402920594288064","1.36642667105512","1558.90","Error(0)","out of gas","Approve"
"0x04bcc4e81293cdc1943ae23e1d480229d8aadeadce12aab2accada99c35edc68","15485013","1662480032","2022-09-06 16:00:32","0x6dfe6f4c9adbc0fdb7c231913f76fa13bef34afc","0xe36e2d3c7c34281fa3bc737950a68571736880a1","","0","0","0","0.00049479312332853","1.67799444842326","1558.90","Error(0)","out of gas","Approve"
"0x6151e95172e646f14ea5307e64b6e889a8bff9746add17012092b9df572052a8","15581816","1663764095","2022-09-21 12:41:35","0xe86b772922208ea0199dd83263e400001ae242da","0xe36e2d3c7c34281fa3bc737950a68571736880a1","","0","0","0","0.00087634","2.97193632166724","1246.29","","","Transfer"
"0x4c613ab04f134ebcfc1b4ea52f964f9816585ba4458e4100acd97fc521dbe9f5","15921276","1667861843","2022-11-07 22:57:23","0x406e7d462f7abcfb534b80c25503a9372a43c866","0xe36e2d3c7c34281fa3bc737950a68571736880a1","","0","0","0","0.002421560447385184","8.21225032372915","1568.45","","","Transfer"
