"Transaction Hash","Blockno","UnixTimestamp","DateTime (UTC)","From","To","ContractAddress","Value_IN(ETH)","Value_OUT(ETH)","CurrentValue @ $3391.73309765497/Eth","TxnFee(ETH)","TxnFee(USD)","Historical $Price/Eth","Status","ErrCode","Method"
"0x408e7243b60a7a6b34c50a5a94dee74c573c680196c94c9dbacc3f0e134f441f","20193859","1719622043","2024-06-29 00:47:23","0x10dce18d6b5c779bc8de620f8d0a561dfc3a51f0","0xc011a73ee8576fb46f5e1c5751ca3b9fe0af2a6f","","0","0","0","0.00036399425390856","1.23457135833789","3373.52","","","Transfer"
"0xa1d64060d0eb62fe59fbb0792a08ead0182d24ef7c18f57b0d8d2113657616a0","20193870","1719622175","2024-06-29 00:49:35","0x20a3a4ae2aacb8bbcfd89dc71280dd18cd9a0cb4","0xc011a73ee8576fb46f5e1c5751ca3b9fe0af2a6f","","0","0","0","0.000348649779883392","1.18252699792062","3373.52","","","Transfer"
"0x90021a13306bc392672b4b35a661d01a55ab90227ce966df5ca9a142a156dd95","20193914","1719622715","2024-06-29 00:58:35","0xdfd5293d8e347dfe59e90efd55b2956a1343963d","0xc011a73ee8576fb46f5e1c5751ca3b9fe0af2a6f","","0","0","0","0.00053537730915474","1.81585693919359","3373.52","","","Transfer"
"0x1b1c47cc46e3ab4992fd1357dc68d29a4cdfb0108e9df4647bde54800a01b451","20193957","1719623231","2024-06-29 01:07:11","0x28c6c06298d514db089934071355e5743bf21d60","0xc011a73ee8576fb46f5e1c5751ca3b9fe0af2a6f","","0","0","0","0.000533868243185256","1.81073859019835","3373.52","","","Transfer"
"0x76fb1f1b866c17b5fac6b4ef860492c42940c40d0ed4f76da5f8ad5313cb8915","20193964","1719623315","2024-06-29 01:08:35","0x73860dc8055a36199fa017e4d9b6584e1497df85","0xc011a73ee8576fb46f5e1c5751ca3b9fe0af2a6f","","0","0","0","0.00021507592561686","0.729480135423483","3373.52","","","Transfer"
"0xa8da6e15c6f3f5071713b9bd22b279befaf5fcdeb40cdd6e9ac61b7c6723fa96","20193995","1719623687","2024-06-29 01:14:47","0x0d0452f487d1edc869d1488ae984590ca2900d2f","0xc011a73ee8576fb46f5e1c5751ca3b9fe0af2a6f","","0","0","0","0.000368864099930033","1.2510885762694","3373.52","","","Transfer From"
"0xdaff34b4d5b1f50f1cb52717ba64d6ff968316573f7076e12b561ffc1335a667","20194015","1719623927","2024-06-29 01:18:47","0x910dedbff58c4d39967bff0f9e89b1a3a2518f93","0xc011a73ee8576fb46f5e1c5751ca3b9fe0af2a6f","","0","0","0","0.000077671656930501","0.263441529560882","3373.52","","","Approve"
"0xde7ac25788908fa22a2290fd31295b935e3d5114f35b53bd438d64f36238f438","20194015","1719623927","2024-06-29 01:18:47","0x910dedbff58c4d39967bff0f9e89b1a3a2518f93","0xc011a73ee8576fb46f5e1c5751ca3b9fe0af2a6f","","0","0","0","0.000076417041760101","0.259186209762617","3373.52","","","Approve"
"0x3144cc808f674e99b31304dc10967659c54eb5e86a6fb299343bae95038201a3","20194072","1719624611","2024-06-29 01:30:11","0xc46a350812adfcc13d53bb0d565e5e01ddbfe734","0xc011a73ee8576fb46f5e1c5751ca3b9fe0af2a6f","","0","0","0","0.00019888724082444","0.674572437405528","3373.52","","","Transfer"
"0xd875caa4ab4e99bfeed59b04fc706abffe7a13a845ef761a278aede688404ace","20194097","1719624911","2024-06-29 01:35:11","0x9e5a57470a2a136a3d4de39e1996e05944c4b1fb","0xc011a73ee8576fb46f5e1c5751ca3b9fe0af2a6f","","0","0","0","0.000082931143954449","0.281280305776694","3373.52","","","Approve"
"0x27350e042a55b9bcc3d9887f31268bc6f2ec232d62a1cb53b97966e27e727855","20194126","1719625259","2024-06-29 01:40:59","0xea9b5aad78260129823efa0a25ec21891eec396e","0xc011a73ee8576fb46f5e1c5751ca3b9fe0af2a6f","","0","0","0","0.000416774801801736","1.41358888953954","3373.52","","","Transfer"
"0xaa1cbcb31a7c50956602a5c344859e06919e393cf5c845cd83bdc93162416da3","20194128","1719625283","2024-06-29 01:41:23","0x9e5a57470a2a136a3d4de39e1996e05944c4b1fb","0xc011a73ee8576fb46f5e1c5751ca3b9fe0af2a6f","","0","0","0","0.000086919927187548","0.294809193887767","3373.52","","","Approve"
"0xdb81d8001d099c21cf57ada56f4d992373aed572c25363308ff0bf1fd6831a4b","20194129","1719625295","2024-06-29 01:41:35","0x9e5a57470a2a136a3d4de39e1996e05944c4b1fb","0xc011a73ee8576fb46f5e1c5751ca3b9fe0af2a6f","","0","0","0","0.000082683714604106","0.280441091459804","3373.52","","","Approve"
"0x31a6058481d0c08c44f0e2691191150b1b059995684ca54e7e9a8741bb2e369b","20194129","1719625295","2024-06-29 01:41:35","0x9e5a57470a2a136a3d4de39e1996e05944c4b1fb","0xc011a73ee8576fb46f5e1c5751ca3b9fe0af2a6f","","0","0","0","0.000082501334211989","0.279822505847497","3373.52","","","Approve"
"0x031af57c38b62a1a324e9f6b83035a27dea4c110d28adbcf8474649e82e9df6f","20194130","1719625307","2024-06-29 01:41:47","0x9e5a57470a2a136a3d4de39e1996e05944c4b1fb","0xc011a73ee8576fb46f5e1c5751ca3b9fe0af2a6f","","0","0","0","0.000081879574783006","0.277713663813437","3373.52","","","Approve"
"0xfc2a31a1a0a9fe7b911b15e2f1b2e44df25db8aefa0f1b5009d81daa92759166","20194131","1719625319","2024-06-29 01:41:59","0x9e5a57470a2a136a3d4de39e1996e05944c4b1fb","0xc011a73ee8576fb46f5e1c5751ca3b9fe0af2a6f","","0","0","0","0.000081144719359858","0.275221230352754","3373.52","","","Approve"
"0x99cfc45e99f54dcb62399e99f1e30fd3c973241d5f7401b23be2be573e35ef70","20194132","1719625331","2024-06-29 01:42:11","0x9e5a57470a2a136a3d4de39e1996e05944c4b1fb","0xc011a73ee8576fb46f5e1c5751ca3b9fe0af2a6f","","0","0","0","0.000079612023411074","0.270022734774622","3373.52","","","Approve"
"0x14a26a411a8ffd5b468165be69a4590fdf7dc96722fb99b68c16242350c77f5c","20194133","1719625343","2024-06-29 01:42:23","0x9e5a57470a2a136a3d4de39e1996e05944c4b1fb","0xc011a73ee8576fb46f5e1c5751ca3b9fe0af2a6f","","0","0","0","0.00008990896197456","0.304947202104917","3373.52","Error(0)","execution reverted","Approve"
"0x116586c498775dda30f548e99eebbb202a5fa9cc27b122f14c7c96c38f829662","20194134","1719625355","2024-06-29 01:42:35","0x9e5a57470a2a136a3d4de39e1996e05944c4b1fb","0xc011a73ee8576fb46f5e1c5751ca3b9fe0af2a6f","","0","0","0","0.00009141958764322","0.310070841183479","3373.52","Error(0)","execution reverted","Approve"
"0x4453a30b317f32984ef0f46e2c4ad1551d68455df9d3a6299afc1f121dc3fe58","20194173","1719625835","2024-06-29 01:50:35","0x8c1549bc88e4654aa761e8a8a6eb1886e9d74083","0xc011a73ee8576fb46f5e1c5751ca3b9fe0af2a6f","","0","0","0","0.000417579681993408","1.41631882832528","3373.52","","","Transfer"
"0xcc6d9a00534df3018fdb923285e8d431951fa746f80ebea60971072120d22ef0","20194224","1719626471","2024-06-29 02:01:11","0x288a16632ca8c739722d3274bcdead1cda9a15d3","0xc011a73ee8576fb46f5e1c5751ca3b9fe0af2a6f","","0","0","0","0.00019176","0.650398738806317","3373.52","","","Transfer"
"0x412d5738eab1937679fc6b1370f9974b19158cd5b807b8b349b95608b1746038","20194318","1719627599","2024-06-29 02:19:59","0x21a31ee1afc51d94c2efccaa2092ad1028285549","0xc011a73ee8576fb46f5e1c5751ca3b9fe0af2a6f","","0","0","0","0.000454973795951844","1.54314968229559","3373.52","","","Transfer"
"0x4960e62bddc427202234eb21b5a53132d8be1ba3c5614bc7c97210326f8e2bc5","20194327","1719627707","2024-06-29 02:21:47","0x21ccb218c44bb8d31cde13b6998bd166de723ec8","0xc011a73ee8576fb46f5e1c5751ca3b9fe0af2a6f","","0","0","0","0.0001415998899378","0.480269033326337","3373.52","","","Approve"
"0x6b46ea69ed6d3c5404d6384632c7b068a2ad090a6c06a10af6f3a2b5d10419fd","20194333","1719627779","2024-06-29 02:22:59","0x7905c68385b6919d8ae2ffb90fbf2c3c5c218de4","0xc011a73ee8576fb46f5e1c5751ca3b9fe0af2a6f","","0","0","0","0.000114456","0.388204203425197","3373.52","","","Approve"
"0x34adce4b67c49aef090cf12228a731a429afd19ae83968863657375e24107578","20194369","1719628211","2024-06-29 02:30:11","0xa154fdb2b0c272440802f27601e0546c45e5542a","0xc011a73ee8576fb46f5e1c5751ca3b9fe0af2a6f","","0","0","0","0.000191736","0.650317337211973","3373.52","","","Transfer"
"0xbeffdc325baf6067a73ac886ede2006ac34756de3cae944e6ffdb4a5bf57f340","20194438","1719629039","2024-06-29 02:43:59","0x0c6c9b805d2ebb7a7a26deda13939d6feb3b2b03","0xc011a73ee8576fb46f5e1c5751ca3b9fe0af2a6f","","0","0","0","0.000147220492548888","0.49933261723113","3373.52","","","Transfer"
"0x850ccff12389b67d4dae1396189c58acca1d0dc3d3bfac08d717b7033f393f75","20194465","1719629363","2024-06-29 02:49:23","0x260d45e212d5c37ef45ff5d600f44fccb533ce9d","0xc011a73ee8576fb46f5e1c5751ca3b9fe0af2a6f","","0","0","0","0.00022110637874808","0.749933822902498","3373.52","","","Transfer"
"0x3783f5da9b05f22abb4cda4b2aceb54ecfe7425791a92ccb3451a8093580e5ef","20194494","1719629711","2024-06-29 02:55:11","0xfd45e2fb3ed5b62ecc449568ede5b07ff02087ee","0xc011a73ee8576fb46f5e1c5751ca3b9fe0af2a6f","","0","0","0","0.000258349566033072","0.876252773879168","3373.52","","","Approve"
"0xc3fdcea1cf9d3fb45b8edc26f18864b1557de9d235a4262d7183003194231316","20194539","1719630263","2024-06-29 03:04:23","0xcbea7739929cc6a2b4e46a1f6d26841d8d668b9e","0xc011a73ee8576fb46f5e1c5751ca3b9fe0af2a6f","","0","0","0","0.000258021749537136","0.875140907819945","3373.52","","","Transfer"
"0x74c9aae12c3c39130d60331caca769bdadb2464d86cc55058e12c4af47e408bb","20194565","1719630575","2024-06-29 03:09:35","0xdfd5293d8e347dfe59e90efd55b2956a1343963d","0xc011a73ee8576fb46f5e1c5751ca3b9fe0af2a6f","","0","0","0","0.000531592168000572","1.8030187506617","3373.52","","","Transfer"
"0x627c76517a1134f54ed5b6f074893171a1040dd4aecc8c028737ec2fa5295d48","20194595","1719630935","2024-06-29 03:15:35","0xebc18d25d8122da21f73a6bcb78971671f21f6ff","0xc011a73ee8576fb46f5e1c5751ca3b9fe0af2a6f","","0","0","0","0.000223592668557228","0.758366654338548","3373.52","","","Transfer"
"0x207817112d32e58581f860e236f4ce0092905b6e29a4eaedb054c52461e790d4","20194641","1719631487","2024-06-29 03:24:47","0x2ab7249404146652fbd5baec337b66bcf8070ce3","0xc011a73ee8576fb46f5e1c5751ca3b9fe0af2a6f","","0","0","0","0.00006553610748","0.222280984831389","3373.52","","","Approve"
"0x7e09ad4f2ba1ad13bc72ebe0babfe1b6bb6402ff0936f38892b7a9b9b38721c3","20194643","1719631511","2024-06-29 03:25:11","0xff40538a2364e2bec3d87273a8982fc0091923d8","0xc011a73ee8576fb46f5e1c5751ca3b9fe0af2a6f","","0","0","0","0.000033861971","0.114850767792533","3373.52","Error(0)","out of gas","Transfer"
"0x64013a30aca3536aae047529d7e5b783800209dd190256aa2834fa27a5f86af0","20194643","1719631511","2024-06-29 03:25:11","0x2ab7249404146652fbd5baec337b66bcf8070ce3","0xc011a73ee8576fb46f5e1c5751ca3b9fe0af2a6f","","0","0","0","0.00006184691436","0.209768226422644","3373.52","","","Approve"
"0x8968c2ae6b45357de192dbfc1df924272bbfe487e4c46b1d526d5c241a57fdc0","20194643","1719631511","2024-06-29 03:25:11","0x2ab7249404146652fbd5baec337b66bcf8070ce3","0xc011a73ee8576fb46f5e1c5751ca3b9fe0af2a6f","","0","0","0","0.00006183103548","0.209714369499795","3373.52","","","Approve"
"0x698e8fcfb3849b7d70545aee3a68936e69fb6e083f4ab7b01a666d970efdb265","20194927","1719634943","2024-06-29 04:22:23","0x77d04bbbea12379254d2e05a1a086843068843a2","0xc011a73ee8576fb46f5e1c5751ca3b9fe0af2a6f","","0","0","0","0.000135656275623708","0.460109879937536","3373.52","","","Transfer"
"0xbac221638ec5d8a3386b6ae05089bad433553c5b4fca910a6ff989a96aa803f4","20195052","1719636443","2024-06-29 04:47:23","0x6cc5f688a315f3dc28a7781717a9a798a59fda7b","0xc011a73ee8576fb46f5e1c5751ca3b9fe0af2a6f","","0","0","0","0.000338832475285824","1.14922932098729","3373.52","","","Transfer"
"0x318622444962d5d258ec90052750eb570bd54c475cdc58fd3d5b2891f7145adb","20195062","1719636563","2024-06-29 04:49:23","0x6cc5f688a315f3dc28a7781717a9a798a59fda7b","0xc011a73ee8576fb46f5e1c5751ca3b9fe0af2a6f","","0","0","0","0.000340164003228024","1.1537455083793","3373.52","","","Transfer"
"0x687aeb80ed26b30e364472b094f027b5e5586b038535fbac674b2133f53272c7","20195133","1719637427","2024-06-29 05:03:47","0x2e547cc5498e470cece0a9c7b10bdb31fb4eaa65","0xc011a73ee8576fb46f5e1c5751ca3b9fe0af2a6f","","0","0","0","0.000113226800758797","0.384035087675197","3373.52","","","Approve"
"0x0e5e680cf452a0108694bef6dca0d7a63675f579f46231fd94fafd80661c8d33","20195204","1719638279","2024-06-29 05:17:59","0x1348550eff161a0ac890dbf524993382ddb1cc6f","0xc011a73ee8576fb46f5e1c5751ca3b9fe0af2a6f","","0","0","0","0.00039075586426548","1.325339597932","3373.52","","","Transfer"
"0xb1475a30bd0814732f9f496cf75b7ba45aa1c099df721632995a2dabc1bfbeb9","20195211","1719638363","2024-06-29 05:19:23","0x0d0452f487d1edc869d1488ae984590ca2900d2f","0xc011a73ee8576fb46f5e1c5751ca3b9fe0af2a6f","","0","0","0","0.000458435088208416","1.55488946180286","3373.52","","","Transfer"
"0x2c0d5efcd7b86e60119582177c0047589c4d9a6e5ac266fc7bc166b50066ed67","20195260","1719638951","2024-06-29 05:29:11","0x0d0452f487d1edc869d1488ae984590ca2900d2f","0xc011a73ee8576fb46f5e1c5751ca3b9fe0af2a6f","","0","0","0","0.000384168454060864","1.30299686071318","3373.52","","","Transfer"
"0x3f5c0289091130ac0a31474539853692d1301ec9130fcd2410b2d359a01163f8","20195296","1719639383","2024-06-29 05:36:23","0xf89d7b9c864f589bbf53a82105107622b35eaa40","0xc011a73ee8576fb46f5e1c5751ca3b9fe0af2a6f","","0","0","0","0.000457395234898272","1.55136255691414","3373.52","","","Transfer"
"0xc0a7ff57b8e2e940beaaf1a9d351f9eb6f291c6239bd211a4752504668f56938","20195360","1719640151","2024-06-29 05:49:11","0x67594618b180c49bd534d5205b7469c633cc6f04","0xc011a73ee8576fb46f5e1c5751ca3b9fe0af2a6f","","0","0","0","0.000251373663610368","0.852592374746072","3373.52","","","Transfer"
"0xec9cedc6c20e2bae9afc20eee6edbc841b30aec1873699190f56e03b9523db96","20195379","1719640379","2024-06-29 05:52:59","0xf89d7b9c864f589bbf53a82105107622b35eaa40","0xc011a73ee8576fb46f5e1c5751ca3b9fe0af2a6f","","0","0","0","0.00047245213358118","1.602431538525","3373.52","","","Transfer"
"0x59faf3c044e1b4f50caa0c93676a9464aedc94a39a6f0671f2bf4581d5713d12","20195403","1719640667","2024-06-29 05:57:47","0x8942ae01572653790d83959bed158498fb2fa330","0xc011a73ee8576fb46f5e1c5751ca3b9fe0af2a6f","","0","0","0","0.00015487873961322","0.525307347269244","3373.52","","","Approve"
"0x508f4f69f6512162e1b00c02a3ccb9957c58427f5693a0dc762795e89e9e1363","20195464","1719641423","2024-06-29 06:10:23","0xf89d7b9c864f589bbf53a82105107622b35eaa40","0xc011a73ee8576fb46f5e1c5751ca3b9fe0af2a6f","","0","0","0","0.000465582225366048","1.57913064345388","3373.52","","","Transfer"
"0x346781575508425fff0da55cb78290b9522d1cc33938e35f186173d694563198","20195480","1719641615","2024-06-29 06:13:35","0xf60c2ea62edbfe808163751dd0d8693dcb30019c","0xc011a73ee8576fb46f5e1c5751ca3b9fe0af2a6f","","0","0","0","0.000398103299494212","1.35026013718017","3373.52","","","Transfer"
"0xcf2012114afc4f2fe08d384d51fc14816aa77b5e161a4fbf0a6bb98904e8c051","20195551","1719642467","2024-06-29 06:27:47","0x82453cbb815e3cb97ef8dbe1bee4e74fe395cf54","0xc011a73ee8576fb46f5e1c5751ca3b9fe0af2a6f","","0","0","0","0.000276205217882112","0.936814379235762","3373.52","","","Transfer"
"0x34826291e37134a1f337460c43ff303878d274d3a6d45c7a8462c99ef0ee2de5","20195566","1719642647","2024-06-29 06:30:47","0xab782bc7d4a2b306825de5a7730034f8f63ee1bc","0xc011a73ee8576fb46f5e1c5751ca3b9fe0af2a6f","","0","0","0","0.000260596684757376","0.883874400830751","3373.52","","","Transfer"
"0xe91112476ce2ed0e82ff710d130ddc5dfd5d9ef6c2f3aff08bd3f5e607761005","20195566","1719642647","2024-06-29 06:30:47","0x58b704065b7aff3ed351052f8560019e05925023","0xc011a73ee8576fb46f5e1c5751ca3b9fe0af2a6f","","0","0","0","0.000235127312579592","0.797489088238868","3373.52","","","Transfer"
"0xfa674a4a9de978e3dd8cd756913adb5c32ce01da89dbe4b7d0c8e57fa49b2ef0","20195573","1719642731","2024-06-29 06:32:11","0x48c04ed5691981c42154c6167398f95e8f38a7ff","0xc011a73ee8576fb46f5e1c5751ca3b9fe0af2a6f","","0","0","0","0.000302004","1.02431696242419","3373.52","","","Transfer"
"0x2dbbc591e34568d7dfa577926bed152c198fb5698a7c21732a65bee1df1a5e05","20195604","1719643103","2024-06-29 06:38:23","0x82453cbb815e3cb97ef8dbe1bee4e74fe395cf54","0xc011a73ee8576fb46f5e1c5751ca3b9fe0af2a6f","","0","0","0","0.000231896481918768","0.786530972953633","3373.52","","","Transfer"
"0xd839b5804efc3655ca95bea528753fc202e3361a72c50d6f4f48e9deacb7c0c2","20195661","1719643787","2024-06-29 06:49:47","0xf89d7b9c864f589bbf53a82105107622b35eaa40","0xc011a73ee8576fb46f5e1c5751ca3b9fe0af2a6f","","0","0","0","0.00041459338039032","1.40619009033851","3373.52","","","Transfer"
"0xcd04dda22798889f1f4cd4fbf42c916409a4fd620dc610215d352434616da7a0","20195674","1719643943","2024-06-29 06:52:23","0x0d0452f487d1edc869d1488ae984590ca2900d2f","0xc011a73ee8576fb46f5e1c5751ca3b9fe0af2a6f","","0","0","0","0.000482093788905936","1.63513346000615","3373.52","","","Transfer"
"0xf047c1fadb1d1c7612f4618f50b9c81b6daf39f3588a7fedc86f1c3d8f5f23d4","20195817","1719645659","2024-06-29 07:20:59","0x3177e772d145fbe4bf8ae00a8c780d3cc57ab826","0xc011a73ee8576fb46f5e1c5751ca3b9fe0af2a6f","","0","0","0","0.000287604","0.97547600581796","3373.52","","","Transfer"
"0x9a6dc23178150389261b21001527fd2002c9cbcd6f68d2966d5d6bbd4c02966a","20195835","1719645875","2024-06-29 07:24:35","0x9fb119d220a66a437623f6985e0f83261acfcb40","0xc011a73ee8576fb46f5e1c5751ca3b9fe0af2a6f","","0","0","0","0.000250296086282544","0.848937520058009","3373.52","","","Transfer"
"0x2e654987c0d56c664839e66f2c857d127191aaff5505cae3625841083079308c","20195845","1719645995","2024-06-29 07:26:35","0x28c6c06298d514db089934071355e5743bf21d60","0xc011a73ee8576fb46f5e1c5751ca3b9fe0af2a6f","","0","0","0","0.000585285974702316","1.98513381199109","3373.52","","","Transfer"
"0x90fbff5e58011c26a7b3d6b2ed710cf0aea9b48c61b9c176fc0e968e6e15462a","20195904","1719646715","2024-06-29 07:38:35","0x2010eac7522cd2c8018b54c0353460db295397b2","0xc011a73ee8576fb46f5e1c5751ca3b9fe0af2a6f","","0","0","0","0.000274345850730432","0.930507902126716","3373.52","","","Transfer"
"0x8d14e0c14d98de2422514b6505ad003cef28e14c053d348c4b65a82ef1f76e9c","20195936","1719647111","2024-06-29 07:45:11","0x75e89d5979e4f6fba9f97c104c2f0afb3f1dcb88","0xc011a73ee8576fb46f5e1c5751ca3b9fe0af2a6f","","0","0","0","0.001059696","3.59420599665258","3373.52","","","Transfer"
"0x610904c17503f5dcaba1ede3cfbd91969251137e50d73e79f42bc9e676fbfeaf","20196125","1719649391","2024-06-29 08:23:11","0x2f13d388b85e0ecd32e7c3d7f36d1053354ef104","0xc011a73ee8576fb46f5e1c5751ca3b9fe0af2a6f","","0","0","0","0.000495372786117","1.68017227435059","3373.52","","","Transfer"
"0xbba5e47ff2c1733dd25c07ada4782ee4f6db7fd334371a4d7a171758a70df77d","20196244","1719650843","2024-06-29 08:47:23","0x6cc5f688a315f3dc28a7781717a9a798a59fda7b","0xc011a73ee8576fb46f5e1c5751ca3b9fe0af2a6f","","0","0","0","0.000414538296712848","1.40600326120648","3373.52","","","Transfer"
"0x58480885d69859d52b1152caac3a4ef00d0b86fff7cbf65534399b8838874410","20196251","1719650927","2024-06-29 08:48:47","0xe4b819e6b9bf767239e787b565deebb3919656d2","0xc011a73ee8576fb46f5e1c5751ca3b9fe0af2a6f","","0","0","0","0.000296168765740968","1.00452540525526","3373.52","","","Transfer"
"0x5db197bc721f44333ad81899380cc765ac9498abdc71e024ec24aae505c68d54","20196255","1719650975","2024-06-29 08:49:35","0x20a3a4ae2aacb8bbcfd89dc71280dd18cd9a0cb4","0xc011a73ee8576fb46f5e1c5751ca3b9fe0af2a6f","","0","0","0","0.0004189244012388","1.42087975709693","3373.52","","","Transfer"
"0xd09c7d9929a5f377ed147154038af71b011fd021481e3014950efb71d26ae2b1","20196329","1719651863","2024-06-29 09:04:23","0xcda4b19ef8ffd46103008164aba2f3dee33c16b1","0xc011a73ee8576fb46f5e1c5751ca3b9fe0af2a6f","","0","0","0","0.000291225065474367","0.987757693436146","3373.52","","","Approve"
"0x63fcb1c21c6ac16b20dc045174b90077941a022964a13f1df99d27a2fa352c47","20196333","1719651911","2024-06-29 09:05:11","0x63996593469b3b844644ee0a0a8f6540feb58fce","0xc011a73ee8576fb46f5e1c5751ca3b9fe0af2a6f","","0","0","0","0.000253531642517136","0.859911663228198","3373.52","","","Transfer"
"0x23df56d497bed2260747c1239beb34e222b4f238cfe7437c970d376ba415698a","20196349","1719652103","2024-06-29 09:08:23","0x1c4b3572f63bd463b24882a60575a2b2d74c2028","0xc011a73ee8576fb46f5e1c5751ca3b9fe0af2a6f","","0","0","0","0.00044716875","1.516677049612","3373.52","","","Approve"
"0x96ddefca91e7552f8ea7d0e54d88c1f3fa21504615fde440f5b3bf2cc0dd47ed","20196350","1719652115","2024-06-29 09:08:35","0x0d0452f487d1edc869d1488ae984590ca2900d2f","0xc011a73ee8576fb46f5e1c5751ca3b9fe0af2a6f","","0","0","0","0.000403657468497317","1.36909839601797","3373.52","","","Transfer From"
"0x9906c49683949c24832d2cdabd4b22b15ad98b83bd6343c15b3f07bda11cbb3b","20196373","1719652403","2024-06-29 09:13:23","0x4f2aebd09edfdfb31654d28be61059f22bac64ab","0xc011a73ee8576fb46f5e1c5751ca3b9fe0af2a6f","","0","0","0","0.000218333536963086","0.740529083645774","3373.52","","","Approve"
"0x84db582e4f6a1627c9c71f2d154fbc021c036abd830e84f039fb9e7317b86ed5","20196385","1719652547","2024-06-29 09:15:47","0xf7c8f4cb14586b5c6e7ab9fa8044d064eb1d9e09","0xc011a73ee8576fb46f5e1c5751ca3b9fe0af2a6f","","0","0","0","0.000149652822660516","0.507582431775162","3373.52","","","Approve"
"0xf3d3be5c74563f097eb8365108c88476a68be37e2b5a6bd128a6d932ed35bcf6","20196398","1719652703","2024-06-29 09:18:23","0xf7c8f4cb14586b5c6e7ab9fa8044d064eb1d9e09","0xc011a73ee8576fb46f5e1c5751ca3b9fe0af2a6f","","0","0","0","0.000234061169668112","0.793873016039171","3373.52","","","Transfer"
"0x8f01dcf03d6daad92f4a2d05433ece256bd6348df84e0fd84fa0d10bbc50fb31","20196438","1719653183","2024-06-29 09:26:23","0x7a4949ae01c618010ff2a1d0999eb2122258e9b2","0xc011a73ee8576fb46f5e1c5751ca3b9fe0af2a6f","","0","0","0","0.000191736","0.650317337211973","3373.52","","","Transfer"
"0x4a8b5666b1c7302bf733622cc3afe13399480d19f337cb03c4a03584366ee172","20196452","1719653351","2024-06-29 09:29:11","0x9a544861d745d916255887e3ad92d0989a5cb755","0xc011a73ee8576fb46f5e1c5751ca3b9fe0af2a6f","","0","0","0","0.000191712","0.65023593561763","3373.52","","","Transfer"
"0xa3a748e2e465de59ea34cc5477cfa91ce47abf9bc56940131488d3e1225c2021","20196477","1719653651","2024-06-29 09:34:11","0xbbb1f4db3cd39e72568e6651b97702e74efdb57d","0xc011a73ee8576fb46f5e1c5751ca3b9fe0af2a6f","","0","0","0","0.000233719305346116","0.79271350350335","3373.52","","","Transfer"
"0x0d769bb5f8d6d0f0294390029fcefe7f4aea56d5d596433df72b6b7b2e84a92b","20196550","1719654527","2024-06-29 09:48:47","0xa8cd2a14eafb7e5eb17067ac8efc925da71c8571","0xc011a73ee8576fb46f5e1c5751ca3b9fe0af2a6f","","0","0","0","0.000356324842175736","1.20855876072413","3373.52","","","Transfer"
"0xf71a49b5416f746db64ec15c64ab7d6b47f9829eb5e9c0ab7683e7bc6398fd62","20196552","1719654551","2024-06-29 09:49:11","0xff87b55e65bcc29d4874d64e2152ee86f4f923f8","0xc011a73ee8576fb46f5e1c5751ca3b9fe0af2a6f","","0","0","0","0.000354746122495416","1.20320416493247","3373.52","","","Transfer"
"0xda32da054fef10ef9a0e2c0d0d1af1bcde116d80a39d80187b19abf0e90b2efa","20196581","1719654911","2024-06-29 09:55:11","0x67060628f46e1bcd68f3920c99563986a4620417","0xc011a73ee8576fb46f5e1c5751ca3b9fe0af2a6f","","0","0","0","0.000316219481670816","1.07253208210621","3373.52","","","Transfer"
"0x984c54cc198bd409f9ae501668c2c97f726d27a17ccdefab487ff7cbc2e882ec","20196758","1719657035","2024-06-29 10:30:35","0xc1734f56852843feb70cf73fd178f29bb749e94e","0xc011a73ee8576fb46f5e1c5751ca3b9fe0af2a6f","","0","0","0","0.000510216632810016","1.7305186404758","3373.52","","","Transfer"
"0x97c4729c0f5c8dc4c57404ee7c3802f9dd125b65d01d217e6ed6a82ee87a8b3c","20196879","1719658487","2024-06-29 10:54:47","0x332e585a1bce8e6c2eea706159a69071e30d5254","0xc011a73ee8576fb46f5e1c5751ca3b9fe0af2a6f","","0","0","0","0.000232509957268464","0.788611717601792","3373.52","","","Transfer"
"0x98c44ab58a28c09b24f31d806735cb3fe42be618dd5bf3da82330877b5c787fd","20197002","1719659975","2024-06-29 11:19:35","0xe346e8edaf19953f8cd9936e537f4053aa9076f1","0xc011a73ee8576fb46f5e1c5751ca3b9fe0af2a6f","","0","0","0","0.000261254240157405","0.886104653244571","3373.52","","","Approve"
"0xe6b89916583bc12bd22afd01205aa881866e6e59c3d76d7897f2b740eb9668d5","20197013","1719660107","2024-06-29 11:21:47","0x0d0452f487d1edc869d1488ae984590ca2900d2f","0xc011a73ee8576fb46f5e1c5751ca3b9fe0af2a6f","","0","0","0","0.000384601560160523","1.30446584100618","3373.52","","","Transfer From"
"0x1c6f7c331f0145bbbcd000ea2978936d5d3d236fb17be875306349f6339be1f9","20197169","1719662003","2024-06-29 11:53:23","0x21a31ee1afc51d94c2efccaa2092ad1028285549","0xc011a73ee8576fb46f5e1c5751ca3b9fe0af2a6f","","0","0","0","0.000490422748634844","1.66338306838772","3373.52","","","Transfer"
"0x52095e730147da7f68e9f9786311992d7a0925a60f2f0a17538d5a8205c0d9fd","20197285","1719663407","2024-06-29 12:16:47","0x2d03e362c60dcc2bd87bd6e0019f3d748a0a660f","0xc011a73ee8576fb46f5e1c5751ca3b9fe0af2a6f","","0","0","0","0.000578765384652616","1.96301771090329","3373.52","","","Transfer"
"0x030afedd9d4a3f0cf4bd1a124da7f5763425db44efe6f40b52fb6c927275ce34","20197317","1719663791","2024-06-29 12:23:11","0x3310bd79a9744c61a94f34a8a64fa099081a4efa","0xc011a73ee8576fb46f5e1c5751ca3b9fe0af2a6f","","0","0","0","0.000383530536563088","1.3008332148224","3373.52","","","Transfer"
"0xab9502b66684d67b09922ea977a266afa35f9a409bb3f496ed434eb91ec09417","20197317","1719663791","2024-06-29 12:23:11","0xe3792a9c235d434b702023b33f03c48c41631090","0xc011a73ee8576fb46f5e1c5751ca3b9fe0af2a6f","","0","0","0","0.00038362656323724","1.30115891167137","3373.52","","","Transfer"
"0xfbcbbe76ba50bcff38f7ff015a14c373ad7a9fb229007b6df57399fea9633689","20197318","1719663803","2024-06-29 12:23:23","0x42b4fae3aa1901bfde96c9c2445439a78eb00cd0","0xc011a73ee8576fb46f5e1c5751ca3b9fe0af2a6f","","0","0","0","0.000386101519176852","1.30955330164699","3373.52","","","Transfer"
"0x51442eeccbd84107e423727d6f8ff6eb49e0b180fc0acf915e58bb1c847fbf8a","20197437","1719665243","2024-06-29 12:47:23","0x10dce18d6b5c779bc8de620f8d0a561dfc3a51f0","0xc011a73ee8576fb46f5e1c5751ca3b9fe0af2a6f","","0","0","0","0.000488824839767016","1.65796338799368","3373.52","","","Transfer"
"0x0309131dfe31ff64997d130e28c4ebc53d6faa8885872466469299096524f809","20197448","1719665375","2024-06-29 12:49:35","0x6cc5f688a315f3dc28a7781717a9a798a59fda7b","0xc011a73ee8576fb46f5e1c5751ca3b9fe0af2a6f","","0","0","0","0.000482329924385472","1.63593436852762","3373.52","","","Transfer"
"0x19980c7aca5deb148cb49b58370cba1235497666f372f800b700cadd8bf4fd37","20197491","1719665891","2024-06-29 12:58:11","0x112bb5dd677ec044f24c045db1a0ab3b167841ea","0xc011a73ee8576fb46f5e1c5751ca3b9fe0af2a6f","","0","0","0","0.000213064797154935","0.722658924455536","3373.52","","","Approve"
"0xe25dcebd14202d65f4dbb82e304eaa944cd74f55838e13b4d123b6b4609d9940","20197636","1719667655","2024-06-29 13:27:35","0x0d0707963952f2fba59dd06f2b425ace40b492fe","0xc011a73ee8576fb46f5e1c5751ca3b9fe0af2a6f","","0","0","0","0.000498766731888264","1.69168363255463","3373.52","","","Transfer"
"0xe7b8f425f5bfd930f6b85c8771075efdfcb5c79a0f68cb09a88ee295a12e3b62","20197639","1719667691","2024-06-29 13:28:11","0xd062b1e0d8e2b36692c1c3e29281be29c76a6fef","0xc011a73ee8576fb46f5e1c5751ca3b9fe0af2a6f","","0","0","0","0.000411386648285808","1.39531371092432","3373.52","","","Transfer"
"0xf725387dbca1858823ff3e7b9fc2385c90bf690542ea465ae287f4167c2fb48c","20197738","1719668903","2024-06-29 13:48:23","0xe5962479d187a214bd81df5f43b0c6ccc3c117d5","0xc011a73ee8576fb46f5e1c5751ca3b9fe0af2a6f","","0","0","0","0.000338842613626668","1.14926370753348","3373.52","","","Transfer"
"0xea23946e1f4de1c2a76848ecd2b401069dec269da1fc0fc478f03c43f5675556","20197853","1719670307","2024-06-29 14:11:47","0xa0fff13f0513f027253d8792dbc809d39d555045","0xc011a73ee8576fb46f5e1c5751ca3b9fe0af2a6f","","0","0","0","0.000273467167792623","0.927527644124205","3373.52","","","Approve"
"0xa6c8b06e0dfe96a19a0ede0d5a5f65d926e99f472b7734a79b308f5b9dd9ace5","20197873","1719670547","2024-06-29 14:15:47","0x7087dd597c8b6146a4720a405dd2ebfa4bfba6fa","0xc011a73ee8576fb46f5e1c5751ca3b9fe0af2a6f","","0","0","0","0.00037081062356319","1.25769066490135","3373.52","","","Approve"
"0x9458ffe3b336bca6f4c6e0a7b173e84ad247f11a3345a954af87b6c235628208","20197873","1719670547","2024-06-29 14:15:47","0x3ce5e11f6ef92e4d6e11727a04d1dc2ddde9b62f","0xc011a73ee8576fb46f5e1c5751ca3b9fe0af2a6f","","0","0","0","0.00036938567985291","1.2528576361569","3373.52","","","Approve"
"0x5bda0508f1240630a6a90d23780ae6460d0151220e388eb0de27c21e7e5b64b3","20197897","1719670835","2024-06-29 14:20:35","0x3ce5e11f6ef92e4d6e11727a04d1dc2ddde9b62f","0xc011a73ee8576fb46f5e1c5751ca3b9fe0af2a6f","","0","0","0","0.000386460152740818","1.31076969097583","3373.52","","","Approve"
"0xcf2d6a0901d59715b6ab8dd2b792647a6dab577a85ce0856188b762d54d8cc9a","20197922","1719671135","2024-06-29 14:25:35","0x3ce5e11f6ef92e4d6e11727a04d1dc2ddde9b62f","0xc011a73ee8576fb46f5e1c5751ca3b9fe0af2a6f","","0","0","0","0.001370933716834242","4.64984126207785","3373.52","Error(0)","execution reverted","Transfer"
"0x249048dc4858d6c3bc4c6629ea0baa8f3e07546f487ca436893f18777437ab91","20197952","1719671495","2024-06-29 14:31:35","0x39f6a6c85d39d5abad8a398310c52e7c374f2ba3","0xc011a73ee8576fb46f5e1c5751ca3b9fe0af2a6f","","0","0","0","0.00047283966149472","1.60374592977561","3373.52","","","Transfer"
"0xbd4ff5b328f8232facce75e73a01fd8e1fea503ce0e3e52c20b86b37461fc87c","20197998","1719672059","2024-06-29 14:40:59","0x3ce5e11f6ef92e4d6e11727a04d1dc2ddde9b62f","0xc011a73ee8576fb46f5e1c5751ca3b9fe0af2a6f","","0","0","0","0.001557098316797413","5.28126189738463","3373.52","","","Issue Max Synths"
"0x7bc713e014ebea432a7ced5cb4211d79c63f5595d15c960ee31fde7a875d8b29","20198110","1719673403","2024-06-29 15:03:23","0xf89d7b9c864f589bbf53a82105107622b35eaa40","0xc011a73ee8576fb46f5e1c5751ca3b9fe0af2a6f","","0","0","0","0.000544211215665432","1.84581919228749","3373.52","","","Transfer"
"0xc3e089ade380959a62ca9e0443af10bd551de3f9e37823270c9bc320d6bfc45f","20198181","1719674255","2024-06-29 15:17:35","0x9965bedca49a4df56be6de21ca0e0f208c03fb62","0xc011a73ee8576fb46f5e1c5751ca3b9fe0af2a6f","","0","0","0","0.000575456337597024","1.95179430648314","3373.52","","","Transfer"
"0x9595cd5d827e80c2d3a3d0bb0652ce66900456bc86cec68b8395645e3993832a","20198195","1719674423","2024-06-29 15:20:23","0x8ae99284ae9c941ee66344b3d420c08029ff91dd","0xc011a73ee8576fb46f5e1c5751ca3b9fe0af2a6f","","0","0","0","0.000442357889707836","1.50035989553087","3373.52","","","Transfer"
"0x8aef45905df9d18e2fae0ab1aae7f784e55f33838567c5972e303e806780b149","20198198","1719674459","2024-06-29 15:20:59","0xa03400e098f4421b34a3a44a1b4e571419517687","0xc011a73ee8576fb46f5e1c5751ca3b9fe0af2a6f","","0","0","0","0.00067726112356896","2.29708896856383","3373.52","","","Transfer"
"0x74e020c4b08b661319103557889e26bcf53afe76e19b15cfb43f4d173fa9d9a9","20198243","1719674999","2024-06-29 15:29:59","0x8ea7c15807f2c935b61bd773ee5b2bd76d570346","0xc011a73ee8576fb46f5e1c5751ca3b9fe0af2a6f","","0","0","0","0.000555648120769392","1.88461012186333","3373.52","","","Transfer"
"0xb0f7a9a8fab3e096e8b71529b3de9b308c5aa725f167d8f3951cd0671033238a","20198300","1719675683","2024-06-29 15:41:23","0xdfd5293d8e347dfe59e90efd55b2956a1343963d","0xc011a73ee8576fb46f5e1c5751ca3b9fe0af2a6f","","0","0","0","0.00059955005321184","2.0335137591794","3373.52","","","Transfer"
"0x55c7595dd3cf05430d9b75ab912cce523f867cebe7f0a1eaeec02c3adbfb41f4","20198314","1719675851","2024-06-29 15:44:11","0x6cc5f688a315f3dc28a7781717a9a798a59fda7b","0xc011a73ee8576fb46f5e1c5751ca3b9fe0af2a6f","","0","0","0","0.000461601101534568","1.56562773398879","3373.52","","","Transfer"
"0xf79eef743c374c4a6f4b6db9fa659e36b6dfc8c3233b983e34d41461e8684d10","20198392","1719676799","2024-06-29 15:59:59","0xdf028c5fcd6fc1ad69946a970169f5a43d08bbaa","0xc011a73ee8576fb46f5e1c5751ca3b9fe0af2a6f","","0","0","0","0.000235512","0.798793845294917","3373.52","","","Transfer"
"0x3ebc71924a5f3cd81bbb9a14b008a5e4dad3fc4e2631b87b804c4a7b07dfae7f","20198412","1719677039","2024-06-29 16:03:59","0xe0481a6a9e671e6d2be46238e456f6de089bd4e8","0xc011a73ee8576fb46f5e1c5751ca3b9fe0af2a6f","","0","0","0","0.000333712225379268","1.13186279991096","3373.52","","","Transfer"
"0xd053f898dbabbd86f2d75e8fea07edb4cc9d67dd1d97e653050aff8fee337bd4","20198448","1719677471","2024-06-29 16:11:11","0x74aa5387681505c806ff1e972b12cdfd01406828","0xc011a73ee8576fb46f5e1c5751ca3b9fe0af2a6f","","0","0","0","0.000357135044526504","1.21130675085303","3373.52","","","Transfer"
"0x068b52d13a3f2c98ecb067f5465c8fcf27616c13bfff7b5dcdb99b8cd7c7712c","20198496","1719678047","2024-06-29 16:20:47","0xf033618c0eeeb9342641a227c17d76c799866f52","0xc011a73ee8576fb46f5e1c5751ca3b9fe0af2a6f","","0","0","0","0.000323124175460592","1.09595096056216","3373.52","","","Transfer"
"0x05bdd9ad9bd8c0e6ca5cc5932a4b3370361eb5cb526cded329d271c69e4539ab","20198496","1719678047","2024-06-29 16:20:47","0x34b68b86dfdb2bc111b20c9f88475218dced1653","0xc011a73ee8576fb46f5e1c5751ca3b9fe0af2a6f","","0","0","0","0.000342513223765632","1.1617134374304","3373.52","","","Transfer"
"0xebf771920c94db52c767c2d1baa5e483d8d3256f7c3dd0b28ad2c60bf546f020","20198507","1719678179","2024-06-29 16:22:59","0xf033618c0eeeb9342641a227c17d76c799866f52","0xc011a73ee8576fb46f5e1c5751ca3b9fe0af2a6f","","0","0","0","0.00025220684721996","0.855418311171149","3373.52","","","Transfer"
"0xe554c06bebcecc3bc3dcfcaefdba8930ba21dfd3639d83cf048c9b1035cabf5c","20198543","1719678611","2024-06-29 16:30:11","0x9f1efddfefdf315b0ee1119e3dff63f9a459ed03","0xc011a73ee8576fb46f5e1c5751ca3b9fe0af2a6f","","0","0","0","0.000287568","0.975353903426444","3373.52","","","Transfer"
"0x22d7d9fa74362f7b8078d7b877e0a7cc64170adc57ac0e96e94edf6ff07c18fb","20198565","1719678875","2024-06-29 16:34:35","0xc65b0f3b1ac32237abc4625fb48ffa73e64d9c3d","0xc011a73ee8576fb46f5e1c5751ca3b9fe0af2a6f","","0","0","0","0.000372396586193664","1.26306982684677","3373.52","","","Transfer"
"0x5995aebd47fc174a28ad1a56b4b6f5a814dec92a43e3a2443f3306affeff9eac","20198627","1719679619","2024-06-29 16:46:59","0xab782bc7d4a2b306825de5a7730034f8f63ee1bc","0xc011a73ee8576fb46f5e1c5751ca3b9fe0af2a6f","","0","0","0","0.000472568829764064","1.60282734083085","3373.52","","","Transfer"
"0xb43906589eb82ea37ba38ff203e1565440c1a8c500a9b7b80a9f9e871ef8eada","20198640","1719679775","2024-06-29 16:49:35","0x20a3a4ae2aacb8bbcfd89dc71280dd18cd9a0cb4","0xc011a73ee8576fb46f5e1c5751ca3b9fe0af2a6f","","0","0","0","0.000414470712751488","1.40577403444787","3373.52","","","Transfer"
"0x476fcf2eaa1faf46061d87e48c2d25c6b7d7441a7b30ab46dbc8671df683b188","20198751","1719681119","2024-06-29 17:11:59","0x378d98f795701266e483791a826fcd39bd490ec3","0xc011a73ee8576fb46f5e1c5751ca3b9fe0af2a6f","","0","0","0","0.000249012427817265","0.844583693155237","3373.52","","","Approve"
"0xd748188aa0ec6f88d664acee0dc31e44102747a45159b9186fadd789a1b4444b","20198858","1719682415","2024-06-29 17:33:35","0xdbf5e9c5206d0db70a90108bf936da60221dc080","0xc011a73ee8576fb46f5e1c5751ca3b9fe0af2a6f","","0","0","0","0.000347266030871424","1.17783369059788","3373.52","","","Transfer"
"0x6c94c2295d06ed17d5204b5b09b103ed1700e7c910576480e7687522fcaa0b63","20198859","1719682427","2024-06-29 17:33:47","0xbaaad51bc356219777d4e39c4aa77427fe153b07","0xc011a73ee8576fb46f5e1c5751ca3b9fe0af2a6f","","0","0","0","0.000370130170369824","1.25538274928401","3373.52","","","Transfer"
"0xb1029a8f147571c615fdb00b9a15a4924fe6648fd62146b87586426fba5201cb","20198862","1719682463","2024-06-29 17:34:23","0x0d0452f487d1edc869d1488ae984590ca2900d2f","0xc011a73ee8576fb46f5e1c5751ca3b9fe0af2a6f","","0","0","0","0.000368603513037072","1.25020473507973","3373.52","","","Transfer"
"0x279e60e2175a0c1e519a02dfd9d5450a8a9ec9d22c3e4d89c504f2c9f207a2aa","20199026","1719684431","2024-06-29 18:07:11","0x0d0707963952f2fba59dd06f2b425ace40b492fe","0xc011a73ee8576fb46f5e1c5751ca3b9fe0af2a6f","","0","0","0","0.000396876649042068","1.34609966624238","3373.52","","","Transfer"
"0x2e5a4d2f9ae38091bc7eea3ca24c2f79fd9ba8b33019b6184225c18e27859376","20199028","1719684455","2024-06-29 18:07:35","0xd1305fbda97c035f86fdaa7785fb568c203174e1","0xc011a73ee8576fb46f5e1c5751ca3b9fe0af2a6f","","0","0","0","0.000378886202307828","1.28508087261226","3373.52","","","Transfer"
"0x77cd3ae95652b1f0dce48c55d1280c18502ef3b1966aa61be1e8c096b4e0137d","20199060","1719684851","2024-06-29 18:14:11","0x5a157cc4ff5b06201d638539cfe8907a2764cc08","0xc011a73ee8576fb46f5e1c5751ca3b9fe0af2a6f","","0","0","0","0.002860769760112224","9.7029674801431","3373.52","","","Transfer"
"0x9460a1d80bd4fd1e6a5e4545af44931c1ad05e4407e372fe64cccc372d3ead12","20199124","1719685619","2024-06-29 18:26:59","0xa14fdb55631e3a0c8171c865f88f7687708e1925","0xc011a73ee8576fb46f5e1c5751ca3b9fe0af2a6f","","0","0","0","0.000207927643178619","0.705235069286315","3373.52","","","Approve"
"0x32bea7621e78dd6718574a829cc7f576579c732aef881ce405d8fb07f49924dc","20199155","1719685991","2024-06-29 18:33:11","0x71378015b3fd87312b0d5e22ea5d8c499dbd812d","0xc011a73ee8576fb46f5e1c5751ca3b9fe0af2a6f","","0","0","0","0.000141419885400396","0.479658505979096","3373.52","","","Approve"
"0x843be93ac67993d2d2d5fa743fb90f35ae91d51e7a2475b460df74fbf915cfc2","20199193","1719686447","2024-06-29 18:40:47","0xeae7380dd4cef6fbd1144f49e4d1e6964258a4f4","0xc011a73ee8576fb46f5e1c5751ca3b9fe0af2a6f","","0","0","0","0.000287604","0.97547600581796","3373.52","","","Transfer"
"0x48d493a61819261b686055dc33d2f3aec330cb7e3baf942de4c12fbe053ea6d7","20199193","1719686447","2024-06-29 18:40:47","0x2e0abc23bea24c2b7b4a6c7e1efbc07cc3876d17","0xc011a73ee8576fb46f5e1c5751ca3b9fe0af2a6f","","0","0","0","0.000287604","0.97547600581796","3373.52","","","Transfer"
"0xaf0f9edf93262bf92638cdda904f2856015e54b6dc3dfca6f8ede6e042081973","20199195","1719686471","2024-06-29 18:41:11","0xb23360ccdd9ed1b15d45e5d3824bb409c8d7c460","0xc011a73ee8576fb46f5e1c5751ca3b9fe0af2a6f","","0","0","0","0.00058884","1.99718811722315","3373.52","","","Transfer"
"0xce746e6db1d30e37186cc83d5808e31491a3c4320b8c3167014d6cbfeb86f073","20199307","1719687827","2024-06-29 19:03:47","0x2600dadf7a73879a952f0f32de7b21ddad15eada","0xc011a73ee8576fb46f5e1c5751ca3b9fe0af2a6f","","0","0","0","0.000426462183293592","1.44644590197508","3373.52","","","Transfer"
"0x2d6df483f842cae1ed90b913b48340ef00085bb140d9e522f650b626043e623c","20199310","1719687863","2024-06-29 19:04:23","0x069f1e9d0ce8ae41ffa3e17c04a11005ea9e9e8a","0xc011a73ee8576fb46f5e1c5751ca3b9fe0af2a6f","","0","0","0","0.000151423316822253","0.51358747542273","3373.52","","","Approve"
"0x21a4e29379e6f27842b2ee18b8772017f4fef8965b6582219fe51691e98ebe85","20199317","1719687947","2024-06-29 19:05:47","0x48c04ed5691981c42154c6167398f95e8f38a7ff","0xc011a73ee8576fb46f5e1c5751ca3b9fe0af2a6f","","0","0","0","0.000471072","1.59775049377852","3373.52","","","Transfer"
"0xa0074d60d24a3de7c3e92d3874630f3a9e2044248aa9fea2327052650181abd9","20199393","1719688859","2024-06-29 19:20:59","0x6a04ddf3de778de8d9fc64fcf6fb826b03570738","0xc011a73ee8576fb46f5e1c5751ca3b9fe0af2a6f","","0","0","0","0.000186611830688088","0.632937522558774","3373.52","","","Transfer"
"0x4664070914c1e879a3e42934c234bdb9a6df9b2a90e754c93b587e06694b459a","20199499","1719690131","2024-06-29 19:42:11","0xab782bc7d4a2b306825de5a7730034f8f63ee1bc","0xc011a73ee8576fb46f5e1c5751ca3b9fe0af2a6f","","0","0","0","0.000583166367377664","1.97794466967404","3373.52","","","Transfer"
"0xc8dacbf512b35f60ba24411cfe0faa726ab16a4041add5b0e324438f93560068","20199541","1719690635","2024-06-29 19:50:35","0xc1566f991181e4011b3ac2f4fb197d7f920792ee","0xc011a73ee8576fb46f5e1c5751ca3b9fe0af2a6f","","0","0","0","0.000189498300027084","0.642727656151213","3373.52","","","Transfer"
"0x615d3d8ab3d08a0ab6a434d690e9e559241f3c4b8ae70d7c73e1c3201c3a36dd","20199545","1719690683","2024-06-29 19:51:23","0x9a32e92c0149f5d6280faf0b8568960fa684a154","0xc011a73ee8576fb46f5e1c5751ca3b9fe0af2a6f","","0","0","0","0.000150516137592336","0.510510565603115","3373.52","","","Approve"
"0xf51288997a4713f212eef51662410f98330d5536a7410b45881382f2be0d44af","20199591","1719691247","2024-06-29 20:00:47","0x19f00b3a7b6f55c9da966fe3723251784a797fa7","0xc011a73ee8576fb46f5e1c5751ca3b9fe0af2a6f","","0","0","0","0.000191736","0.650317337211973","3373.52","","","Transfer"
"0x852a676896b71cdd0f332e82cc1af5191a1b0210bc879f0f39cf9021f876f438","20199616","1719691547","2024-06-29 20:05:47","0x47953d3c35720b56944053593e5bedbe35dc6a80","0xc011a73ee8576fb46f5e1c5751ca3b9fe0af2a6f","","0","0","0","0.000237998313158292","0.807226755925031","3373.52","","","Transfer"
"0x5d3eef5f0ee7840105b15799db525da5fed11782fe636994f404957792dccd96","20199759","1719693263","2024-06-29 20:34:23","0x18a2312e913384184558b7758ee2c1692e0dc3b5","0xc011a73ee8576fb46f5e1c5751ca3b9fe0af2a6f","","0","0","0","0.00070605","2.39473315359929","3373.52","","","Transfer"
"0x020e1f5ae0ff720bdcacfcf72ea75475d805af3e632dacf9ccdf33a6d3c6e81a","20199803","1719693791","2024-06-29 20:43:11","0x0d0452f487d1edc869d1488ae984590ca2900d2f","0xc011a73ee8576fb46f5e1c5751ca3b9fe0af2a6f","","0","0","0","0.000343195315895088","1.16402691188152","3373.52","","","Transfer"
"0xffd8ea34fb7128eca649ce6204b36d5089abcc6711915e6a91092b9f7084fc41","20199834","1719694175","2024-06-29 20:49:35","0x6cc5f688a315f3dc28a7781717a9a798a59fda7b","0xc011a73ee8576fb46f5e1c5751ca3b9fe0af2a6f","","0","0","0","0.000380972546935488","1.29215719673901","3373.52","","","Transfer"
"0x975be38cf373634728f732150dbac198f9f28eb6fa329196356d0227c45725e6","20199841","1719694259","2024-06-29 20:50:59","0x0d0452f487d1edc869d1488ae984590ca2900d2f","0xc011a73ee8576fb46f5e1c5751ca3b9fe0af2a6f","","0","0","0","0.000374099551857324","1.26884583185238","3373.52","","","Transfer"
"0xbc975af30f4875268abb1e25051aee34ddc07affc6334c2b7582d0caaa9bbcc3","20199935","1719695387","2024-06-29 21:09:47","0x9c0c5464fef5122cf2b45898411cba6650773a79","0xc011a73ee8576fb46f5e1c5751ca3b9fe0af2a6f","","0","0","0","0.0004344624569796","1.47358069502621","3373.52","","","Transfer"
"0x76a3d9f56d82b9d6211a07d117ec6f46a4cdf0c67d8f47e2d261cc6b85987eb9","20199936","1719695399","2024-06-29 21:09:59","0x28c6c06298d514db089934071355e5743bf21d60","0xc011a73ee8576fb46f5e1c5751ca3b9fe0af2a6f","","0","0","0","0.000469844649869328","1.59358764971791","3373.52","","","Transfer"
"0x8bc9d350c1bb9097fa0ef33713a1c38d93da195d89b66fd15736f62dd07756ac","20199986","1719696023","2024-06-29 21:20:23","0x89cbbb139d27981b803cbfdc148f7f74498a1234","0xc011a73ee8576fb46f5e1c5751ca3b9fe0af2a6f","","0","0","0","0.000269640035649189","0.91454703336422","3373.52","","","Approve"
"0x3481ff46375c5496ea1dd7fd541d1ab3382a8c1c263ea462e03bbf7a774ab072","20199997","1719696155","2024-06-29 21:22:35","0x0d0452f487d1edc869d1488ae984590ca2900d2f","0xc011a73ee8576fb46f5e1c5751ca3b9fe0af2a6f","","0","0","0","0.000375037432881265","1.27202687396294","3373.52","","","Transfer From"
"0x2ce0f4928e3b2c8d5a5a1b5532ef86c8e9ebac18d126374bafed404a776b889b","20200213","1719698759","2024-06-29 22:05:59","0x0e6843fccbe9635298142b2d5db47d35f9e30a1b","0xc011a73ee8576fb46f5e1c5751ca3b9fe0af2a6f","","0","0","0","0.000178376","0.605003783027303","3373.52","Error(0)","execution reverted","Transfer"
"0xe227970abc97b3648f99f828a5b11e58284eb424960caf57d486d5c4318d96e3","20200402","1719701039","2024-06-29 22:43:59","0x21a31ee1afc51d94c2efccaa2092ad1028285549","0xc011a73ee8576fb46f5e1c5751ca3b9fe0af2a6f","","0","0","0","0.000525397565918568","1.78200831375337","3373.52","","","Transfer"
"0xb07158db26f6c8d4c36e063a676fb3d03f6058100e671eee902766631c83d6d8","20200471","1719701867","2024-06-29 22:57:47","0x5ceaae842e88d08cb2ee1122bf48d75af44e4ee1","0xc011a73ee8576fb46f5e1c5751ca3b9fe0af2a6f","","0","0","0","0.000185188713859536","0.628110690109544","3373.52","","","Transfer"
"0x78314676d41f385c7f664405d92ecd36ee668cd71fe52cd82106ffafcbe927ea","20200486","1719702047","2024-06-29 23:00:47","0x08dc8ffc2db71ea07537d1328b3be0799b604396","0xc011a73ee8576fb46f5e1c5751ca3b9fe0af2a6f","","0","0","0","0.000191712","0.65023593561763","3373.52","","","Transfer"
"0x53d48520cd886ec85188af8d13512444848f7ab99d51ae7fa41aad28a4d74d5e","20200527","1719702539","2024-06-29 23:08:59","0xe52088459469f743eaa29f1e988125605a36654b","0xc011a73ee8576fb46f5e1c5751ca3b9fe0af2a6f","","0","0","0","0.000240957915820416","0.817264938230065","3373.52","","","Transfer"
