"Transaction Hash","Blockno","UnixTimestamp","DateTime (UTC)","From","To","ContractAddress","Value_IN(ETH)","Value_OUT(ETH)","CurrentValue @ $3388.82530370109/Eth","TxnFee(ETH)","TxnFee(USD)","Historical $Price/Eth","Status","ErrCode","Method"
"0x530814b3ab532085d3e1000aadbaac1b4d2a8478e08545f957ce3639b8876f28","12046196","1615851571","2021-03-15 23:39:31","0x2b7e23c5f79ca72df79294728347abb2461aed91","0xeb9a82736cc030fc4a4cd4b53e9b2c67e153208d","","0.1","0","338.882530370109","0.002885186","9.77739132268413","1794.83","","","Transfer"
"0x50877cfb74b9e38a3e0aab99ee2c0d6e4a4b75f67594c2119c0fba114e5ae00e","12048434","1615881344","2021-03-16 07:55:44","0xbf49b454818783d12bf4f3375ff17c59015e66cb","0xeb9a82736cc030fc4a4cd4b53e9b2c67e153208d","","0","0","0","0.009150372","31.009012171878","1805.64","","","Exec Transaction"
"0x77595232b692d7e522ff9e082f6aa961eb6cd7c1bc81714fab5cd42a7aab71ef","12058085","1616009670","2021-03-17 19:34:30","0x2b7e23c5f79ca72df79294728347abb2461aed91","0xeb9a82736cc030fc4a4cd4b53e9b2c67e153208d","","0","0","0","0.024747","83.8632597906909","1823.03","","","Exec Transaction"
"0xd23333799e7d04ee3516f32d1e7759821c10b846094bde2b48c43d95de87f35c","12058139","1616010360","2021-03-17 19:46:00","0x2b7e23c5f79ca72df79294728347abb2461aed91","0xeb9a82736cc030fc4a4cd4b53e9b2c67e153208d","","0","0","0","0.027008","91.525393802359","1823.03","","","Exec Transaction"
"0x8defe163261c0528fc664828a1e2bbede26d520c2cb7d51cd32781de5afb514d","12058159","1616010697","2021-03-17 19:51:37","0x2b7e23c5f79ca72df79294728347abb2461aed91","0xeb9a82736cc030fc4a4cd4b53e9b2c67e153208d","","0","0","0","0.02751742","93.2517291885705","1823.03","","","Exec Transaction"
"0x3cabcef50b747d1eeac531508ec021654d26a973dc4e03ef1aa2e5759df2b6e6","12058169","1616010822","2021-03-17 19:53:42","0x2b7e23c5f79ca72df79294728347abb2461aed91","0xeb9a82736cc030fc4a4cd4b53e9b2c67e153208d","","0","0","0","0.0225952","76.5711855021869","1823.03","","","Exec Transaction"
"0xc161556b1fb661bb8284de7079a88b36c6f2db29b73352a516eda1d50066bf53","12058181","1616010936","2021-03-17 19:55:36","0x2b7e23c5f79ca72df79294728347abb2461aed91","0xeb9a82736cc030fc4a4cd4b53e9b2c67e153208d","","0","0","0","0.0226","76.5874518636446","1823.03","","","Exec Transaction"
"0xf34c6dad898e4b3d3671f7343895d6fbd9a7daee72e0e1f6a2c1f29f0abfed60","12058217","1616011448","2021-03-17 20:04:08","0x2b7e23c5f79ca72df79294728347abb2461aed91","0xeb9a82736cc030fc4a4cd4b53e9b2c67e153208d","","0","0","0","0.02372496","80.3997447772962","1823.03","","","Exec Transaction"
"0x18ed01c9346381c2083350e200774ea2fddc135a2102b2f18525a7e27de73102","12058222","1616011486","2021-03-17 20:04:46","0x2b7e23c5f79ca72df79294728347abb2461aed91","0xeb9a82736cc030fc4a4cd4b53e9b2c67e153208d","","0","0","0","0.02373","80.4168244568269","1823.03","","","Exec Transaction"
"0x708cb86172e05af85add71c93e387316acf4ee17e0dd90f1d78a69ee0ac70238","12058253","1616011896","2021-03-17 20:11:36","0x2b7e23c5f79ca72df79294728347abb2461aed91","0xeb9a82736cc030fc4a4cd4b53e9b2c67e153208d","","0","0","0","0.02431772","82.4085048643181","1823.03","","","Exec Transaction"
"0x0fb655aaded840b4c10d2880fd6f222fda8981587ffada1591c87f79eee1389d","12058258","1616011923","2021-03-17 20:12:03","0x2b7e23c5f79ca72df79294728347abb2461aed91","0xeb9a82736cc030fc4a4cd4b53e9b2c67e153208d","","0","0","0","0.008546233","28.9616906417253","1823.03","Error(0)","Reverted","Exec Transaction"
"0x2566c0d891a0a4c6c2a11b87dec3524da736ed8bd3d048300d292e53ba8cab00","12058275","1616012181","2021-03-17 20:16:21","0x2b7e23c5f79ca72df79294728347abb2461aed91","0xeb9a82736cc030fc4a4cd4b53e9b2c67e153208d","","0","0","0","0.02146544","72.7426262270775","1823.03","","","Exec Transaction"
"0x79ff331396bca795d261fb97cb84b7782a9507e26b7220f08b0e71d7135d6d51","12058286","1616012300","2021-03-17 20:18:20","0x2b7e23c5f79ca72df79294728347abb2461aed91","0xeb9a82736cc030fc4a4cd4b53e9b2c67e153208d","","0","0","0","0.020734056","70.2640936211554","1823.03","","","Exec Transaction"
"0x986e26fccae3b8210dcf7627f51f1f13ca3581e1189caf6411506a97426c8f0d","12058306","1616012599","2021-03-17 20:23:19","0x2b7e23c5f79ca72df79294728347abb2461aed91","0xeb9a82736cc030fc4a4cd4b53e9b2c67e153208d","","0","0","0","0.022653876","76.7700282157068","1823.03","","","Exec Transaction"
"0xecdacd86ca93686974190016c50c8f1ae52e08bd033cb5fffe442a8bbb42c44a","12058331","1616012899","2021-03-17 20:28:19","0x2b7e23c5f79ca72df79294728347abb2461aed91","0xeb9a82736cc030fc4a4cd4b53e9b2c67e153208d","","0","0","0","0.022272","75.4759171640307","1823.03","","","Exec Transaction"
"0xbc6719cb0106914fb472a990f5198d44b43e320f8a39a4a6c870e79e8b26ba88","12058361","1616013233","2021-03-17 20:33:53","0x2b7e23c5f79ca72df79294728347abb2461aed91","0xeb9a82736cc030fc4a4cd4b53e9b2c67e153208d","","0","0","0","0.019710152","66.7942618373947","1823.03","","","Exec Transaction"
"0x43b5ae517560fd40f8d4887e9d39ab13a127df8ced4d1d5b3596acac6b175f3a","12058537","1616015461","2021-03-17 21:11:01","0x2b7e23c5f79ca72df79294728347abb2461aed91","0xeb9a82736cc030fc4a4cd4b53e9b2c67e153208d","","0","0","0","0.027005468","91.5168132966901","1823.03","","","Exec Transaction"
"0x1949a95e339fc2374106ee54b31d2990a79c67fc059837e2523354e6ad7e159d","12058581","1616016148","2021-03-17 21:22:28","0x2b7e23c5f79ca72df79294728347abb2461aed91","0xeb9a82736cc030fc4a4cd4b53e9b2c67e153208d","","0","0","0","0.023843","80.7997617161451","1823.03","","","Exec Transaction"
"0xa451a65f768c098ffe7e21af7fcbedc4102868184ebbec83d0c5eabb23f6764e","12070771","1616177628","2021-03-19 18:13:48","0x2b7e23c5f79ca72df79294728347abb2461aed91","0xeb9a82736cc030fc4a4cd4b53e9b2c67e153208d","","0","0","0","0.02175796","73.7339254049162","1809.76","","","Exec Transaction"
"0xe0f673e6bb078207eca0463db4c4c12e345114c6411588176cbae24a20d6dda4","12071506","1616187887","2021-03-19 21:04:47","0x2b7e23c5f79ca72df79294728347abb2461aed91","0xeb9a82736cc030fc4a4cd4b53e9b2c67e153208d","","0","0","0","0.009405168","31.8724713039598","1809.76","","","Exec Transaction"
"0xf3a4d93d1856e3b214ce291ead006672df2dc6852ec4f2ca59733404bacfcd2b","12071517","1616188041","2021-03-19 21:07:21","0x2b7e23c5f79ca72df79294728347abb2461aed91","0xeb9a82736cc030fc4a4cd4b53e9b2c67e153208d","","0","0","0","0.019741755","66.9013588834675","1809.76","","","Exec Transaction"
"0xa598012b700bf9fbef44b937b8aa34957202ae49e1ccb32b2578e3e255a1c247","12071527","1616188213","2021-03-19 21:10:13","0x2b7e23c5f79ca72df79294728347abb2461aed91","0xeb9a82736cc030fc4a4cd4b53e9b2c67e153208d","","0","0","0","0.017428488","59.0621011396508","1809.76","","","Exec Transaction"
"0x5ea4c70c78c2a0f4df6e142c8657bd71d0fab3335b47e69e16f6c90d17a5009f","12071549","1616188514","2021-03-19 21:15:14","0x2b7e23c5f79ca72df79294728347abb2461aed91","0xeb9a82736cc030fc4a4cd4b53e9b2c67e153208d","","0","0","0","0.0185832","62.9752183837381","1809.76","","","Exec Transaction"
"0x507fa84fbd7d404ecad34abb2310a0c08e22d6c44e635ae61d8c359fec1247b5","12071554","1616188573","2021-03-19 21:16:13","0x2b7e23c5f79ca72df79294728347abb2461aed91","0xeb9a82736cc030fc4a4cd4b53e9b2c67e153208d","","0","0","0","0.019215255","65.1171423610689","1809.76","","","Exec Transaction"
"0x4cdafec6f60dbdf862d52c21d86f8f7e4d3d127ec6736eeb44cfb8745d4b9fcd","12090286","1616438212","2021-03-22 18:36:52","0x2b7e23c5f79ca72df79294728347abb2461aed91","0xeb9a82736cc030fc4a4cd4b53e9b2c67e153208d","","0","0","0","0.02652912","89.9025531409227","1682.05","","","Exec Transaction"
"0xe522f0c6131967c02092a38b7f5aafb5b0f1219bb7de8364a1ff2748e2f1e991","12090388","1616439624","2021-03-22 19:00:24","0x2b7e23c5f79ca72df79294728347abb2461aed91","0xeb9a82736cc030fc4a4cd4b53e9b2c67e153208d","","0","0","0","0.027044292","91.648381050281","1682.05","","","Exec Transaction"
"0xc4173c317d9b68b79ff4bfbedaf996e7e865c7a438b6845c897be27f8b808cfe","12090415","1616440034","2021-03-22 19:07:14","0x2b7e23c5f79ca72df79294728347abb2461aed91","0xeb9a82736cc030fc4a4cd4b53e9b2c67e153208d","","0","0","0","0.0271584","92.0350731280357","1682.05","","","Exec Transaction"
"0x0472f7f3e884079a44e1f8c37634837225cac6e31ce476b705f8485ebc6e4e4f","12090561","1616441959","2021-03-22 19:39:19","0x2b7e23c5f79ca72df79294728347abb2461aed91","0xeb9a82736cc030fc4a4cd4b53e9b2c67e153208d","","0","0","0","0.0288387","97.7293162858446","1682.05","","","Exec Transaction"
"0x0d3a4c87d277fa60e99f57d0636584fe7b41a1b41fb43c249f64d97a8f25cb85","12090633","1616442782","2021-03-22 19:53:02","0x2b7e23c5f79ca72df79294728347abb2461aed91","0xeb9a82736cc030fc4a4cd4b53e9b2c67e153208d","","0","0","0","0.02025564","68.6428253746599","1682.05","","","Exec Transaction"
"0x26af32e1d0b10351a83591a4f90c86880a9f8596266adf3150f8cebc34d614fe","12195254","1617832535","2021-04-07 21:55:35","0x2b7e23c5f79ca72df79294728347abb2461aed91","0xeb9a82736cc030fc4a4cd4b53e9b2c67e153208d","","0","0","0","0.01538064","52.1223020191171","1964.18","","","Exec Transaction"
"0xe84e96aa73834e8015a59872f2db46ad9b86e28862ba01f86abc56de94fcd62e","12195289","1617832984","2021-04-07 22:03:04","0x2b7e23c5f79ca72df79294728347abb2461aed91","0xeb9a82736cc030fc4a4cd4b53e9b2c67e153208d","","0","0","0","0.014033328","47.556497021537","1964.18","","","Exec Transaction"
"0xfdbcb1c2dec2fff9e08689b1fc4da2b605673ed7485bc8b64a332e07f75568b7","12195300","1617833155","2021-04-07 22:05:55","0x2b7e23c5f79ca72df79294728347abb2461aed91","0xeb9a82736cc030fc4a4cd4b53e9b2c67e153208d","","0","0","0","0.0158424","53.6871259913541","1964.18","","","Exec Transaction"
"0xdfa9fd9aebbacba4799b4c107b41f92dcaa8b44141fbecdb544a9ad2b4d9d004","12195349","1617833939","2021-04-07 22:18:59","0x2b7e23c5f79ca72df79294728347abb2461aed91","0xeb9a82736cc030fc4a4cd4b53e9b2c67e153208d","","0","0","0","0.01550292","52.5366875772537","1964.18","","","Exec Transaction"
"0xed5d3a46a51d0b3de56f3887d5d4a30cc405d1f2b6a6adb2fa48a5b58edd3f5e","12195564","1617836452","2021-04-07 23:00:52","0x2b7e23c5f79ca72df79294728347abb2461aed91","0xeb9a82736cc030fc4a4cd4b53e9b2c67e153208d","","0","0","0","0.014227092","48.2131293676834","1964.18","","","Exec Transaction"
"0xc091d2901d47ffd2d6a49fc4960f6e08d4d185cb268a65030b0e2c74cb9854e8","12197499","1617862626","2021-04-08 06:17:06","0x2b7e23c5f79ca72df79294728347abb2461aed91","0xeb9a82736cc030fc4a4cd4b53e9b2c67e153208d","","0","0","0","0.009171657","31.0811433184672","2081.11","","","Exec Transaction"
"0x08e68d8e1c58b75baf2a326e889d2591d087de24f269f3a6b4d9c007a3fcf5f9","12197686","1617865172","2021-04-08 06:59:32","0x2b7e23c5f79ca72df79294728347abb2461aed91","0xeb9a82736cc030fc4a4cd4b53e9b2c67e153208d","","0","0","0","0.01017","34.4643533386401","2081.11","","","Exec Transaction"
"0x50b0737dfb016839778416865e6075993c2b326924ebfa167c5c9ec2c7d66877","12197731","1617865877","2021-04-08 07:11:17","0x2b7e23c5f79ca72df79294728347abb2461aed91","0xeb9a82736cc030fc4a4cd4b53e9b2c67e153208d","","0","0","0","0.006365013","21.5699171127864","2081.11","","","Exec Transaction"
"0xe393a225a893da4f406f7d4c5f3349be931d051e1bc302ef9270b96e548265f4","12252863","1618599233","2021-04-16 18:53:53","0x2b7e23c5f79ca72df79294728347abb2461aed91","0xeb9a82736cc030fc4a4cd4b53e9b2c67e153208d","","0","0","0","0.023154832","78.4676805845477","2430.91","","","Exec Transaction"
"0x438713bfde1d240216c9e86edc044e58f9cdebe8912d2afa81f98b4e071a3435","12288368","1619072351","2021-04-22 06:19:11","0x2b7e23c5f79ca72df79294728347abb2461aed91","0xeb9a82736cc030fc4a4cd4b53e9b2c67e153208d","","0","0","0","0.01553068","52.6307613676844","2410.48","","","Exec Transaction"
"0xd53f34b12813539ad4388d814960b8f555c34e810f2f80165e6d3a5c7fea8875","12288381","1619072512","2021-04-22 06:21:52","0x2b7e23c5f79ca72df79294728347abb2461aed91","0xeb9a82736cc030fc4a4cd4b53e9b2c67e153208d","","0","0","0","0.01552936","52.6262881182836","2410.48","","","Exec Transaction"
"0xbd59af7693bbe7b70c63236d690ea39cd625d9516c9f0a7562eb09638d99e1a0","12333684","1619676844","2021-04-29 06:14:04","0x2b7e23c5f79ca72df79294728347abb2461aed91","0xeb9a82736cc030fc4a4cd4b53e9b2c67e153208d","","0","0","0","0.0062128","21.0540938468341","2758.46","","","Exec Transaction"
"0xc473f33464805561b562aa66027948535c1628fd0cbec179f74dee62dcc9e0ba","12356857","1619986649","2021-05-02 20:17:29","0x2b7e23c5f79ca72df79294728347abb2461aed91","0xeb9a82736cc030fc4a4cd4b53e9b2c67e153208d","","0","0","0","0.004517248","15.3081643254931","2954.22","","","Exec Transaction"
"0xd7cf2a21425b5f79beab1bea4beb06252fa0be1dd5ad391988d37f0baf51b5ed","12376326","1620245318","2021-05-05 20:08:38","0x2b7e23c5f79ca72df79294728347abb2461aed91","0xeb9a82736cc030fc4a4cd4b53e9b2c67e153208d","","0","0","0","0.00882246","29.8977756888907","3522.18","","","Exec Transaction"
"0x46adc44bf73f6b06954e9ecd6e764d3f2db1d6ced14af7db16f1e5af45168106","12376374","1620246048","2021-05-05 20:20:48","0x2b7e23c5f79ca72df79294728347abb2461aed91","0xeb9a82736cc030fc4a4cd4b53e9b2c67e153208d","","0","0","0","0.00907098","30.7399665533665","3522.18","","","Exec Transaction"
"0x323f6d3ef11c17122928562ddcfafc190f06f31b9062e57e3730154dccd1de24","12376408","1620246512","2021-05-05 20:28:32","0x2b7e23c5f79ca72df79294728347abb2461aed91","0xeb9a82736cc030fc4a4cd4b53e9b2c67e153208d","","0","0","0","0.010461528","35.4522908017775","3522.18","","","Exec Transaction"
"0x8dd4ce82bdcc358ef010b215298d58ddaa0707ff488940db6d7282ba06c3647b","12376582","1620248804","2021-05-05 21:06:44","0x2b7e23c5f79ca72df79294728347abb2461aed91","0xeb9a82736cc030fc4a4cd4b53e9b2c67e153208d","","0","0","0","0.009071856","30.7429351643326","3522.18","","","Exec Transaction"
"0xd6beab05039a11de02748b3625f96b195adcc0e4752ca6e078d5085421ce8102","12376631","1620249494","2021-05-05 21:18:14","0x2b7e23c5f79ca72df79294728347abb2461aed91","0xeb9a82736cc030fc4a4cd4b53e9b2c67e153208d","","0","0","0","0.010320156","34.9732057909426","3522.18","","","Exec Transaction"
"0xddc0741724dc106486648542e729676777da8c539b12c3a817741f6c26d221b9","12376656","1620249885","2021-05-05 21:24:45","0x2b7e23c5f79ca72df79294728347abb2461aed91","0xeb9a82736cc030fc4a4cd4b53e9b2c67e153208d","","0","0","0","0.009754668","33.0568657476033","3522.18","","","Exec Transaction"
"0x78bffa5ba37a4e09127b40949f0dd1b522f5e6dd706e88e59189e66fdd69e75a","12376666","1620250011","2021-05-05 21:26:51","0x2b7e23c5f79ca72df79294728347abb2461aed91","0xeb9a82736cc030fc4a4cd4b53e9b2c67e153208d","","0","0","0","0.00989604","33.5359507584381","3522.18","","","Exec Transaction"
"0x208833f63827ec2c286d4bf01cc5f8328823704f9bdc5508b6e6d4267e5b5b47","12381548","1620315076","2021-05-06 15:31:16","0x4f370b4d03d2b46cce26f1aefe142708e03d7ffe","0xeb9a82736cc030fc4a4cd4b53e9b2c67e153208d","","0.1","0","338.882530370109","0.001892014","6.41170491815671","3491.74","","","Transfer"
"0xd1c61662520f5be8263dfdb754e8d83e8eb1bcbb60cc1f2a0639128503c409ee","12389099","1620415917","2021-05-07 19:31:57","0x2b7e23c5f79ca72df79294728347abb2461aed91","0xeb9a82736cc030fc4a4cd4b53e9b2c67e153208d","","0","0","0","0.007248192","24.5628564556838","3483.96","","","Exec Transaction"
"0x15dc27b8330296c4aa0b9f9af3f9f0f12efd32ae40810f260d57e5eb273024dd","12389403","1620420148","2021-05-07 20:42:28","0x2b7e23c5f79ca72df79294728347abb2461aed91","0xeb9a82736cc030fc4a4cd4b53e9b2c67e153208d","","0","0","0","0.00782838","26.5290122309875","3483.96","","","Exec Transaction"
"0x81b65e27298be0b8040f9b7e6973aeaefe353a7bda8f6ca64a82f3fd3623bbb1","12389416","1620420387","2021-05-07 20:46:27","0x2b7e23c5f79ca72df79294728347abb2461aed91","0xeb9a82736cc030fc4a4cd4b53e9b2c67e153208d","","0","0","0","0.009047808","30.6614406934291","3483.96","","","Exec Transaction"
"0x3381b940b047cc48fe3655336a995ef649a5eba37058f7c2ac30f4ae6f751b1d","12389520","1620421707","2021-05-07 21:08:27","0x2b7e23c5f79ca72df79294728347abb2461aed91","0xeb9a82736cc030fc4a4cd4b53e9b2c67e153208d","","0","0","0","0.010037412","34.015035769273","3483.96","","","Exec Transaction"
"0x54e5ecfe67717504fb62d300a32a41467fe296a031bca612b6837079e4a35e02","12389540","1620422060","2021-05-07 21:14:20","0x2b7e23c5f79ca72df79294728347abb2461aed91","0xeb9a82736cc030fc4a4cd4b53e9b2c67e153208d","","0","0","0","0.009754668","33.0568657476033","3483.96","","","Exec Transaction"
"0xf0a52414942c95fcb4a318f4ae2e7fffbbd6caaed71d4de81ef786b49b7eae90","12389599","1620422910","2021-05-07 21:28:30","0x2b7e23c5f79ca72df79294728347abb2461aed91","0xeb9a82736cc030fc4a4cd4b53e9b2c67e153208d","","0","0","0","0.008947584","30.321799066191","3483.96","","","Exec Transaction"
"0x5b957c4e74e9334735edd320aaf268e3b04a5b193947d8ff126bce3f7340aa4b","12460714","1621371873","2021-05-18 21:04:33","0x2b7e23c5f79ca72df79294728347abb2461aed91","0xeb9a82736cc030fc4a4cd4b53e9b2c67e153208d","","0","0","0","0.01835444","62.1999907072634","3377.65","","","Exec Transaction"
"0x2839e79346f0ee6a100c7eebdaad25f647c1df2018814ce59282de9a4b53e9fa","12469940","1621495883","2021-05-20 07:31:23","0x2b7e23c5f79ca72df79294728347abb2461aed91","0xeb9a82736cc030fc4a4cd4b53e9b2c67e153208d","","0","0","0","0.014985432","50.783011148492","2772.84","","","Exec Transaction"
"0x8fbefba495b2f532b80bda80f1df4aa282dff2cfc147ba94346537c15c4ff5ac","12615483","1623444935","2021-06-11 20:55:35","0xbf49b454818783d12bf4f3375ff17c59015e66cb","0xeb9a82736cc030fc4a4cd4b53e9b2c67e153208d","","0","0","0","0.002682572","9.09076787260004","2355.09","","","Exec Transaction"
"0x2a2da3ecef63345f97eed07ccf3afba85e869d0ca5c5aa607a374a60ca5c890e","12615493","1623445062","2021-06-11 20:57:42","0x2b7e23c5f79ca72df79294728347abb2461aed91","0xeb9a82736cc030fc4a4cd4b53e9b2c67e153208d","","0","0","0","0.002753993","9.33280116461568","2355.09","","","Exec Transaction"
"0x50163fcdff16fd948a7174388f3cee0b15c62a804923664636fc79f70ba13d91","12615497","1623445085","2021-06-11 20:58:05","0x2b7e23c5f79ca72df79294728347abb2461aed91","0xeb9a82736cc030fc4a4cd4b53e9b2c67e153208d","","0","0","0","0.002686068","9.10261520586178","2355.09","","","Exec Transaction"
"0x3b513d2aacb2ec2684c743153d38039184ccb3238c0d114dbbd840c6bf6b2191","12615500","1623445123","2021-06-11 20:58:43","0x2b7e23c5f79ca72df79294728347abb2461aed91","0xeb9a82736cc030fc4a4cd4b53e9b2c67e153208d","","0","0","0","0.002686068","9.10261520586178","2355.09","","","Exec Transaction"
"0xf77913cc394bcabdcc73deabf95f04f959291df67c151f726ac6e7caf4834368","12615504","1623445168","2021-06-11 20:59:28","0x2b7e23c5f79ca72df79294728347abb2461aed91","0xeb9a82736cc030fc4a4cd4b53e9b2c67e153208d","","0","0","0","0.002686068","9.10261520586178","2355.09","","","Exec Transaction"
"0x592ed150b614663a637ce74b9807cf0ad65886f6f596774b97fb120bf0c69838","12615514","1623445318","2021-06-11 21:01:58","0x2b7e23c5f79ca72df79294728347abb2461aed91","0xeb9a82736cc030fc4a4cd4b53e9b2c67e153208d","","0","0","0","0.00236094","8.00081321252005","2355.09","","","Exec Transaction"
"0x71dce4027f788c9a11db26cdd2ce84452c076e3ab6e1fe76a42cf271014436ce","12615546","1623445723","2021-06-11 21:08:43","0x2b7e23c5f79ca72df79294728347abb2461aed91","0xeb9a82736cc030fc4a4cd4b53e9b2c67e153208d","","0","0","0","0.007224896","24.4839103814088","2355.09","Error(1)","Reverted","Exec Transaction"
"0xffc96027274f5943cc65fc6eb40f01317b78af034b9d2a0b6805ff7578670e2e","12615582","1623446102","2021-06-11 21:15:02","0x2b7e23c5f79ca72df79294728347abb2461aed91","0xeb9a82736cc030fc4a4cd4b53e9b2c67e153208d","","0","0","0","0.0021852","7.40526105364762","2355.09","","","Exec Transaction"
"0xe1e0e3f75b69e14fc103cb932d5e064161b0afd7e220e044ec10d54cf919673f","12615814","1623448996","2021-06-11 22:03:16","0x2b7e23c5f79ca72df79294728347abb2461aed91","0xeb9a82736cc030fc4a4cd4b53e9b2c67e153208d","","0","0","0","0.001781991","6.03885619176761","2355.09","","","Exec Transaction"
"0xcf48a8d40ab1dc853a30a7c4a9c06d1655dda1a3fc6fa854458491c766b4c306","12734263","1625041679","2021-06-30 08:27:59","0xbf49b454818783d12bf4f3375ff17c59015e66cb","0xeb9a82736cc030fc4a4cd4b53e9b2c67e153208d","","0","0","0","0.00095367","3.23182102738062","2276.14","","","Exec Transaction"
"0xfb1b6d6aea091e18bc3eef4449a847f04260e1da182f66242327f78bc0ff20ac","12734667","1625047504","2021-06-30 10:05:04","0xbf49b454818783d12bf4f3375ff17c59015e66cb","0xeb9a82736cc030fc4a4cd4b53e9b2c67e153208d","","0","0","0","0.00099302","3.36517130308126","2276.14","","","Exec Transaction"
"0xd1327815208bc21f83396e6326184ff70dd5c61da9d089fc5ae18f3d5ba8ac90","12773610","1625570545","2021-07-06 11:22:25","0x099dbfa498d0b7fbdf8bc6ed9faf868454022ec2","0xeb9a82736cc030fc4a4cd4b53e9b2c67e153208d","","0","0","0","0.00620335","21.0220694477142","2322.63","","","Exec Transaction"
"0xa17ff955e247e5a9dbee9f14ef9821e42c0ba48239e168a5a8de81da7a383ca1","12773649","1625571047","2021-07-06 11:30:47","0x099dbfa498d0b7fbdf8bc6ed9faf868454022ec2","0xeb9a82736cc030fc4a4cd4b53e9b2c67e153208d","","0","0","0","0.00592851","20.090684701245","2322.63","","","Exec Transaction"
"0x92b448e80148a50b8a2e1af2b9fea16fc4a560a2478bc50229655f352812348c","12774068","1625576927","2021-07-06 13:08:47","0x099dbfa498d0b7fbdf8bc6ed9faf868454022ec2","0xeb9a82736cc030fc4a4cd4b53e9b2c67e153208d","","0","0","0","0.009799397","33.2084445146126","2322.63","","","Exec Transaction"
"0xb042314a6831900fcecbabc82660ab14497e7fde8bd1159b006a225c714c7900","12774080","1625577010","2021-07-06 13:10:10","0x099dbfa498d0b7fbdf8bc6ed9faf868454022ec2","0xeb9a82736cc030fc4a4cd4b53e9b2c67e153208d","","0","0","0","0.009553159","32.3739869494798","2322.63","","","Exec Transaction"
"0x24a99c5f157c23942f98a6842e9a468073798e9ab5fb1e4eebb23d28ec8fccae","12789522","1625784658","2021-07-08 22:50:58","0x099dbfa498d0b7fbdf8bc6ed9faf868454022ec2","0xeb9a82736cc030fc4a4cd4b53e9b2c67e153208d","","0","0","0","0.008436556","28.5900144488913","2114.51","","","Exec Transaction"
"0x4ff80a97873bb186d9165ec9e547f191292ed67adf90865d4a5b3d0b98813f34","12789528","1625784712","2021-07-08 22:51:52","0x099dbfa498d0b7fbdf8bc6ed9faf868454022ec2","0xeb9a82736cc030fc4a4cd4b53e9b2c67e153208d","","0","0","0","0.009408956","31.8853081742102","2114.51","","","Exec Transaction"
"0xb756c4d644d8dc4c22f2ccb288271e6ec01af8fbc91b3f6e138dd0f741006b9c","12868562","1626853780","2021-07-21 07:49:40","0x099dbfa498d0b7fbdf8bc6ed9faf868454022ec2","0xeb9a82736cc030fc4a4cd4b53e9b2c67e153208d","","0","0","0","0.001985264","6.72771287772684","1994.98","","","Exec Transaction"
"0xe7c31390ac2cd3bc8a6a7b15d16df30fd8bf95128d2a9862c463cc3ade98ee60","12903200","1627321313","2021-07-26 17:41:53","0xbf49b454818783d12bf4f3375ff17c59015e66cb","0xeb9a82736cc030fc4a4cd4b53e9b2c67e153208d","","0","0","0","0.003529175","11.9597575411893","2228.67","","","Exec Transaction"
"0xf303b73c65c6a99780fc58dba020084d36f89400069dcb40b280bd938b86c9b0","12920912","1627564354","2021-07-29 13:12:34","0x519c250c0ec394f762142a59cec2d95dd045824b","0xeb9a82736cc030fc4a4cd4b53e9b2c67e153208d","","0.05795115958","0","196.386355963524","0.000751622","2.54711565241842","2383.24","","","Transfer"
"0xc19c465475cddcdb223e58de62cc760cbe504ed4554e7a7c76edd1692fb956c2","12957882","1628070029","2021-08-04 09:40:29","0x099dbfa498d0b7fbdf8bc6ed9faf868454022ec2","0xeb9a82736cc030fc4a4cd4b53e9b2c67e153208d","","0","0","0","0.009244376","31.3275753057271","2725.72","Error(1)","Reverted","Exec Transaction"
"0x78f9d883c5028f788ba60643f039cd80ef1bca41920d29cf88e23c8e87f719d5","12967302","1628197990","2021-08-05 21:13:10","0x099dbfa498d0b7fbdf8bc6ed9faf868454022ec2","0xeb9a82736cc030fc4a4cd4b53e9b2c67e153208d","","0","0","0","0.018813982","63.7572982649768","2829.23","","","Exec Transaction"
"0xc1e4d7ef57a0329de42ae29aa0bd9c21b0163ea3f6a90b88c21bcf2f578f1585","12967311","1628198103","2021-08-05 21:15:03","0x099dbfa498d0b7fbdf8bc6ed9faf868454022ec2","0xeb9a82736cc030fc4a4cd4b53e9b2c67e153208d","","0","0","0","0.009741351","33.0117367610339","2829.23","","","Exec Transaction"
"0x98e59442c0b1461879b466b1ea25e90a4397656d1d00e1a2c24a2dd0c86b6a35","12967657","1628202641","2021-08-05 22:30:41","0x099dbfa498d0b7fbdf8bc6ed9faf868454022ec2","0xeb9a82736cc030fc4a4cd4b53e9b2c67e153208d","","0","0","0","0.008682822","29.4245669011325","2829.23","","","Exec Transaction"
"0x35ae867978ababf89cc56939c4741998dcd6ec0c335d5769fa12095acafd4e72","13010559","1628774029","2021-08-12 13:13:49","0xbf49b454818783d12bf4f3375ff17c59015e66cb","0xeb9a82736cc030fc4a4cd4b53e9b2c67e153208d","","0","0","0","0.005082444","17.2235148318438","3047.29","","","Exec Transaction"
"0x8649213a02b7a11cac920080f7ff34b15199008fe6004350599d7ee857b8db53","13010611","1628774631","2021-08-12 13:23:51","0xbf49b454818783d12bf4f3375ff17c59015e66cb","0xeb9a82736cc030fc4a4cd4b53e9b2c67e153208d","","0","0","0","0.005652114","19.1540269426032","3047.29","","","Exec Transaction"
"0xe4e456ef5e8582cd75459fe1f6f9772887b0b56c4c2eb36a39b19034f2b758d7","13058191","1629408643","2021-08-19 21:30:43","0x099dbfa498d0b7fbdf8bc6ed9faf868454022ec2","0xeb9a82736cc030fc4a4cd4b53e9b2c67e153208d","","0","0","0","0.005839797","19.7900518420777","3184.74","","","Exec Transaction"
"0x20895ff10d804563e449dfc06f831ca53cb86dd420d2ead750d93ce069e69d21","13058196","1629408695","2021-08-19 21:31:35","0x099dbfa498d0b7fbdf8bc6ed9faf868454022ec2","0xeb9a82736cc030fc4a4cd4b53e9b2c67e153208d","","0","0","0","0.006360795","21.5556230476554","3184.74","","","Exec Transaction"
"0x40d5dc5facd5766ad315c820be46e7717f2e886e76c2a219c018403c137a4d6a","13058197","1629408698","2021-08-19 21:31:38","0x099dbfa498d0b7fbdf8bc6ed9faf868454022ec2","0xeb9a82736cc030fc4a4cd4b53e9b2c67e153208d","","0","0","0","0.00497004","16.8425973124066","3184.74","","","Exec Transaction"
"0xda081d77d713c9c68f63e47a610607eb83d759df1dff9dc6548cbf75e7f763da","13058203","1629408806","2021-08-19 21:33:26","0x099dbfa498d0b7fbdf8bc6ed9faf868454022ec2","0xeb9a82736cc030fc4a4cd4b53e9b2c67e153208d","","0","0","0","0.005929014","20.092392669198","3184.74","","","Exec Transaction"
"0xbecaa4cbc0d3377a90590ddf253d3479709dae931b8831faab96026e8328a2aa","13058217","1629409062","2021-08-19 21:37:42","0x099dbfa498d0b7fbdf8bc6ed9faf868454022ec2","0xeb9a82736cc030fc4a4cd4b53e9b2c67e153208d","","0","0","0","0.018546486","62.850801051538","3184.74","","","Exec Transaction"
"0x849945b2f38be9b14a9e594b9908194489c2118882bb59104c2013f9c865de7d","13058235","1629409230","2021-08-19 21:40:30","0x099dbfa498d0b7fbdf8bc6ed9faf868454022ec2","0xeb9a82736cc030fc4a4cd4b53e9b2c67e153208d","","0","0","0","0.011676602","39.5699643188468","3184.74","","","Exec Transaction"
"0x23e6f78bf50c11780656800d6f5674a54f6dc3b05323ee73a69eda42107d39bc","13058302","1629410151","2021-08-19 21:55:51","0xbf49b454818783d12bf4f3375ff17c59015e66cb","0xeb9a82736cc030fc4a4cd4b53e9b2c67e153208d","","0","0","0","0.006111046","20.7092673168813","3184.74","","","Exec Transaction"
"0xb6b0cc7707ca4337f064224a38994dd3cda18e437e1cfe22ba3cca742a6cefaa","13058309","1629410271","2021-08-19 21:57:51","0xbf49b454818783d12bf4f3375ff17c59015e66cb","0xeb9a82736cc030fc4a4cd4b53e9b2c67e153208d","","0","0","0","0.002819857","9.55600275441864","3184.74","","","Exec Transaction"
"0xa397de6131745e621b603876d123160ace0da4626c81072899648fc566e8b47e","13058415","1629411659","2021-08-19 22:20:59","0x1a207beefc754735871ceeb4c506686f044b1c41","0xeb9a82736cc030fc4a4cd4b53e9b2c67e153208d","","0","0","0","0.002488096441147234","8.43172417780838","3184.74","","","Exec Transaction"
"0x34d8d001430efb9b4e8924258880f3c6b317f91971f0f158a4987fa46b160be5","13084537","1629761202","2021-08-23 23:26:42","0x099dbfa498d0b7fbdf8bc6ed9faf868454022ec2","0xeb9a82736cc030fc4a4cd4b53e9b2c67e153208d","","0","0","0","0.00992632","33.6385643886342","3322.71","","","Exec Transaction"
"0xb5fc4b6339ebf72dc50d1833b4030221690a3adc447bb8831ccae1797ef9e3d6","13084553","1629761445","2021-08-23 23:30:45","0x099dbfa498d0b7fbdf8bc6ed9faf868454022ec2","0xeb9a82736cc030fc4a4cd4b53e9b2c67e153208d","","0","0","0","0.005375282","18.215891656129","3322.71","","","Exec Transaction"
"0x7f1063566a75884521e1381deb8f640f9edff1dc352849faf79fab306ddd786d","13084657","1629762938","2021-08-23 23:55:38","0xd939611c3ca425b4f6d4a82591eab3da43c2f4a0","0xeb9a82736cc030fc4a4cd4b53e9b2c67e153208d","","2.5","0","8472.06325925273","0.001638","5.55089584746239","3322.71","Error(0)","Out of gas","Transfer"
"0xc040554f2cf833913c75f1f3cff8aa5191c89b5666be40949bbb12512ed970d4","13084667","1629763062","2021-08-23 23:57:42","0xd939611c3ca425b4f6d4a82591eab3da43c2f4a0","0xeb9a82736cc030fc4a4cd4b53e9b2c67e153208d","","2.5","0","8472.06325925273","0.00207344","7.02652593770599","3322.71","","","Transfer"
"0x56b2cd7f0001ae6f9b3cd2f17a20f542fd24c249c08b8a2b18d3ffa16268f198","13084960","1629766738","2021-08-24 00:58:58","0xf5a701d13be654a534d14de8cd6a328293712405","0xeb9a82736cc030fc4a4cd4b53e9b2c67e153208d","","0","0","0","0.004200328","14.2341778102442","3172.57","","","Exec Transaction"
"0xc2b9b45e6f0158ce04c78136ccab5ccfed81a7e142eb34b1b28d017ab145ca63","13084966","1629766871","2021-08-24 01:01:11","0xf5a701d13be654a534d14de8cd6a328293712405","0xeb9a82736cc030fc4a4cd4b53e9b2c67e153208d","","0","0","0","0.005518842179018435","18.7023920233905","3172.57","","","Exec Transaction"
"0x54d34663f38bce65b7f2c14b4191c824a81fb780528ed8168172631812aa4294","13084968","1629766915","2021-08-24 01:01:55","0xf5a701d13be654a534d14de8cd6a328293712405","0xeb9a82736cc030fc4a4cd4b53e9b2c67e153208d","","0","0","0","0.004987581785098222","16.9020433576195","3172.57","","","Exec Transaction"
"0x93190f16132619b75b082bf3e07ce42a6c60471ccf4066d6d0206d2081663e3d","13101041","1629981771","2021-08-26 12:42:51","0x099dbfa498d0b7fbdf8bc6ed9faf868454022ec2","0xeb9a82736cc030fc4a4cd4b53e9b2c67e153208d","","0","0","0","0.020205865187282916","68.4741472298373","3093.62","","","Exec Transaction"
"0x6318904eb32767d321d0e8b8cdb0a4dbd1edc3e4057da97e731e60a26dedde8d","13101059","1629981981","2021-08-26 12:46:21","0x099dbfa498d0b7fbdf8bc6ed9faf868454022ec2","0xeb9a82736cc030fc4a4cd4b53e9b2c67e153208d","","0","0","0","0.009031910390357985","30.6075664716059","3093.62","","","Exec Transaction"
"0x427d2f38e2b4aa8b3a55c362b2f1826927421804371214b92352636021dbda68","13101063","1629982072","2021-08-26 12:47:52","0x099dbfa498d0b7fbdf8bc6ed9faf868454022ec2","0xeb9a82736cc030fc4a4cd4b53e9b2c67e153208d","","0","0","0","0.011851738225955584","40.1634703929598","3093.62","","","Exec Transaction"
"0x8ac6aaa838209b60aaa4d5f6f941185cdc722140e4a80fcf80cc88258145e861","13124001","1630288424","2021-08-30 01:53:44","0x099dbfa498d0b7fbdf8bc6ed9faf868454022ec2","0xeb9a82736cc030fc4a4cd4b53e9b2c67e153208d","","0","0","0","0.006251558831776798","21.1854407567012","3228.46","","","Exec Transaction"
"0xa328f59ba0a06912bbb520a53c5c9fa77b7f370d3ae4169a72f7df5f483fd326","13124025","1630288719","2021-08-30 01:58:39","0x099dbfa498d0b7fbdf8bc6ed9faf868454022ec2","0xeb9a82736cc030fc4a4cd4b53e9b2c67e153208d","","0","0","0","0.00800839566476795","27.1390538708157","3228.46","","","Exec Transaction"
"0xdd5052b9cea1c039192029af43847bbcebbf0f541555cdbe4d699bbd9e56456a","13124100","1630289715","2021-08-30 02:15:15","0xf5a701d13be654a534d14de8cd6a328293712405","0xeb9a82736cc030fc4a4cd4b53e9b2c67e153208d","","0","0","0","0.00779986711098624","26.4323870312161","3228.46","","","Exec Transaction"
"0xbb560477627c9857f50ad7582d5b7156b1036e7a0e452930e603793bf7829252","13148713","1630617989","2021-09-02 21:26:29","0x099dbfa498d0b7fbdf8bc6ed9faf868454022ec2","0xeb9a82736cc030fc4a4cd4b53e9b2c67e153208d","","0","0","0","0.011043031","37.4229028823556","3787.70","","","Exec Transaction"
"0x99804e81d10e0def7b9486e72a114aef193bd90cd4bea98e27defa08272f75ed","13171575","1630923402","2021-09-06 10:16:42","0x099dbfa498d0b7fbdf8bc6ed9faf868454022ec2","0xeb9a82736cc030fc4a4cd4b53e9b2c67e153208d","","0","0","0","0.007290954","24.7077694033207","3928.40","","","Exec Transaction"
"0x7b51fe3ac34f4b7ab6d87f299ae9ad05d7d0241d9c3214dd8602f251865589a0","13171580","1630923509","2021-09-06 10:18:29","0x099dbfa498d0b7fbdf8bc6ed9faf868454022ec2","0xeb9a82736cc030fc4a4cd4b53e9b2c67e153208d","","0","0","0","0.0114389774","38.7646960615849","3928.40","","","Exec Transaction"
"0x886c773c75ec81143962c96057f50d9b100d16643fa9ca20a334c21841482f08","13171586","1630923627","2021-09-06 10:20:27","0x099dbfa498d0b7fbdf8bc6ed9faf868454022ec2","0xeb9a82736cc030fc4a4cd4b53e9b2c67e153208d","","0","0","0","0.012632167400473354","42.8082085273121","3928.40","","","Exec Transaction"
"0x9f4dc3857895d7d7938c06068460c4c16b53dcf7f353f470104ea56977769a2f","13171751","1630925882","2021-09-06 10:58:02","0xbf49b454818783d12bf4f3375ff17c59015e66cb","0xeb9a82736cc030fc4a4cd4b53e9b2c67e153208d","","0","0","0","0.005245835460124893","17.7772199463237","3928.40","","","Exec Transaction"
"0x49a49c02d32f2f1fbb388c5370c2441dc2e8fa7bce074b5a5b7777d4a280054f","13171837","1630926969","2021-09-06 11:16:09","0xbf49b454818783d12bf4f3375ff17c59015e66cb","0xeb9a82736cc030fc4a4cd4b53e9b2c67e153208d","","0","0","0","0.026651277678206993","90.3165241718719","3928.40","","","Exec Transaction"
"0x8718768eeb92be08e3a607de61ca245e45dfed1b1df5fef586385b0fc43e0e50","13171879","1630927585","2021-09-06 11:26:25","0x099dbfa498d0b7fbdf8bc6ed9faf868454022ec2","0xeb9a82736cc030fc4a4cd4b53e9b2c67e153208d","","0","0","0","0.013361091494521344","45.2784049416993","3928.40","","","Exec Transaction"
"0xa6961b60bbaca8d2b521260dbf8dcb58bb4cd4e49a516bbf74d7a67c8563a6f2","13203186","1631346245","2021-09-11 07:44:05","0x099dbfa498d0b7fbdf8bc6ed9faf868454022ec2","0xeb9a82736cc030fc4a4cd4b53e9b2c67e153208d","","0","0","0","0.004908650747448678","16.6345598599853","3266.43","","","Exec Transaction"
"0x2427774a892f1e25d499b5e66409d5f9a05149b25f161ead3bdc77ebfd70af5e","13203204","1631346524","2021-09-11 07:48:44","0x099dbfa498d0b7fbdf8bc6ed9faf868454022ec2","0xeb9a82736cc030fc4a4cd4b53e9b2c67e153208d","","0","0","0","0.004241728","14.3744751778174","3266.43","","","Exec Transaction"
"0xe23a47ea54fb46bdae139b2bc3016ceb52e608cf948a384117d94fefd8398327","13214927","1631502860","2021-09-13 03:14:20","0x099dbfa498d0b7fbdf8bc6ed9faf868454022ec2","0xeb9a82736cc030fc4a4cd4b53e9b2c67e153208d","","0","0","0","0.005683986","19.2620355826827","3285.40","","","Exec Transaction"
"0xb5f9425a6337f7000a606f52a48236c387be0e6368221b38bb28387f3dd5707a","13214940","1631503006","2021-09-13 03:16:46","0x099dbfa498d0b7fbdf8bc6ed9faf868454022ec2","0xeb9a82736cc030fc4a4cd4b53e9b2c67e153208d","","0","0","0","0.0073929345","25.0533635022048","3285.40","","","Exec Transaction"
"0xd511f77181e967d16040453944b40046fa818f8e2a9083f80eee9b2167b89e06","13214980","1631503525","2021-09-13 03:25:25","0xf5a701d13be654a534d14de8cd6a328293712405","0xeb9a82736cc030fc4a4cd4b53e9b2c67e153208d","","0","0","0","0.003576404","12.1198083714578","3285.40","","","Exec Transaction"
"0xec8150a5ec5dab93244e683840c47f346c22b71a491671f44684d569e5d63063","13226515","1631658227","2021-09-14 22:23:47","0x099dbfa498d0b7fbdf8bc6ed9faf868454022ec2","0xeb9a82736cc030fc4a4cd4b53e9b2c67e153208d","","0","0","0","0.003301171467891174","11.1870934022457","3436.05","","","Exec Transaction"
"0x41a6383b10c983956465490ead0bebb84f1dd22daee6e0bffa94dddc2fc38874","13226544","1631658630","2021-09-14 22:30:30","0x1a207beefc754735871ceeb4c506686f044b1c41","0xeb9a82736cc030fc4a4cd4b53e9b2c67e153208d","","0","0","0","0.0035496375","12.0291013789663","3436.05","","","Exec Transaction"
"0x25605fd24e6279e56979e8f8366dcdec0c08a8666cef004805b3589a734cf3bb","13233267","1631748461","2021-09-15 23:27:41","0x099dbfa498d0b7fbdf8bc6ed9faf868454022ec2","0xeb9a82736cc030fc4a4cd4b53e9b2c67e153208d","","0","0","0","0.0047212143548373","15.9993706698695","3615.22","","","Exec Transaction"
"0xfb742b75d90d7adcfebdc7f3857abd704afeaca845f7f2dfa93e95a69144da02","13233785","1631755720","2021-09-16 01:28:40","0xf5a701d13be654a534d14de8cd6a328293712405","0xeb9a82736cc030fc4a4cd4b53e9b2c67e153208d","","0","0","0","0.00465521065009438","15.7756956450986","3569.26","","","Exec Transaction"
"0xef0175bc3a0665cfef75887e161b477a1e6b2357ab6f8698f377c6cf3129806a","13233794","1631755861","2021-09-16 01:31:01","0xf5a701d13be654a534d14de8cd6a328293712405","0xeb9a82736cc030fc4a4cd4b53e9b2c67e153208d","","0","0","0","0.005449034827105261","18.4658271028428","3569.26","","","Exec Transaction"
"0x67c8693de9f740f2ceb8ac0417d7172d8fb810d35b2d47cfa11f1d6514299fdc","13272071","1632266351","2021-09-21 23:19:11","0x099dbfa498d0b7fbdf8bc6ed9faf868454022ec2","0xeb9a82736cc030fc4a4cd4b53e9b2c67e153208d","","0","0","0","0.011897356285385252","40.3180620270607","2760.20","","","Exec Transaction"
"0xed41f666169f56ca4a61a35e31917d74aef27aad0087251aaf76e73d0c18cda3","13275597","1632314091","2021-09-22 12:34:51","0xbf49b454818783d12bf4f3375ff17c59015e66cb","0xeb9a82736cc030fc4a4cd4b53e9b2c67e153208d","","0","0","0","0.003988601480265284","13.5166736227026","3078.88","","","Exec Transaction"
"0x2be0501b0dca9fa7cae87c367a11847b9c49fd69568cd001940fc820d59c3281","13275686","1632315265","2021-09-22 12:54:25","0xbf49b454818783d12bf4f3375ff17c59015e66cb","0xeb9a82736cc030fc4a4cd4b53e9b2c67e153208d","","0","0","0","0.002300779357443966","7.79693930473925","3078.88","","","Exec Transaction"
"0x99687322169cddee8f1264f641e85aa2926f42318b5a73bc0435537bc5eadbfa","13286945","1632465672","2021-09-24 06:41:12","0xf5a701d13be654a534d14de8cd6a328293712405","0xeb9a82736cc030fc4a4cd4b53e9b2c67e153208d","","0","0","0","0.002814400112603079","9.53751031632851","2930.86","","","Exec Transaction"
"0xc5fd9cde7d1b3822b55d12512ba1413f5718145330d016fad1f9a03febc7eb68","13286950","1632465710","2021-09-24 06:41:50","0xf5a701d13be654a534d14de8cd6a328293712405","0xeb9a82736cc030fc4a4cd4b53e9b2c67e153208d","","0","0","0","0.00574948","19.4839833071233","2930.86","","","Exec Transaction"
"0x210d1c2912e8d275efc1df5826ad9d92b55639c4369ea5f74e653998ec13780b","13286959","1632465869","2021-09-24 06:44:29","0xf5a701d13be654a534d14de8cd6a328293712405","0xeb9a82736cc030fc4a4cd4b53e9b2c67e153208d","","0","0","0","0.006989067054178782","23.6847272824647","2930.86","","","Exec Transaction"
"0xf334f0d3968ee28f7e767723a8577002f90489840567b64f66bf9bab0b5f696c","13286960","1632465879","2021-09-24 06:44:39","0xf5a701d13be654a534d14de8cd6a328293712405","0xeb9a82736cc030fc4a4cd4b53e9b2c67e153208d","","0","0","0","0.005705564","19.335159655086","2930.86","","","Exec Transaction"
"0x25d40813015a2c75aae4b5bc01ea514759f55b579392542db506f1ad21cde9bb","13299354","1632631232","2021-09-26 04:40:32","0x1a207beefc754735871ceeb4c506686f044b1c41","0xeb9a82736cc030fc4a4cd4b53e9b2c67e153208d","","0","0","0","0.004093122","13.8708754047356","3064.21","","","Exec Transaction"
"0xd63e3eaa2ca1dc9ecc10123420f3c87ea93bd23d58cdfade707656dde0f91eee","13307166","1632737431","2021-09-27 10:10:31","0x099dbfa498d0b7fbdf8bc6ed9faf868454022ec2","0xeb9a82736cc030fc4a4cd4b53e9b2c67e153208d","","0","0","0","0.0047014422","15.9323662912481","2927.73","","","Exec Transaction"
"0x0e46af709af6a253f578d7993a6b5ad20c67e1bfbd85b9c2a9e1875c386c11f4","13307761","1632745509","2021-09-27 12:25:09","0xbf49b454818783d12bf4f3375ff17c59015e66cb","0xeb9a82736cc030fc4a4cd4b53e9b2c67e153208d","","0","0","0","0.003655291742255416","12.3871451485648","2927.73","","","Exec Transaction"
"0x9ae73d45ac17b8d4481f8c928a9122c8378ac69fc9eab0062b7deb17cfd364cd","13315302","1632846500","2021-09-28 16:28:20","0xbf49b454818783d12bf4f3375ff17c59015e66cb","0xeb9a82736cc030fc4a4cd4b53e9b2c67e153208d","","0","0","0","0.054419996800481676","184.419862184805","2807.44","","","Exec Transaction"
"0x35068749585741ea6c21cbbf43b4c8e11f52af815a1f5ea2d9616780b0c265a7","13320306","1632913880","2021-09-29 11:11:20","0x099dbfa498d0b7fbdf8bc6ed9faf868454022ec2","0xeb9a82736cc030fc4a4cd4b53e9b2c67e153208d","","0","0","0","0.006733335364398686","22.8180972611797","2850.87","","","Exec Transaction"
"0x6d48d5b1df99c28a2a541e6bff0c7f6ba0e3e0f208025b0dc5c8cf8b53cd5cc9","13320312","1632913935","2021-09-29 11:12:15","0x099dbfa498d0b7fbdf8bc6ed9faf868454022ec2","0xeb9a82736cc030fc4a4cd4b53e9b2c67e153208d","","0","0","0","0.006506088276513085","22.0479965795606","2850.87","","","Exec Transaction"
"0x4e8c3956ad18f37906da2b61a881f5c1dbcb44975cb668b25379165cdd5f5507","13351481","1633335621","2021-10-04 08:20:21","0x1a207beefc754735871ceeb4c506686f044b1c41","0xeb9a82736cc030fc4a4cd4b53e9b2c67e153208d","","0","0","0","0.005430441974776117","18.4028191744018","3384.50","","","Exec Transaction"
"0x6823d1345c93fae530ce36a0c1d5b7bba06e8a9fb7455e7c913358fad6e3e589","13351500","1633335875","2021-10-04 08:24:35","0x1a207beefc754735871ceeb4c506686f044b1c41","0xeb9a82736cc030fc4a4cd4b53e9b2c67e153208d","","0","0","0","0.004024749943547958","13.6391744497649","3384.50","","","Exec Transaction"
"0x656e51d774ee8f4d18522ef4c3722332b5ba3aa735f8e2f08204fd0ae5a70d5e","13351511","1633336040","2021-10-04 08:27:20","0xbf49b454818783d12bf4f3375ff17c59015e66cb","0xeb9a82736cc030fc4a4cd4b53e9b2c67e153208d","","0","0","0","0.007680172926618351","26.0267643505243","3384.50","","","Exec Transaction"
"0x26688aa4e5b6d4f37d778c4fc0cd1da5f4be94e90680ea454db9808f2e6cd2d6","13351528","1633336221","2021-10-04 08:30:21","0xbf49b454818783d12bf4f3375ff17c59015e66cb","0xeb9a82736cc030fc4a4cd4b53e9b2c67e153208d","","0","0","0","0.00364749191362185","12.3607128919268","3384.50","","","Exec Transaction"
"0x9c11cd8871a9613c5817706308b917b49b5f99594081cf2f70d45a9f9bfd3abf","13351579","1633336813","2021-10-04 08:40:13","0xbf49b454818783d12bf4f3375ff17c59015e66cb","0xeb9a82736cc030fc4a4cd4b53e9b2c67e153208d","","0","0","0","0.017483350265577405","59.2480197734579","3384.50","","","Exec Transaction"
"0x8f08e19e3ec751c5523e2782b2340052ad65552f575dbd1d85e948b708a106eb","13351609","1633337199","2021-10-04 08:46:39","0xbf49b454818783d12bf4f3375ff17c59015e66cb","0xeb9a82736cc030fc4a4cd4b53e9b2c67e153208d","","0","0","0","0.004709570805163249","15.9599127141091","3384.50","","","Exec Transaction"
"0x156b56b987b1e5a52afb96704c8c0edb95676795796683882f382785924b517a","13351624","1633337421","2021-10-04 08:50:21","0xbf49b454818783d12bf4f3375ff17c59015e66cb","0xeb9a82736cc030fc4a4cd4b53e9b2c67e153208d","","0","0","0","0.00878664672369824","29.7764107519509","3384.50","","","Exec Transaction"
"0xffc4255a1848722374ace6bec4d369ed3727ff72d310c2c5e35f0d2911cb85f0","13353294","1633359915","2021-10-04 15:05:15","0xe1f02f7e90ea5f21d0ac6f12c659c3484c143b03","0xeb9a82736cc030fc4a4cd4b53e9b2c67e153208d","","0","0","0","0.006327224238486822","21.441857601575","3384.50","","","Exec Transaction"
"0x9adc54347689677a1020e9a796907ce7ea25ae0fd66377d869afdfbd339bed60","13376760","1633676882","2021-10-08 07:08:02","0x099dbfa498d0b7fbdf8bc6ed9faf868454022ec2","0xeb9a82736cc030fc4a4cd4b53e9b2c67e153208d","","0","0","0","0.012104917851437632","41.0214519141749","3562.84","","","Exec Transaction"
"0x5c71049aa42f3f01bcff4c9352ca064508eeccf30742316e810d2a8ab85815d5","13402475","1634025871","2021-10-12 08:04:31","0x099dbfa498d0b7fbdf8bc6ed9faf868454022ec2","0xeb9a82736cc030fc4a4cd4b53e9b2c67e153208d","","0","0","0","0.006429305868586536","21.7877944127","3490.61","","","Exec Transaction"
"0xa969c26bad80ebae61f649f83b97678994ae7d68d2f19c37ae51dd06010b4036","13402511","1634026297","2021-10-12 08:11:37","0xbf49b454818783d12bf4f3375ff17c59015e66cb","0xeb9a82736cc030fc4a4cd4b53e9b2c67e153208d","","0","0","0","0.004844039004232711","16.4156019496588","3490.61","","","Exec Transaction"
"0xcb2fc049b8df8de202a002d76388b9219ed0fcb54a7c1accba965f6527599e9a","13402622","1634028159","2021-10-12 08:42:39","0x099dbfa498d0b7fbdf8bc6ed9faf868454022ec2","0xeb9a82736cc030fc4a4cd4b53e9b2c67e153208d","","0","0","0","0.009046661767019352","30.6575563101004","3490.61","","","Exec Transaction"
"0x104c4433975dbcf88fa3cf7d8c83d2c98097099422c703d470bcf991fe79e770","13545238","1635960996","2021-11-03 17:36:36","0x099dbfa498d0b7fbdf8bc6ed9faf868454022ec2","0xeb9a82736cc030fc4a4cd4b53e9b2c67e153208d","","0","0","0","0.02263897200858755","76.7195211924822","4604.40","","","Exec Transaction"
"0x67e5e15864aa47e7ac401a9908c21378399ddddd9a886562e610a947191e7bef","13555535","1636100792","2021-11-05 08:26:32","0x099dbfa498d0b7fbdf8bc6ed9faf868454022ec2","0xeb9a82736cc030fc4a4cd4b53e9b2c67e153208d","","0","0","0","0.011107522670168673","37.6414538861011","4480.09","","","Exec Transaction"
"0x731901bb3550cd5ce421d978b1357eec6f786c6541278556e7f4cfc6aa595d01","13555554","1636101041","2021-11-05 08:30:41","0x099dbfa498d0b7fbdf8bc6ed9faf868454022ec2","0xeb9a82736cc030fc4a4cd4b53e9b2c67e153208d","","0","0","0","0.057420584","194.588328012494","4480.09","","","Exec Transaction"
"0x9faf8bb110eaad831aa1574f2662d5b90b3a8907fbb61e4481b1fafd0e5acb76","13555577","1636101527","2021-11-05 08:38:47","0x099dbfa498d0b7fbdf8bc6ed9faf868454022ec2","0xeb9a82736cc030fc4a4cd4b53e9b2c67e153208d","","0","0","0","0.01662757635587251","56.3479514940027","4480.09","","","Exec Transaction"
"0x3b8eae2dd108a2cb45a55f0b9caee2675a87cda5888a4ecbf2786b853d791453","13555599","1636101801","2021-11-05 08:43:21","0x099dbfa498d0b7fbdf8bc6ed9faf868454022ec2","0xeb9a82736cc030fc4a4cd4b53e9b2c67e153208d","","0","0","0","0.012084809298618858","40.9533075415618","4480.09","","","Exec Transaction"
"0xc64e0b74f69a384ec1603b54f569b4bf4592511f6c402dc5d426f2e283465597","13555626","1636102358","2021-11-05 08:52:38","0x099dbfa498d0b7fbdf8bc6ed9faf868454022ec2","0xeb9a82736cc030fc4a4cd4b53e9b2c67e153208d","","0","0","0","0.009399584987466468","31.8535514498153","4480.09","","","Exec Transaction"
"0x72f7f7969ee8abaa32d5481741e577d4e06d275aa0bd6cc3fc385b2e54393555","13555658","1636102798","2021-11-05 08:59:58","0x099dbfa498d0b7fbdf8bc6ed9faf868454022ec2","0xeb9a82736cc030fc4a4cd4b53e9b2c67e153208d","","0","0","0","0.006775225237414375","22.9600547228241","4480.09","","","Exec Transaction"
"0x0737e6e1c5341a5bb595905741ddc02e3c1e8db2629128e437c298e52b0d0ff4","13601014","1636716118","2021-11-12 11:21:58","0x099dbfa498d0b7fbdf8bc6ed9faf868454022ec2","0xeb9a82736cc030fc4a4cd4b53e9b2c67e153208d","","0","0","0","0.026140845317282388","88.5867580713427","4668.70","","","Exec Transaction"
"0x41fbe2710e9e3bf1d459ce3aa3699ed0177759d82f7810947bf8ae17caebbe6b","13601027","1636716277","2021-11-12 11:24:37","0x099dbfa498d0b7fbdf8bc6ed9faf868454022ec2","0xeb9a82736cc030fc4a4cd4b53e9b2c67e153208d","","0","0","0","0.010308216994575913","34.9327465872605","4668.70","","","Exec Transaction"
"0x35bf2ac6bae7b60fd2a13811258e47f2cb293ba8c7c53da1c572adb8ecae4c6d","13601098","1636717340","2021-11-12 11:42:20","0x099dbfa498d0b7fbdf8bc6ed9faf868454022ec2","0xeb9a82736cc030fc4a4cd4b53e9b2c67e153208d","","0","0","0","0.009871277073111284","33.452033525204","4668.70","","","Exec Transaction"
"0x8bed710652d209bcd23563678ec0a58a571c0781d1bd3e07b4a2e7cdd36df851","13634246","1637169316","2021-11-17 17:15:16","0x099dbfa498d0b7fbdf8bc6ed9faf868454022ec2","0xeb9a82736cc030fc4a4cd4b53e9b2c67e153208d","","0","0","0","0.017075806035018133","57.8669235725612","4289.75","","","Exec Transaction"
"0xb99a96eeddb62792a2d989b400bfa465f73192b910c85e0f972ae4aff8477f7b","13709472","1638201119","2021-11-29 15:51:59","0x099dbfa498d0b7fbdf8bc6ed9faf868454022ec2","0xeb9a82736cc030fc4a4cd4b53e9b2c67e153208d","","0","0","0","0.017498632","59.2998069017536","4448.49","","","Exec Transaction"
"0x4e14ceed9140f374496c89a21f62e8029c1adde6d7eb441833bbedbcc31c65dd","13729329","1638475624","2021-12-02 20:07:04","0x099dbfa498d0b7fbdf8bc6ed9faf868454022ec2","0xeb9a82736cc030fc4a4cd4b53e9b2c67e153208d","","0","0","0","0.011070512798120524","37.5160338952176","4514.80","","","Exec Transaction"
"0xf09c7c73205eea334f7c3a878adaf353b35d37c06209385256e504833168b1ca","13729635","1638479944","2021-12-02 21:19:04","0x099dbfa498d0b7fbdf8bc6ed9faf868454022ec2","0xeb9a82736cc030fc4a4cd4b53e9b2c67e153208d","","0","0","0","0.014016746","47.500303520351","4514.80","","","Exec Transaction"
"0x05ad2b6ac6b93b7c808a9e703dc0ebb41e91b6008fbcbc2f3c6336506df48b99","13730346","1638489903","2021-12-03 00:05:03","0x099dbfa498d0b7fbdf8bc6ed9faf868454022ec2","0xeb9a82736cc030fc4a4cd4b53e9b2c67e153208d","","0","0","0","0.020879284400992176","70.7562473012537","4219.32","","","Exec Transaction"
"0x743b80f5bd41b78d01b795ad4cdfa2a9feb7532379be9d07550edf9bbaf642ee","13731311","1638503050","2021-12-03 03:44:10","0x099dbfa498d0b7fbdf8bc6ed9faf868454022ec2","0xeb9a82736cc030fc4a4cd4b53e9b2c67e153208d","","0","0","0","0.01139405700624594","38.6124686945789","4219.32","","","Exec Transaction"
"0x94657e4c881fb3400d6262712cafe9359e41c21f47a0a19b9f67d4ef286ad4d3","13734214","1638543212","2021-12-03 14:53:32","0xe1f02f7e90ea5f21d0ac6f12c659c3484c143b03","0xeb9a82736cc030fc4a4cd4b53e9b2c67e153208d","","0","0","0","0.00902996849266768","30.6009857195758","4219.32","","","Exec Transaction"
"0x869bff10f9f24304cbd7afff8d851a37ef1bb0f8b51ae932ef636b012c07a778","13734215","1638543237","2021-12-03 14:53:57","0x099dbfa498d0b7fbdf8bc6ed9faf868454022ec2","0xeb9a82736cc030fc4a4cd4b53e9b2c67e153208d","","0","0","0","0.007093952017212403","24.0401640991708","4219.32","Error(0)","Reverted","Exec Transaction"
"0xd20355b532e323041540956f7d43a94cc95e4a54b3d3b31d4086913cc5adbd01","13734234","1638543554","2021-12-03 14:59:14","0xe1f02f7e90ea5f21d0ac6f12c659c3484c143b03","0xeb9a82736cc030fc4a4cd4b53e9b2c67e153208d","","0","0","0","0.00933966516970098","31.6504936551784","4219.32","","","Exec Transaction"
"0x5df75b9f646ee5509a4a2e37c4e78c3ef4235191d80d4e13d523a23241dbf2c2","13734234","1638543554","2021-12-03 14:59:14","0x099dbfa498d0b7fbdf8bc6ed9faf868454022ec2","0xeb9a82736cc030fc4a4cd4b53e9b2c67e153208d","","0","0","0","0.006969062161310652","23.6169341953153","4219.32","Error(0)","Reverted","Exec Transaction"
"0x77994b84b4b827390f9b22ec521175c1d27a4a10eb237b118f2f701db8d19258","13772798","1639077201","2021-12-09 19:13:21","0x099dbfa498d0b7fbdf8bc6ed9faf868454022ec2","0xeb9a82736cc030fc4a4cd4b53e9b2c67e153208d","","0","0","0","0.01302938597727657","44.154312891483","4111.92","","","Exec Transaction"
"0xa10a5b2a3d06d97c7c9a8300f3de3befe1e8e4414c772cd29cb2daf67b2df9d6","13772835","1639077679","2021-12-09 19:21:19","0x099dbfa498d0b7fbdf8bc6ed9faf868454022ec2","0xeb9a82736cc030fc4a4cd4b53e9b2c67e153208d","","0","0","0","0.021136260170555712","71.6270932915887","4111.92","","","Exec Transaction"
"0x9b640930d46b9a0dd11f1665a5c5315a986cf1b8dc37842330c412017d607ca2","13772902","1639078435","2021-12-09 19:33:55","0x099dbfa498d0b7fbdf8bc6ed9faf868454022ec2","0xeb9a82736cc030fc4a4cd4b53e9b2c67e153208d","","0","0","0","0.00934206","31.6586093166938","4111.92","","","Exec Transaction"
"0x17862cbcb6502359483610e78997f01ee1ac579ec8eaf0179bfd6a8d82a2a2e6","13843061","1640016911","2021-12-20 16:15:11","0x099dbfa498d0b7fbdf8bc6ed9faf868454022ec2","0xeb9a82736cc030fc4a4cd4b53e9b2c67e153208d","","0","0","0","0.007410330534872312","25.1123156253641","3945.57","","","Exec Transaction"
"0x49370e98625729d440810bb291c399bad76e82c9a51134229892dcd4aeb7b679","13908629","1640893478","2021-12-30 19:44:38","0xe1f02f7e90ea5f21d0ac6f12c659c3484c143b03","0xeb9a82736cc030fc4a4cd4b53e9b2c67e153208d","","0","0","0","0.014220323910032614","48.1901934931441","3710.08","","","Exec Transaction"
"0x0a99ebbe8fdbcfdd6f94d691695155c409fe2a9f67c70c3b94acf8789d141f32","13933411","1641225437","2022-01-03 15:57:17","0xe1f02f7e90ea5f21d0ac6f12c659c3484c143b03","0xeb9a82736cc030fc4a4cd4b53e9b2c67e153208d","","0","0","0","0.01003112902097019","33.9937438509541","3765.16","","","Exec Transaction"
"0xa1cb4baa4c62f4654b088dc158fb3ab82182120061f2a1808539cd6d4d11e586","13939551","1641307082","2022-01-04 14:38:02","0x099dbfa498d0b7fbdf8bc6ed9faf868454022ec2","0xeb9a82736cc030fc4a4cd4b53e9b2c67e153208d","","0","0","0","0.007583066","25.6976859404354","3785.67","","","Exec Transaction"
"0xf90675bfdd647cb335d473948f422c52f168f03831743111f4c48d4e0c8fe012","13939570","1641307471","2022-01-04 14:44:31","0x099dbfa498d0b7fbdf8bc6ed9faf868454022ec2","0xeb9a82736cc030fc4a4cd4b53e9b2c67e153208d","","0","0","0","0.00938567257187751","31.8064047038318","3785.67","","","Exec Transaction"
"0x2f594824b0aae1a078fb6e0f8560d0bc4b754b0f987e198adf3eabd09b3a733e","13953982","1641500065","2022-01-06 20:14:25","0xbf49b454818783d12bf4f3375ff17c59015e66cb","0xeb9a82736cc030fc4a4cd4b53e9b2c67e153208d","","0","0","0","0.015584561499682656","52.8133563572104","3406.48","","","Exec Transaction"
"0x57d87b89b48fe8ee1d942f52b73aac098019952b37f75e8181b508de3b57bb96","13956591","1641535659","2022-01-07 06:07:39","0xbf49b454818783d12bf4f3375ff17c59015e66cb","0xeb9a82736cc030fc4a4cd4b53e9b2c67e153208d","","0","0","0","0.007938097543591484","26.9008258189703","3196.47","","","Exec Transaction"
"0x7d51325641b6af6576cded19d6e0860c7c5cb9a09af54503bea28e7c75e0ad69","13957675","1641549732","2022-01-07 10:02:12","0xbf49b454818783d12bf4f3375ff17c59015e66cb","0xeb9a82736cc030fc4a4cd4b53e9b2c67e153208d","","0","0","0","0.027607548382727893","93.5571585325404","3196.47","Error(1)","Reverted","Exec Transaction"
"0xbe0538bffcc1b563fe26299d80996bf9ac0397d59498944c45ce1c5807c3c1c9","13959769","1641578341","2022-01-07 17:59:01","0xbf49b454818783d12bf4f3375ff17c59015e66cb","0xeb9a82736cc030fc4a4cd4b53e9b2c67e153208d","","0","0","0","0.11116532537134905","376.719867512592","3196.47","","","Exec Transaction"
"0xd131f76a51cf4b70a8c904068e7901eb946dab88566487df192544db7d135f54","13959824","1641579075","2022-01-07 18:11:15","0xe1f02f7e90ea5f21d0ac6f12c659c3484c143b03","0xeb9a82736cc030fc4a4cd4b53e9b2c67e153208d","","0","0","0","0.017473390923511848","59.2142693030579","3196.47","","","Exec Transaction"
"0xa4bff094436544f97b180a25f8a89c46298468e1e9ccb17d43dfb4258c04c32e","13963494","1641627674","2022-01-08 07:41:14","0x4f370b4d03d2b46cce26f1aefe142708e03d7ffe","0xeb9a82736cc030fc4a4cd4b53e9b2c67e153208d","","0","0","0","0.012189694601685546","41.3087455105806","3080.81","","","Exec Transaction"
"0x6fe9b22ed21b87bf3f5b0d9434251a2e123b3e6cef8821ed21e760d52f2043bd","13999530","1642108555","2022-01-13 21:15:55","0x86691c1dd5d567f8e73a46feb0ddd2b42e404b6b","0xeb9a82736cc030fc4a4cd4b53e9b2c67e153208d","","0","0","0","0.018339700473986034","62.1500410285428","3242.26","","","Exec Transaction"
"0x7206a55a7553471eaf93177321b121f49ba18c91e1764459da6c4aca73a832a6","14029313","1642506643","2022-01-18 11:50:43","0xbf49b454818783d12bf4f3375ff17c59015e66cb","0xeb9a82736cc030fc4a4cd4b53e9b2c67e153208d","","0","0","0","0.007012526577327268","23.764227508123","3161.50","","","Exec Transaction"
"0x4b2ccad89d725fdd26492870373395b0716c7cf20805d7eee5285b0b88303fb0","14029880","1642514001","2022-01-18 13:53:21","0x5753f05a0c757f38f8365c22b8f9bd6da763d1f5","0xeb9a82736cc030fc4a4cd4b53e9b2c67e153208d","","0","0","0","0.012362468129977008","41.8942448150644","3161.50","","","Exec Transaction"
"0xc386abcc1afd13a8ec2c1e816a5162966eb95bf5e6d52833b76854fa2b2ca7ad","14041717","1642672404","2022-01-20 09:53:24","0xbf49b454818783d12bf4f3375ff17c59015e66cb","0xeb9a82736cc030fc4a4cd4b53e9b2c67e153208d","","0","0","0","0.005132481342622443","17.3930826446527","3002.43","","","Exec Transaction"
"0xe21bf551f9b4c91a5e8d6e14f7fec30bdd0ca5186811cfc534c3024ce14302d2","14042623","1642684541","2022-01-20 13:15:41","0xbf49b454818783d12bf4f3375ff17c59015e66cb","0xeb9a82736cc030fc4a4cd4b53e9b2c67e153208d","","0","0","0","0.00674339416202164","22.8521847690891","3002.43","","","Exec Transaction"
"0x7e326d2b354df6f1df4efe4509fb0e4e502aa7e2a887b631ee7f5b4f921f2c2f","14048897","1642767976","2022-01-21 12:26:16","0xbf49b454818783d12bf4f3375ff17c59015e66cb","0xeb9a82736cc030fc4a4cd4b53e9b2c67e153208d","","0","0","0","0.009880286790126716","33.482565882205","2569.59","","","Exec Transaction"
"0x262915dc44064ea8d0b876e18b0507c3884e95f12410f837bef808502a76b638","14138478","1643963858","2022-02-04 08:37:38","0x4f370b4d03d2b46cce26f1aefe142708e03d7ffe","0xeb9a82736cc030fc4a4cd4b53e9b2c67e153208d","","0","0","0","0.009612989720287668","32.5767428083293","2997.18","","","Exec Transaction"
"0x269420d5642ee2cdad5a7993e79a3fb11deaf813acb61f2885e8154231270de0","14165793","1644328399","2022-02-08 13:53:19","0xbf49b454818783d12bf4f3375ff17c59015e66cb","0xeb9a82736cc030fc4a4cd4b53e9b2c67e153208d","","0","0","0","0.018981674888930064","64.3255801702338","3118.76","","","Exec Transaction"
"0x413d736169296aa143c8f75552a9c0aa64e1acf8d78c5f8e3449e2e64deb9a47","14165799","1644328438","2022-02-08 13:53:58","0x4f370b4d03d2b46cce26f1aefe142708e03d7ffe","0xeb9a82736cc030fc4a4cd4b53e9b2c67e153208d","","0","0","0","0.003515615679668616","11.9138073733493","3118.76","Error(0)","Reverted","Exec Transaction"
"0xd4ae5ae05663ca7fae57a923c4d8c50efab866d3f2652ab14645799ca538e065","14165836","1644328852","2022-02-08 14:00:52","0x4f370b4d03d2b46cce26f1aefe142708e03d7ffe","0xeb9a82736cc030fc4a4cd4b53e9b2c67e153208d","","0","0","0","0.020718568575653168","70.2116094456397","3118.76","Error(0)","Reverted","Exec Transaction"
"0xecca4b85127c81dcce53420b571558acc5a30a24cf3e63da2472a8adc05c3dcb","14165881","1644329402","2022-02-08 14:10:02","0xbf49b454818783d12bf4f3375ff17c59015e66cb","0xeb9a82736cc030fc4a4cd4b53e9b2c67e153208d","","0","0","0","0.028871004775374","97.8387915260624","3118.76","","","Exec Transaction"
"0x2989ab9903bf9281243816f1a7601dbc9bbaf8c0c9bbe7b346e26e6f6e24a900","14165949","1644330270","2022-02-08 14:24:30","0xbf49b454818783d12bf4f3375ff17c59015e66cb","0xeb9a82736cc030fc4a4cd4b53e9b2c67e153208d","","0","0","0","0.013529225511307396","45.8481817521968","3118.76","","","Exec Transaction"
"0xf401ea21d1af0a44f7518549f0aef73c494d90209e8b023b0fe0bafdf4769c8e","14173592","1644432750","2022-02-09 18:52:30","0xbf49b454818783d12bf4f3375ff17c59015e66cb","0xeb9a82736cc030fc4a4cd4b53e9b2c67e153208d","","0","0","0","0.007765789139430084","26.3169027389078","3246.72","","","Exec Transaction"
"0xfebbae4342167a5e124c7952dd242869a3ba9127ac376f0d57ccbe1986697d7d","14211006","1644932521","2022-02-15 13:42:01","0x5753f05a0c757f38f8365c22b8f9bd6da763d1f5","0xeb9a82736cc030fc4a4cd4b53e9b2c67e153208d","","0","0","0","0.010170587866080816","34.4663455140899","3185.81","","","Exec Transaction"
"0x6b0967cdbd09e8dcc08d7b2cf39ac4973392ad65548adb339c2e0b208e92c209","14225868","1645130768","2022-02-17 20:46:08","0x5753f05a0c757f38f8365c22b8f9bd6da763d1f5","0xeb9a82736cc030fc4a4cd4b53e9b2c67e153208d","","0","0","0","0.004226059389659436","14.3213769946215","2894.42","","","Exec Transaction"
"0xc5e41cc6a118d5b8e50c4eebd5fbcde685f39b550750ffbdd753c332bb027ab6","14225899","1645131144","2022-02-17 20:52:24","0x5753f05a0c757f38f8365c22b8f9bd6da763d1f5","0xeb9a82736cc030fc4a4cd4b53e9b2c67e153208d","","0","0","0","0.004466788194817224","15.1371648608699","2894.42","","","Exec Transaction"
"0xc43c4094cf0d3f105ed4e71ffdff6262fca6bba08d23dbdd13627083b7893aab","14526658","1649171291","2022-04-05 15:08:11","0xe1f02f7e90ea5f21d0ac6f12c659c3484c143b03","0xeb9a82736cc030fc4a4cd4b53e9b2c67e153208d","","0","0","0","0.005944889210249483","20.146190983393","3406.48","","","Exec Transaction"
"0x3656e3174d2d1a21783c2b9b6cdeb4c9d7bca5deb3908b14dbbdcf2712e8f8ad","14527124","1649177247","2022-04-05 16:47:27","0xe1f02f7e90ea5f21d0ac6f12c659c3484c143b03","0xeb9a82736cc030fc4a4cd4b53e9b2c67e153208d","","0","0","0","0.006488968","21.9899789533067","3406.48","","","Exec Transaction"
"0xeb7802faa72f64b332da1b75a7d74f797f154b719637e1b14043abd658e57596","14529890","1649214998","2022-04-06 03:16:38","0xe1f02f7e90ea5f21d0ac6f12c659c3484c143b03","0xeb9a82736cc030fc4a4cd4b53e9b2c67e153208d","","0","0","0","0.004074125","13.8064978904412","3168.91","","","Exec Transaction"
"0x2d6a7be013c4f9140cdfbb41a953f1db0a6b7f73bfdebd4c3c56fa9447310a8a","14540879","1649362982","2022-04-07 20:23:02","0x4f370b4d03d2b46cce26f1aefe142708e03d7ffe","0xeb9a82736cc030fc4a4cd4b53e9b2c67e153208d","","0","0","0","0.006910841523765762","23.4196346256056","3229.28","","","Exec Transaction"
"0x23af87939017e752ef3f21e6798e3535adaf1e2e083cae05f3c1f450b172ecdb","14674703","1651174364","2022-04-28 19:32:44","0x1a207beefc754735871ceeb4c506686f044b1c41","0xeb9a82736cc030fc4a4cd4b53e9b2c67e153208d","","0","0","0","0.016863471989329719","57.1473605856951","2936.49","","","Exec Transaction"
"0x492b99e26e30208be0f596e587b19c5f05653399c3bc72ecdc158153db8084b1","14674737","1651174836","2022-04-28 19:40:36","0x1a207beefc754735871ceeb4c506686f044b1c41","0xeb9a82736cc030fc4a4cd4b53e9b2c67e153208d","","0","0","0","0.008211051","27.8258173987801","2936.49","","","Exec Transaction"
"0x437c418d014cd012e8e97302c820a0e5cf2afd6547189c4765e401ae566e8384","14719237","1651781516","2022-05-05 20:11:56","0x19c4a9d9aeaaa3c681f8540a35f668aa929a4876","0xeb9a82736cc030fc4a4cd4b53e9b2c67e153208d","","0","0","0","0.00287377245124749","9.7387127998666","2747.28","","","Exec Transaction"
"0x530a04f5c52f5e70ac3c66862b9450c78d7cd6e5ad6916bc39bde5e3dec62f62","14754202","1652263278","2022-05-11 10:01:18","0x19c4a9d9aeaaa3c681f8540a35f668aa929a4876","0xeb9a82736cc030fc4a4cd4b53e9b2c67e153208d","","0","0","0","0.005526637295166624","18.7288083102388","2077.83","","","Exec Transaction"
"0xc60933883badf52965b383b55d6c7bd3b764753b948af6797d3ece0ef3a6803f","14763200","1652387874","2022-05-12 20:37:54","0xbf49b454818783d12bf4f3375ff17c59015e66cb","0xeb9a82736cc030fc4a4cd4b53e9b2c67e153208d","","0","0","0","0.010084121214815175","34.1733251383546","1952.81","Error(0)","Reverted","Exec Transaction"
"0x1cc47f50a2e19211742e8108b726de5424af406d54c5499cf612cd7bcb6ecf96","14793846","1652808417","2022-05-17 17:26:57","0xe1f02f7e90ea5f21d0ac6f12c659c3484c143b03","0xeb9a82736cc030fc4a4cd4b53e9b2c67e153208d","","0","0","0","0.002279545326273492","7.72498088260917","2089.29","","","Exec Transaction"
"0x940b862185b166911bc7149f92a37b9150b0c6dc86c3ed17312c0314ce7f5e8e","14793872","1652808721","2022-05-17 17:32:01","0x1a207beefc754735871ceeb4c506686f044b1c41","0xeb9a82736cc030fc4a4cd4b53e9b2c67e153208d","","0","0","0","0.002174619","7.36940389310916","2089.29","","","Exec Transaction"
"0x6e571cfb0a3f7802ccf53d93aa0fabbc230e2e2e80a4d1085f8fa3ce5ff5c549","14797836","1652863102","2022-05-18 08:38:22","0x4f370b4d03d2b46cce26f1aefe142708e03d7ffe","0xeb9a82736cc030fc4a4cd4b53e9b2c67e153208d","","0","0","0","0.001754652035733228","5.94620921788339","1911.68","","","Exec Transaction"
"0x58e2a1aab260fa89db67c252d4079b70a3f37b09680101e2afc64019ddba4517","14805786","1652975047","2022-05-19 15:44:07","0x19c4a9d9aeaaa3c681f8540a35f668aa929a4876","0xeb9a82736cc030fc4a4cd4b53e9b2c67e153208d","","0","0","0","0.00698873494234368","23.6836018134742","2017.78","","","Exec Transaction"
"0xd32cb1201627904376d023219d6ed0fb04fc57f9e9f6947364068a9dcaf725d9","14939770","1654883129","2022-06-10 17:45:29","0x1a207beefc754735871ceeb4c506686f044b1c41","0xeb9a82736cc030fc4a4cd4b53e9b2c67e153208d","","0","0","0","0.004870524","16.5053549734834","1661.10","","","Exec Transaction"
"0xb5d55228ecd45f09dbbfee516f145c0f454c3bb73798fb0369ae18de726bc4fa","14940093","1654888266","2022-06-10 19:11:06","0x4f370b4d03d2b46cce26f1aefe142708e03d7ffe","0xeb9a82736cc030fc4a4cd4b53e9b2c67e153208d","","0","0","0","0.024319826211230401","82.4156424462306","1661.10","","","Exec Transaction"
"0xf5d35d119a2817e37e30b60d4ddb09a6e606fcff8554e3904fda1797cbb390e4","14940225","1654890394","2022-06-10 19:46:34","0x1a207beefc754735871ceeb4c506686f044b1c41","0xeb9a82736cc030fc4a4cd4b53e9b2c67e153208d","","0","0","0","0.027529346147220076","93.2921448180455","1661.10","","","Exec Transaction"
"0x877e2595859f39912d58efb5a177eab5e10733de54e7770d8a6614b0a835f61d","14940235","1654890560","2022-06-10 19:49:20","0x1a207beefc754735871ceeb4c506686f044b1c41","0xeb9a82736cc030fc4a4cd4b53e9b2c67e153208d","","0","0","0","0.011062062514441528","37.4873973600628","1661.10","","","Exec Transaction"
"0x03d56027bc28ec22e816970373e84daa9b51e98ada7feba1d41d9ea57e525436","14940301","1654891655","2022-06-10 20:07:35","0x1a207beefc754735871ceeb4c506686f044b1c41","0xeb9a82736cc030fc4a4cd4b53e9b2c67e153208d","","0","0","0","0.005889985122595408","19.9601306218743","1661.10","","","Exec Transaction"
"0xfaec54d708999a200ed5d9c09737fd0473888ace68be4e6ee5f354a4b4c76d6a","14940314","1654891777","2022-06-10 20:09:37","0x1a207beefc754735871ceeb4c506686f044b1c41","0xeb9a82736cc030fc4a4cd4b53e9b2c67e153208d","","0","0","0","0.01338807265201342","45.3698393709316","1661.10","","","Exec Transaction"
"0x91006622f43adcf3f8b4e86cc3c8e5ac8be9fdf036b0eddf8b45a24da6fc3973","15097140","1657219925","2022-07-07 18:52:05","0x4f370b4d03d2b46cce26f1aefe142708e03d7ffe","0xeb9a82736cc030fc4a4cd4b53e9b2c67e153208d","","0","0","0","0.007360733282022035","24.944239199911","1236.64","","","Exec Transaction"
"0x2962fb03491a3a6c63780a8530dabae442df85c88bbcf98b44dc55b46c76f646","15220582","1658871717","2022-07-26 21:41:57","0x1a207beefc754735871ceeb4c506686f044b1c41","0xeb9a82736cc030fc4a4cd4b53e9b2c67e153208d","","0","0","0","0.003623418","12.279130604286","1449.61","","","Exec Transaction"
"0x2bf863ee974b73e1df3c2f07dc68b313c843f6a5cd1cf6539d6c4998cf33627f","15232937","1659037336","2022-07-28 19:42:16","0x1a207beefc754735871ceeb4c506686f044b1c41","0xeb9a82736cc030fc4a4cd4b53e9b2c67e153208d","","0","0","0","0.006475278899568648","21.94358898338","1725.82","","","Exec Transaction"
"0x61417566809f286b4a6080f8138458523e011c23cbe5a69d21559ff6eb0bc3df","15316609","1660165119","2022-08-10 20:58:39","0x1a207beefc754735871ceeb4c506686f044b1c41","0xeb9a82736cc030fc4a4cd4b53e9b2c67e153208d","","0","0","0","0.007890077843093784","26.7380954428475","1854.05","","","Exec Transaction"
"0x259abb9e1930de26ce07a1d26559707bfe4a6af4bc863c49c07069e64167d381","15321370","1660229934","2022-08-11 14:58:54","0xbf49b454818783d12bf4f3375ff17c59015e66cb","0xeb9a82736cc030fc4a4cd4b53e9b2c67e153208d","","0","0","0","0.004686324755274828","15.8811359120362","1881.06","","","Exec Transaction"
"0x1219f838d39d7a04248f84d4ff78ef793ef6742b30669740adab5359cac5d15e","15321391","1660230219","2022-08-11 15:03:39","0xbf49b454818783d12bf4f3375ff17c59015e66cb","0xeb9a82736cc030fc4a4cd4b53e9b2c67e153208d","","0","0","0","0.003468563736642188","11.7543565582331","1881.06","","","Exec Transaction"
"0x828056f7e1229ab6b62b202fe4db1adb77a2bc96f1a9b1950f9cdd70730d4359","15566176","1663573703","2022-09-19 07:48:23","0x4f370b4d03d2b46cce26f1aefe142708e03d7ffe","0xeb9a82736cc030fc4a4cd4b53e9b2c67e153208d","","0","0","0","0.001613830540021392","5.46898976991009","1376.21","","","Exec Transaction"
"0x2fa7d81341bbe6bca89e7a384ae9b60d49b76015b195a0d028dc4ee1845ce515","15568336","1663599899","2022-09-19 15:04:59","0x8be60fe9f7c8d940d8da9d5ddd0d8e0c15a4288b","0xeb9a82736cc030fc4a4cd4b53e9b2c67e153208d","","0","0","0","0.004516374841961301","15.3052053454375","1376.21","","","Exec Transaction"
"0xbaaf7d94de8548068da0fdb74735877bffa3b78d3fd4ba4ec27bb785912b9e79","15576523","1663699091","2022-09-20 18:38:11","0x1a207beefc754735871ceeb4c506686f044b1c41","0xeb9a82736cc030fc4a4cd4b53e9b2c67e153208d","","0","0","0","0.00125772625660473","4.26221456351136","1323.07","","","Exec Transaction"
"0x08e134423357bee752cb5f7b221f256cbfdeb9debbabaa2ebec1c4b57b8ce8de","15576536","1663699247","2022-09-20 18:40:47","0x1a207beefc754735871ceeb4c506686f044b1c41","0xeb9a82736cc030fc4a4cd4b53e9b2c67e153208d","","0","0","0","0.010055331","34.07576012989","1323.07","","","Exec Transaction"
"0x3b236eacce7377925622212b0cfdbb8069f50d75293fbb8fc9b51d8ec2b48503","15584616","1663798067","2022-09-21 22:07:47","0x1a207beefc754735871ceeb4c506686f044b1c41","0xeb9a82736cc030fc4a4cd4b53e9b2c67e153208d","","0","0","0","0.00101782548","3.44923274137571","1246.29","","","Exec Transaction"
"0x307cfb3c6994316dc29a4273094e50b9d5e4fb64cac854d4295b3297f643ffb8","15634037","1664394623","2022-09-28 19:50:23","0xe1f02f7e90ea5f21d0ac6f12c659c3484c143b03","0xeb9a82736cc030fc4a4cd4b53e9b2c67e153208d","","0","0","0","0.00510228","17.290735570568","1337.15","","","Exec Transaction"
"0xbd64bc0728154ee5ed8d510c2ac3d83b84fb49a5d01224f75cfde4bc0e90be91","15739115","1665663119","2022-10-13 12:11:59","0x8be60fe9f7c8d940d8da9d5ddd0d8e0c15a4288b","0xeb9a82736cc030fc4a4cd4b53e9b2c67e153208d","","0","0","0","0.001360785","4.61146264089689","1287.51","","","Exec Transaction"
"0xa7a89b9d3174c5055d2eeaa512a6fb23a8dd863051e36cc10544dbe5f51658cb","15819266","1666630391","2022-10-24 16:53:11","0xbf49b454818783d12bf4f3375ff17c59015e66cb","0xeb9a82736cc030fc4a4cd4b53e9b2c67e153208d","","0","0","0","0.008509872","28.8384695648574","1343.83","","","Exec Transaction"
"0x695c28828b4eeef2c2669e7552ea8008487dc5555dab8ac4835839f1a2966dc9","15825690","1666708055","2022-10-25 14:27:35","0xbf49b454818783d12bf4f3375ff17c59015e66cb","0xeb9a82736cc030fc4a4cd4b53e9b2c67e153208d","","0","0","0","0.003338958355247031","11.3151465622653","1460.37","","","Exec Transaction"
"0x09c55b0f433dadd74288802df9508d14cbf6dd28663da663a16595854e44381b","15825711","1666708307","2022-10-25 14:31:47","0x71226c538679ed4a72e803b3e2c93ad7403da094","0xeb9a82736cc030fc4a4cd4b53e9b2c67e153208d","","0","0","0","0.008421669850292111","28.5395678880865","1460.37","Error(1)","execution reverted","Exec Transaction"
"0x446da6dcdad28a383bc70c3e986010c5b704b33d0e62f6f05275f09c01f71634","16646897","1676618219","2023-02-17 07:16:59","0x4f370b4d03d2b46cce26f1aefe142708e03d7ffe","0xeb9a82736cc030fc4a4cd4b53e9b2c67e153208d","","0","0","0","0.001993623994369592","6.75604343818531","1694.30","","","Exec Transaction"
"0x51d21c852247904c30f101c2622280006e8bcd5470490723560fd9ea9b9cfb77","17252825","1684002455","2023-05-13 18:27:35","0x1a207beefc754735871ceeb4c506686f044b1c41","0xeb9a82736cc030fc4a4cd4b53e9b2c67e153208d","","0","0","0","0.003157961752547283","10.7017806951525","1796.24","","","Exec Transaction"
"0xb0ef5da2f729638be1b29b28ae1811bfa3a43e4c355aca0fcd7ab2df7d75ca27","17465705","1686593987","2023-06-12 18:19:47","0x4f370b4d03d2b46cce26f1aefe142708e03d7ffe","0xeb9a82736cc030fc4a4cd4b53e9b2c67e153208d","","0","0","0","0.002631378683509875","8.91728266629793","1742.62","","","Exec Transaction"
"0x19dd05115cfb46f887fd70305f291cc2007015592363ad3fdca2cffe2cb93c99","17465731","1686594299","2023-06-12 18:24:59","0x30e7ead8de70d4bd3d2ed5efd4b6a5427048a31e","0xeb9a82736cc030fc4a4cd4b53e9b2c67e153208d","","0","0","0","0.001932091","6.54751886985314","1742.62","","","Exec Transaction"
"0xea3e1b64c1fee6810851ac2529c6ae716bb9a7c11e7f2ae58511bc535733a666","17465744","1686594455","2023-06-12 18:27:35","0x8be60fe9f7c8d940d8da9d5ddd0d8e0c15a4288b","0xeb9a82736cc030fc4a4cd4b53e9b2c67e153208d","","0","0","0","0.005401244302285812","18.3038733630575","1742.62","","","Exec Transaction"
"0x9064829110377b5e6f9820dd0a265ddac426f46f18c35caca589e1104774f19e","17465766","1686594719","2023-06-12 18:31:59","0x30e7ead8de70d4bd3d2ed5efd4b6a5427048a31e","0xeb9a82736cc030fc4a4cd4b53e9b2c67e153208d","","0","0","0","0.006067189537762","20.5606454279184","1742.62","","","Exec Transaction"
"0x6ac96600f3d6459cb59d5370647226d801eb786da081ef98c25636ba64a5fd44","17465796","1686595079","2023-06-12 18:37:59","0x1a207beefc754735871ceeb4c506686f044b1c41","0xeb9a82736cc030fc4a4cd4b53e9b2c67e153208d","","0","0","0","0.002214096365733945","7.50318578903182","1742.62","","","Exec Transaction"
"0xa5f25ad8dce7049ae0ecc7f6a98b3ef61c277c586d1d578d4c0324da02af7fa2","17465812","1686595271","2023-06-12 18:41:11","0x8be60fe9f7c8d940d8da9d5ddd0d8e0c15a4288b","0xeb9a82736cc030fc4a4cd4b53e9b2c67e153208d","","0","0","0","0.005257880184595104","17.8180374133844","1742.62","","","Exec Transaction"
"0x6d409323499a0e89f84f213d3a21af184cca2bc4ae8bffca2da056e7d7329f3b","17465844","1686595655","2023-06-12 18:47:35","0x8be60fe9f7c8d940d8da9d5ddd0d8e0c15a4288b","0xeb9a82736cc030fc4a4cd4b53e9b2c67e153208d","","0","0","0","0.001769584787237487","5.99681370403491","1742.62","","","Exec Transaction"
"0x6878ff6c5c1ff111f7f892595b641136b2e2442e2a6b5cbe3b0b08220f7e2943","17465917","1686596531","2023-06-12 19:02:11","0x30e7ead8de70d4bd3d2ed5efd4b6a5427048a31e","0xeb9a82736cc030fc4a4cd4b53e9b2c67e153208d","","0","0","0","0.010053751274487817","34.0704067161014","1742.62","","","Exec Transaction"
"0x0b211d26d7ce487b1c2b3f1426d3f53af0d3b5bb814846228bd1616950129b9d","19181035","1707366179","2024-02-08 04:22:59","0x1a207beefc754735871ceeb4c506686f044b1c41","0xeb9a82736cc030fc4a4cd4b53e9b2c67e153208d","","0","0","0","0.00192672396115648","6.52933091281427","2419.79","","","Exec Transaction"
"0xe1a35b1beb45637e61b618e03aa3ead2822fdce5599354e450fcba8ea2675d22","19886573","1715911187","2024-05-17 01:59:47","0x4e2b6e2d1d482d248a948476be6a24ed61aac4ab","0xeb9a82736cc030fc4a4cd4b53e9b2c67e153208d","","0.000339462325622447","0","1.15037851872257","0.000096638348659576","0.327490481245459","3093.44","","","Transfer"
