"Transaction Hash","Blockno","UnixTimestamp","DateTime (UTC)","From","To","ContractAddress","Value_IN(ETH)","Value_OUT(ETH)","CurrentValue @ $3387.98637593016/Eth","TxnFee(ETH)","TxnFee(USD)","Historical $Price/Eth","Status","ErrCode","Method"
"0x120b99b28f34b32e34e1daf3373f5588308691ab87dbea97255b1d54c6c072a3","12290946","1619106440","2021-04-22 15:47:20","0xde910777c787903f78c89e7a0bf7f4c435cbb1fe","","0x6fb7f0e78582746bd01bcb6dfbfe62ca5f4f9175","0","0","0","0.23676944","802.171636956614","2410.48","","","0x60806040"
"0xc8af06d32b1ff37947d5769771e28660bc0d5b6f71c1a3cc1e1cb95686541251","12291032","1619107485","2021-04-22 16:04:45","0xde910777c787903f78c89e7a0bf7f4c435cbb1fe","0x6fb7f0e78582746bd01bcb6dfbfe62ca5f4f9175","","0","0","0","0.00481086","16.2991281365074","2410.48","","","Set Rewards Duration"
"0xd656441f417f5d81976da9ab750572ea09277934bc00f74493e8df8ced7de11f","12291036","1619107552","2021-04-22 16:05:52","0xde910777c787903f78c89e7a0bf7f4c435cbb1fe","0x6fb7f0e78582746bd01bcb6dfbfe62ca5f4f9175","","0","0","0","0.005179723","17.5488309550921","2410.48","","","Set Rewards Distribution"
"0x4d3a87a8ffd95540353bdbb82aa1c74e17edd71620c8ca1c0262dc4ff909e99d","12291289","1619111410","2021-04-22 17:10:10","0xde910777c787903f78c89e7a0bf7f4c435cbb1fe","0x6fb7f0e78582746bd01bcb6dfbfe62ca5f4f9175","","0","0","0","0.023064104","78.1408701250363","2410.48","","","Notify Reward Amount"
"0x986a4655f833e162fec927de9168fc35d1315d08382f129921f27ff2ef144580","12291335","1619111950","2021-04-22 17:19:10","0xde910777c787903f78c89e7a0bf7f4c435cbb1fe","0x6fb7f0e78582746bd01bcb6dfbfe62ca5f4f9175","","0","0","0","0.0094232","31.9256732176651","2410.48","","","Nominate New Owner"
"0xf06c3507d40bfe14fe0aa5974887834818110d4dafa73b4aa058cf23a8e5047e","12292117","1619122576","2021-04-22 20:16:16","0xf3ae3bbdeb2fb7f9c32fbb1f4fbdaf1150a1c5ce","0x6fb7f0e78582746bd01bcb6dfbfe62ca5f4f9175","","0","0","0","0.010852296","36.7674309955614","2410.48","","","Stake"
"0xef48faaf5e2b70877ac5919ea460f8388f24bd20deb077019e37c004263a6fc9","12293148","1619136204","2021-04-23 00:03:24","0xee620a0991d57f464aad452789a4564ba51245e8","0x6fb7f0e78582746bd01bcb6dfbfe62ca5f4f9175","","0","0","0","0.0109599572736","37.1321859237335","2369.67","","","Stake"
"0x3ac5dd8ea9f868d339f64870ee9c999432b6c5fb906139d4874199bca3fb3088","12294665","1619156927","2021-04-23 05:48:47","0xddbbf84382db98573bcc656fa7c6ac8b52466c8b","0x6fb7f0e78582746bd01bcb6dfbfe62ca5f4f9175","","0","0","0","0.015400248","52.1758304099457","2369.67","","","Stake"
"0xe38729a1229b56dd61a074f9498a2419aaf360c11c0329e3ddce33deceb31c8a","12295044","1619161558","2021-04-23 07:05:58","0x5bc124b3f28c301f497d3d44eb5c3225651143cb","0x6fb7f0e78582746bd01bcb6dfbfe62ca5f4f9175","","0","0","0","0.010936408","37.0524013056136","2369.67","","","Stake"
"0x695f44ba21810f97a57e7d4b631be8a427c23907e7a52c06455e7ef60e30b194","12295503","1619168296","2021-04-23 08:58:16","0xf0f225e01cf084d3c246ad595ab60d0d4f5b4c78","0x6fb7f0e78582746bd01bcb6dfbfe62ca5f4f9175","","0","0","0","0.016627804","56.334773413637","2369.67","","","Stake"
"0x8762d91ef35cff48a2a14079cca4b14fd1c26b173adc4b83f5a0d59af3c0a035","12296792","1619185779","2021-04-23 13:49:39","0x0f45156f109e474295913d78036fa213b1745d5a","0x6fb7f0e78582746bd01bcb6dfbfe62ca5f4f9175","","0","0","0","0.009374064","31.7592011190974","2369.67","","","Stake"
"0x622d3d0a946ef66c7c636f935d09181dbabee37ec4ae238a8b7c99b545481a09","12297175","1619190609","2021-04-23 15:10:09","0x977bcc40cd619cd57c22767d76d129e3049da6df","0x6fb7f0e78582746bd01bcb6dfbfe62ca5f4f9175","","0","0","0","0.012498752","42.3456014921298","2369.67","","","Stake"
"0x25a1490ade39d21a0339920fb7aaa22b9f2cce803001d86cde3a42c59a892ca7","12297463","1619194221","2021-04-23 16:10:21","0xb28397e0e9a9cd849a30af694f46765310274af5","0x6fb7f0e78582746bd01bcb6dfbfe62ca5f4f9175","","0","0","0","0.011272408","38.1907647279261","2369.67","","","Stake"
"0x549ed8bb5f2958d9ba73678d2ed6f7f43a0b36a13bb789de315760ce5be341ea","12298423","1619206931","2021-04-23 19:42:11","0x09482d9d4797808d0789670f7bdea23caf7f3dfe","0x6fb7f0e78582746bd01bcb6dfbfe62ca5f4f9175","","0","0","0","0.010266832","34.7838869399638","2369.67","","","Stake"
"0xe2a44977f43e1036326908e83fa46286f8a99b2f14de35d4cf3bd07f02536a0e","12298437","1619207074","2021-04-23 19:44:34","0x09482d9d4797808d0789670f7bdea23caf7f3dfe","0x6fb7f0e78582746bd01bcb6dfbfe62ca5f4f9175","","0","0","0","0.009345888","31.6637412149692","2369.67","","","Stake"
"0x989ba00918cb3151ce4f90bef7f22fd02c427a67da7a0d97533a7d6dd0213c1f","12298853","1619212510","2021-04-23 21:15:10","0x21e4920bfece1009fd55958b50da12c72c3a7140","0x6fb7f0e78582746bd01bcb6dfbfe62ca5f4f9175","","0","0","0","0.008816084","29.8687724810559","2369.67","","","Stake"
"0x28d537b48ea6d6d3aca49ab73e86817e0596975542468b3e366b914d0bf4dd33","12299391","1619219668","2021-04-23 23:14:28","0xf0f225e01cf084d3c246ad595ab60d0d4f5b4c78","0x6fb7f0e78582746bd01bcb6dfbfe62ca5f4f9175","","0","0","0","0.010302126","34.9034625311159","2369.67","","","Get Reward"
"0x63d4c09606595ad8ef4fc74855a4eab93d267a1a16a3e94d962ea092683fd4d7","12299394","1619219717","2021-04-23 23:15:17","0xf0f225e01cf084d3c246ad595ab60d0d4f5b4c78","0x6fb7f0e78582746bd01bcb6dfbfe62ca5f4f9175","","0","0","0","0.008772851","29.7222996660653","2369.67","Error(0)","Out of gas","Withdraw"
"0x13057daefd4321b2496c809ae75db52223be9cb5b2003d50d330f62b89de7c2f","12299401","1619219858","2021-04-23 23:17:38","0xf0f225e01cf084d3c246ad595ab60d0d4f5b4c78","0x6fb7f0e78582746bd01bcb6dfbfe62ca5f4f9175","","0","0","0","0.008128146","27.5380479095712","2369.67","","","Withdraw"
"0x33972e6f150d6c81f1cbda29ddea647fd81949a2959deb7cfacc790db44a6784","12299939","1619227367","2021-04-24 01:22:47","0xee620a0991d57f464aad452789a4564ba51245e8","0x6fb7f0e78582746bd01bcb6dfbfe62ca5f4f9175","","0","0","0","0.007086076","24.0075289468057","2216.56","","","Withdraw"
"0x126ee86533f21c06d2df00694d28ec6890020b0474d5dfd8975c33600f9abc3e","12299943","1619227448","2021-04-24 01:24:08","0xee620a0991d57f464aad452789a4564ba51245e8","0x6fb7f0e78582746bd01bcb6dfbfe62ca5f4f9175","","0","0","0","0.00902839","30.5880623165841","2216.56","","","Get Reward"
"0x840c7d54da923bb48da12e7496c451dfa052cc518889c614a272d207e02a3c80","12305549","1619301944","2021-04-24 22:05:44","0xe46c84c4cc1af0db9bf24570c85a757eac5e7731","0x6fb7f0e78582746bd01bcb6dfbfe62ca5f4f9175","","0","0","0","0.005245012","17.7700291975902","2216.56","","","Stake"
"0x7c13596f2f21ccb81699812acab4065722706e72d5a8c0262acf26eb928de269","12306114","1619309312","2021-04-25 00:08:32","0xf3ae3bbdeb2fb7f9c32fbb1f4fbdaf1150a1c5ce","0x6fb7f0e78582746bd01bcb6dfbfe62ca5f4f9175","","0","0","0","0.006496212","22.009077751154","2322.14","","","Get Reward"
"0x3afe3c940744ed0cf3d22af8c5d924084e1f16ccb93200e38495438d4e74ddb3","12307454","1619327451","2021-04-25 05:10:51","0x5bc124b3f28c301f497d3d44eb5c3225651143cb","0x6fb7f0e78582746bd01bcb6dfbfe62ca5f4f9175","","0","0","0","0.004477686","15.1703391636932","2322.14","","","Stake"
"0x9f0ba4f5ddb21668b7feaebccc809405d9d1a0f64f76271e1664db455cdb9ced","12312101","1619389099","2021-04-25 22:18:19","0x09482d9d4797808d0789670f7bdea23caf7f3dfe","0x6fb7f0e78582746bd01bcb6dfbfe62ca5f4f9175","","0","0","0","0.00727493","24.6473637258456","2322.14","","","Get Reward"
"0x5592ec46dba3d74978426fd0ef24324fd497a78a2ad93b8e11bbf968bdbc1ea2","12314906","1619426692","2021-04-26 08:44:52","0xa1efa0adecb7f5691605899d13285928ae025844","0x6fb7f0e78582746bd01bcb6dfbfe62ca5f4f9175","","0","0","0","0.007476932","25.3317437497562","2534.90","","","Stake"
"0x14dd7f44ad734b2f69c23883569427a040cbdae8be9fc5d5dbc251789e653776","12315726","1619437570","2021-04-26 11:46:10","0xb28397e0e9a9cd849a30af694f46765310274af5","0x6fb7f0e78582746bd01bcb6dfbfe62ca5f4f9175","","0","0","0","0.005213124","17.6619930880345","2534.90","","","Get Reward"
"0xec818a523bb7e503cac81b0c4c629e51dd570b588a7f02cda1dfd0352c7e2360","12317033","1619454195","2021-04-26 16:23:15","0x09482d9d4797808d0789670f7bdea23caf7f3dfe","0x6fb7f0e78582746bd01bcb6dfbfe62ca5f4f9175","","0","0","0","0.005256414","17.8086590182486","2534.90","","","Stake"
"0x664d2fe7fa0c18d225920b4fe87f19d31605340263863ba53069fceed007ce87","12317068","1619454610","2021-04-26 16:30:10","0x8d27df60a71261e13cac3c44b74c96b60d3a1e73","0x6fb7f0e78582746bd01bcb6dfbfe62ca5f4f9175","","0","0","0","0.00669648","22.6875830066888","2534.90","","","Stake"
"0xa2a411914e9c82f00835f6c87974ee3d1f1dc6719e2e78429355d28e5315f3a5","12317069","1619454611","2021-04-26 16:30:11","0x7f960b97b12ef8b6828529e961f6646ad764d90b","0x6fb7f0e78582746bd01bcb6dfbfe62ca5f4f9175","","0","0","0","0.006250048","21.1750774729095","2534.90","","","Stake"
"0xe0982887a9392381865c504a738b1f60c5b35ffaab71d29b97c51e651debec7c","12318384","1619472590","2021-04-26 21:29:50","0x09482d9d4797808d0789670f7bdea23caf7f3dfe","0x6fb7f0e78582746bd01bcb6dfbfe62ca5f4f9175","","0","0","0","0.00816664","27.6684650571263","2534.90","","","Withdraw"
"0xca0da1293d0e3e0a93779af05a03fc69659863fa223e1325fc1a64e4199337b5","12318493","1619473997","2021-04-26 21:53:17","0x09482d9d4797808d0789670f7bdea23caf7f3dfe","0x6fb7f0e78582746bd01bcb6dfbfe62ca5f4f9175","","0","0","0","0.005133888","17.3935425995513","2534.90","","","Stake"
"0x5e2a963a5683cbe0e3d883df7b4dd76ab1038adc0aa230bacb5825e6e7ab8b12","12319515","1619487835","2021-04-27 01:43:55","0xdb1057846f3a4c62e8f8545b1db50231028253bc","0x6fb7f0e78582746bd01bcb6dfbfe62ca5f4f9175","","0","0","0","0.005468204","18.5262006528068","2667.93","","","Stake"
"0x294cf2ec218dfc088a62d75c8e70f785efca004f42cd8540e07794959e2194f5","12321914","1619519990","2021-04-27 10:39:50","0x5d0ac389c669d6efe3ba96b9878d8156f180c539","0x6fb7f0e78582746bd01bcb6dfbfe62ca5f4f9175","","0","0","0","0.00613778","20.7947150184566","2667.93","","","Stake"
"0x5379d43606e8080a5f8ddbeb5609d1b4b0d3b329787965f4374ccb57bdf51c60","12325329","1619564882","2021-04-27 23:08:02","0x0f45156f109e474295913d78036fa213b1745d5a","0x6fb7f0e78582746bd01bcb6dfbfe62ca5f4f9175","","0","0","0","0.005213124","17.6619930880345","2667.93","","","Get Reward"
"0x5e464e4427fd9c47422ae672ff100c02027cc08f900a57f613c041d66bf28035","12330287","1619630985","2021-04-28 17:29:45","0xef9af12bf7c5a32d7461d011c4ce9124d73f52a0","0x6fb7f0e78582746bd01bcb6dfbfe62ca5f4f9175","","0","0","0","0.011942056","40.459523028595","2750.91","","","Stake"
"0xd7377b648e4c4b45766a8e784608623d77ba7e36e047174f5e076488f86a3a73","12335814","1619705467","2021-04-29 14:11:07","0x09482d9d4797808d0789670f7bdea23caf7f3dfe","0x6fb7f0e78582746bd01bcb6dfbfe62ca5f4f9175","","0","0","0","0.008537662","28.9254825382966","2758.46","","","Withdraw"
"0x196edd6e22995724e2890f86e31cf9fb30e0924b1935525ad41fa9660f26cf5b","12335829","1619705607","2021-04-29 14:13:27","0x09482d9d4797808d0789670f7bdea23caf7f3dfe","0x6fb7f0e78582746bd01bcb6dfbfe62ca5f4f9175","","0","0","0","0.009062037","30.702057894175","2758.46","","","Get Reward"
"0x8189cca40963d5735f908973ce82017224b3fe7c382ad57eb3c728b9ea9b15e4","12353870","1619946428","2021-05-02 09:07:08","0x5bc124b3f28c301f497d3d44eb5c3225651143cb","0x6fb7f0e78582746bd01bcb6dfbfe62ca5f4f9175","","0","0","0","0.002909972","9.85894549033824","2954.22","","","Get Reward"
"0x46e086c4da9d17c1f5337e6a7b902fd3097e0273ae7b4bc4d8e84e5fcc96f864","12355104","1619962784","2021-05-02 13:39:44","0xf3ae3bbdeb2fb7f9c32fbb1f4fbdaf1150a1c5ce","0x6fb7f0e78582746bd01bcb6dfbfe62ca5f4f9175","","0","0","0","0.003671772","12.4399135115218","2954.22","","","Get Reward"
"0x5d63f780f042615796d9c05b5326a2b9aae80e3c81b224b2da0c957fd3f10f47","12364890","1620092986","2021-05-04 01:49:46","0x0f45156f109e474295913d78036fa213b1745d5a","0x6fb7f0e78582746bd01bcb6dfbfe62ca5f4f9175","","0","0","0","0.005213124","17.6619930880345","3241.09","","","Get Reward"
"0x5db193f5332f570968c52cff445e302f468901302adcad1fb72cd33e474cbe1d","12366554","1620114915","2021-05-04 07:55:15","0x977bcc40cd619cd57c22767d76d129e3049da6df","0x6fb7f0e78582746bd01bcb6dfbfe62ca5f4f9175","","0","0","0","0.004376694","14.8281796436153","3241.09","","","Withdraw"
"0x6041b213633d209ebc71ee59452fb3850e3500a589976e85e11d358335e4355a","12366558","1620114946","2021-05-04 07:55:46","0x977bcc40cd619cd57c22767d76d129e3049da6df","0x6fb7f0e78582746bd01bcb6dfbfe62ca5f4f9175","","0","0","0","0.005817604","19.7099630925568","3241.09","","","Get Reward"
"0x54c1e85be78283a0fba4816224000fd4fdc65a9da535aafbefad8b04bdbc3d39","12369612","1620156274","2021-05-04 19:24:34","0x657e21723ae99c05c9c2a6032343c7865bcb1940","0x6fb7f0e78582746bd01bcb6dfbfe62ca5f4f9175","","0","0","0","0.008817032","29.8719842921403","3241.09","","","Stake"
"0xcfe7f12c70e1442e4f59a768cd559d9776646b673b654eb2563997de58e33942","12375165","1620230636","2021-05-05 16:03:56","0x61fef96e49f352fbac4645b0f5aefc0f40d80695","0x6fb7f0e78582746bd01bcb6dfbfe62ca5f4f9175","","0","0","0","0.011607232","39.3251438782606","3522.18","","","Stake"
"0xb1a3d07579024717470c2ac502248e0ba60c513489ea43d67f93c89a8a3bd73c","12382755","1620330858","2021-05-06 19:54:18","0x14403edb6dcc966dc34e94329db4eb99bcf62d81","0x6fb7f0e78582746bd01bcb6dfbfe62ca5f4f9175","","0","0","0","0.011048004","37.4304870332219","3491.74","","","Stake"
"0x02876562a1981c1ab6367d2326757562011cafa478ffa6646489c356598ac7db","12383183","1620336504","2021-05-06 21:28:24","0x5d0ac389c669d6efe3ba96b9878d8156f180c539","0x6fb7f0e78582746bd01bcb6dfbfe62ca5f4f9175","","0","0","0","0.005957856","20.1851349577538","3491.74","","","Get Reward"
"0x38c13c219ec338fce38bb46b2ccb0b867d868ffb458dde0582d19c80a6be66b3","12390091","1620429243","2021-05-07 23:14:03","0x7f960b97b12ef8b6828529e961f6646ad764d90b","0x6fb7f0e78582746bd01bcb6dfbfe62ca5f4f9175","","0","0","0","0.004840758","16.4004221531749","3483.96","","","Get Reward"
"0xd0c402047b85c2cbbb62bb0f2f7dafcbb03fefe5ee98c046c5a89c5124c95ca0","12418568","1620808711","2021-05-12 08:38:31","0x657e21723ae99c05c9c2a6032343c7865bcb1940","0x6fb7f0e78582746bd01bcb6dfbfe62ca5f4f9175","","0","0","0","0.024452034","82.8431580557811","3811.29","","","Get Reward"
"0x93b6ab431a6c355013ec11135bd8c5c86a13501ac5cd6644059edcda9e0ec298","12420049","1620828875","2021-05-12 14:14:35","0x8d27df60a71261e13cac3c44b74c96b60d3a1e73","0x6fb7f0e78582746bd01bcb6dfbfe62ca5f4f9175","","0","0","0","0.034496489","116.873634749425","3811.29","","","Withdraw"
"0x7dc6800ff69d06dcad5a91753e822eab41ab0b112052ebb4001467f8718d0ecd","12427908","1620933638","2021-05-13 19:20:38","0xdb1057846f3a4c62e8f8545b1db50231028253bc","0x6fb7f0e78582746bd01bcb6dfbfe62ca5f4f9175","","0","0","0","0.010108079","34.2460339388258","3718.99","","","Withdraw"
"0x5192a0edc1e64cd3c4e9a72f40354ed3522c525767123c9da29ccc24ec7071f0","12439262","1621085729","2021-05-15 13:35:29","0x8d27df60a71261e13cac3c44b74c96b60d3a1e73","0x6fb7f0e78582746bd01bcb6dfbfe62ca5f4f9175","","0","0","0","0.00783139","26.5326426245957","3644.04","","","Get Reward"
"0xb4a675269682737fc363e7a599dddca79bd46f9080f7832a9a3cc84ca1946847","12440701","1621104090","2021-05-15 18:41:30","0xf3ae3bbdeb2fb7f9c32fbb1f4fbdaf1150a1c5ce","0x6fb7f0e78582746bd01bcb6dfbfe62ca5f4f9175","","0","0","0","0.007819686","26.4929896320518","3644.04","","","Get Reward"
"0xae5a574521c06598b98c0e8e098956f715b00f463f8192fe7038f6cfb5279b2a","12441799","1621118546","2021-05-15 22:42:26","0x21e4920bfece1009fd55958b50da12c72c3a7140","0x6fb7f0e78582746bd01bcb6dfbfe62ca5f4f9175","","0","0","0","0.00847332","28.7074927188965","3644.04","","","Get Reward"
"0xf8993703e007feee5159a4b376d840e8011bdf5b1ad1a3e4e8888a66792fd82f","12445775","1621172229","2021-05-16 13:37:09","0x61fef96e49f352fbac4645b0f5aefc0f40d80695","0x6fb7f0e78582746bd01bcb6dfbfe62ca5f4f9175","","0","0","0","0.009603096","32.5351584147494","3586.18","","","Get Reward"
"0x8beae6799d54ccf82c58f3dc5a4e3a373a5e716c000a5fb1d25cf3d14dbc2664","12448019","1621201857","2021-05-16 21:50:57","0x66a6684edc043c17c4ff07fac81b04599e469706","0x6fb7f0e78582746bd01bcb6dfbfe62ca5f4f9175","","0","0","0","0.01171758","39.6990013988717","3586.18","","","Stake"
"0x8b7da10544833746c5cdb0ca401c8bab867fe2b8e5e58c57e66d7518fb7323af","12459371","1621354004","2021-05-18 16:06:44","0xef9af12bf7c5a32d7461d011c4ce9124d73f52a0","0x6fb7f0e78582746bd01bcb6dfbfe62ca5f4f9175","","0","0","0","0.010302126","34.9034625311159","3377.65","","","Get Reward"
"0x6076ecd55134a6c3ee1a9e196a1a9ec7740a8a011eb5431a97d5c2dffe16491b","12464064","1621417573","2021-05-19 09:46:13","0x0f45156f109e474295913d78036fa213b1745d5a","0x6fb7f0e78582746bd01bcb6dfbfe62ca5f4f9175","","0","0","0","0.008192052","27.7545605669114","2442.89","","","Get Reward"
"0x2939755522cdc928589d41af242265ee1ff7e8debebdea0f85faf5534000b291","12464698","1621425813","2021-05-19 12:03:33","0x0f45156f109e474295913d78036fa213b1745d5a","0x6fb7f0e78582746bd01bcb6dfbfe62ca5f4f9175","","0","0","0","0.035534587","120.390696630305","2442.89","","","Withdraw"
"0xd9df87982efdc0ded623ada11e6b019f5d646d9535f89c2b233268a9da760f6a","12465487","1621436077","2021-05-19 14:54:37","0x657e21723ae99c05c9c2a6032343c7865bcb1940","0x6fb7f0e78582746bd01bcb6dfbfe62ca5f4f9175","","0","0","0","0.073976712","250.632092392109","2442.89","","","Get Reward"
"0x42742be515c9408a62e7bf638a13cfd066140a13bef8542d6abc41ff520c00df","12470127","1621498381","2021-05-20 08:13:01","0x21e4920bfece1009fd55958b50da12c72c3a7140","0x6fb7f0e78582746bd01bcb6dfbfe62ca5f4f9175","","0","0","0","0.011254356","38.1296047978679","2772.84","","","Withdraw"
"0x5d66803eb2b505f893cb7844143853444e40116b993733e68482f8e3b1f0ceac","12472186","1621525704","2021-05-20 15:48:24","0x09482d9d4797808d0789670f7bdea23caf7f3dfe","0x6fb7f0e78582746bd01bcb6dfbfe62ca5f4f9175","","0","0","0","0.009071616","30.7345114156701","2772.84","","","Stake"
"0x6390858aca74ed7b590d7f3847c15db635ff8b20fcb76cf5c9ae8ee5b2d192ce","12472931","1621535923","2021-05-20 18:38:43","0xef9af12bf7c5a32d7461d011c4ce9124d73f52a0","0x6fb7f0e78582746bd01bcb6dfbfe62ca5f4f9175","","0","0","0","0.008754396","29.6597743774975","2772.84","","","Withdraw"
"0xbe6cc28990e41a1fc78e01c406bf93719d77a7e958a63d6d69bb80bbba0f0f52","12474680","1621559296","2021-05-21 01:08:16","0xdb1057846f3a4c62e8f8545b1db50231028253bc","0x6fb7f0e78582746bd01bcb6dfbfe62ca5f4f9175","","0","0","0","0.005929481","20.0890008443367","2435.86","","","Get Reward"
"0x13587e04e33dd7e5539645d7705e3ee47fad3154bdf73bc32fd25e255ef8ba0e","12479630","1621625909","2021-05-21 19:38:29","0x657e21723ae99c05c9c2a6032343c7865bcb1940","0x6fb7f0e78582746bd01bcb6dfbfe62ca5f4f9175","","0","0","0","0.013238376","44.8514375274408","2435.86","","","Stake"
"0x5c089a3b18ec419e10cf9ee26f13c59399dbd322ecfcb665a94d2621fd784298","12486511","1621718445","2021-05-22 21:20:45","0x7f960b97b12ef8b6828529e961f6646ad764d90b","0x6fb7f0e78582746bd01bcb6dfbfe62ca5f4f9175","","0","0","0","0.00496488","16.8209457981281","2297.03","","","Get Reward"
"0x71da527c3188e62c93ce15d632c2480532a594539e6dee1d71b867ee101429a4","12490091","1621766913","2021-05-23 10:48:33","0x61fef96e49f352fbac4645b0f5aefc0f40d80695","0x6fb7f0e78582746bd01bcb6dfbfe62ca5f4f9175","","0","0","0","0.012163956","41.2113172054139","2098.57","","","Get Reward"
"0x4a156d0f4fbc4bdd9c510049109dc789b19233b8c87f0326003689d9a0eeb9b1","12495184","1621834500","2021-05-24 05:35:00","0xe46c84c4cc1af0db9bf24570c85a757eac5e7731","0x6fb7f0e78582746bd01bcb6dfbfe62ca5f4f9175","","0","0","0","0.00434427","14.7183275733621","2648.77","","","Get Reward"
"0x97303135cb42f4c2cb44a59d66cd40608a19a79ddbb7ba18b56fc6c266cdcfdf","12496295","1621850183","2021-05-24 09:56:23","0x61fef96e49f352fbac4645b0f5aefc0f40d80695","0x6fb7f0e78582746bd01bcb6dfbfe62ca5f4f9175","","0","0","0","0.005315169","18.0077201577663","2648.77","","","Withdraw"
"0x811b1fdda70b6ffa2800779e916876dd20aea573707e0d27436dfbb36196c14d","12502204","1621928335","2021-05-25 07:38:55","0x61fef96e49f352fbac4645b0f5aefc0f40d80695","0x6fb7f0e78582746bd01bcb6dfbfe62ca5f4f9175","","0","0","0","0.00447508","15.1615100711975","2707.49","","","Get Reward"
"0x2b555d06628d8ba35ec0e450e067afaa892ab46385d2c1734d2e50ed961989af","12507814","1622003298","2021-05-26 04:28:18","0xddbbf84382db98573bcc656fa7c6ac8b52466c8b","0x6fb7f0e78582746bd01bcb6dfbfe62ca5f4f9175","","0","0","0","0.004064073","13.7690239547856","2888.94","","","Withdraw"
"0xc09a068e1623910046b08ae086b33f491e151648e7b85f9d2340c1bf76dffd04","12507955","1622005212","2021-05-26 05:00:12","0xddbbf84382db98573bcc656fa7c6ac8b52466c8b","0x6fb7f0e78582746bd01bcb6dfbfe62ca5f4f9175","","0","0","0","0.00335631","11.3711325533982","2888.94","","","Get Reward"
"0xe75fcf5f0f8e39400265caded83bafac034292aa061fa23e46d31489524cff2a","12511273","1622049755","2021-05-26 17:22:35","0xef9af12bf7c5a32d7461d011c4ce9124d73f52a0","0x6fb7f0e78582746bd01bcb6dfbfe62ca5f4f9175","","0","0","0","0.006710068","22.7336189655649","2888.94","","","Stake"
"0xe318a3be184efcea1e51705bfc9fe9fc12e6a60c9efc3a102bdef101bd96af10","12511823","1622057230","2021-05-26 19:27:10","0x657e21723ae99c05c9c2a6032343c7865bcb1940","0x6fb7f0e78582746bd01bcb6dfbfe62ca5f4f9175","","0","0","0","0.005819944","19.7178909806765","2888.94","","","Get Reward"
"0x0aaa190f00042880f8eba8ca7e97e747a69cb3bd8d6f66f17a768ff2a74b513e","12517682","1622136311","2021-05-27 17:25:11","0x5d0ac389c669d6efe3ba96b9878d8156f180c539","0x6fb7f0e78582746bd01bcb6dfbfe62ca5f4f9175","","0","0","0","0.00469107","15.8932812485347","2742.48","","","Withdraw"
"0x2f7b03b445094fae816639b30e19e7330d71974b09d3317e5dfe925e153f89d5","12517683","1622136355","2021-05-27 17:25:55","0x5d0ac389c669d6efe3ba96b9878d8156f180c539","0x6fb7f0e78582746bd01bcb6dfbfe62ca5f4f9175","","0","0","0","0.004033614","13.6658292777612","2742.48","","","Get Reward"
"0x77b86fdf9a8841bc88b79c6783873da1bc12fdf05df0171bf3efcf8e48a92f52","12518258","1622144376","2021-05-27 19:39:36","0x657e21723ae99c05c9c2a6032343c7865bcb1940","0x6fb7f0e78582746bd01bcb6dfbfe62ca5f4f9175","","0","0","0","0.00473884","16.0551253577129","2742.48","","","Get Reward"
"0xa356b746ac85f3217c6dc902f64b0f64ec952b7200c16029f389f37175ff2089","12518292","1622144760","2021-05-27 19:46:00","0x657e21723ae99c05c9c2a6032343c7865bcb1940","0x6fb7f0e78582746bd01bcb6dfbfe62ca5f4f9175","","0","0","0","0.00265538","8.99639126291743","2742.48","","","Withdraw"
"0x2700ce5853407781e51cc2ae05b193ea53acd5dc68023fd2827c4b87af145d6a","12519441","1622159876","2021-05-27 23:57:56","0xf3ae3bbdeb2fb7f9c32fbb1f4fbdaf1150a1c5ce","0x6fb7f0e78582746bd01bcb6dfbfe62ca5f4f9175","","0","0","0","0.003080246","10.4358314825134","2742.48","","","Get Reward"
"0xcb24e7fdfb3d021f64a0d7dc529a5eb67720af09fa07bdc3dbf3ef474d18fee5","12519547","1622161265","2021-05-28 00:21:05","0xf3ae3bbdeb2fb7f9c32fbb1f4fbdaf1150a1c5ce","0x6fb7f0e78582746bd01bcb6dfbfe62ca5f4f9175","","0","0","0","0.002579104","8.73796921410698","2412.36","","","Withdraw"
"0x15bcb98c4ac1df1e9d998704cbaef6fa310c7f9ec6939540adc5d7c8d89cb436","12519873","1622165292","2021-05-28 01:28:12","0x5bc124b3f28c301f497d3d44eb5c3225651143cb","0x6fb7f0e78582746bd01bcb6dfbfe62ca5f4f9175","","0","0","0","0.002759568","9.34937878745284","2412.36","","","Withdraw"
"0x37c7bffeb19893e09d47a56abce4fb3b3b7ef50f1e29b5ed7ed730d5a542fde6","12519880","1622165444","2021-05-28 01:30:44","0x5bc124b3f28c301f497d3d44eb5c3225651143cb","0x6fb7f0e78582746bd01bcb6dfbfe62ca5f4f9175","","0","0","0","0.002895928","9.81136460967468","2412.36","","","Get Reward"
"0x357db4298a3334f1debf5f3d1280d797818ed9361484aef1b3f4a1f9039cc0ec","12523449","1622213369","2021-05-28 14:49:29","0x657e21723ae99c05c9c2a6032343c7865bcb1940","0x6fb7f0e78582746bd01bcb6dfbfe62ca5f4f9175","","0","0","0","0.003213272","10.8865217581579","2412.36","","","Stake"
"0x76ad3d2d7ff0ac1cda3f832f3eb935969c37840c0dce27376d16e9776af79d19","12527855","1622272621","2021-05-29 07:17:01","0x14403edb6dcc966dc34e94329db4eb99bcf62d81","0x6fb7f0e78582746bd01bcb6dfbfe62ca5f4f9175","","0","0","0","0.002978928","10.0925674788769","2278.58","","","Get Reward"
"0x523a5b2a0dece6dff6fd27f7880c0d6d32a978921f2dad153389c3ff90e800b7","12528118","1622276220","2021-05-29 08:17:00","0xb28397e0e9a9cd849a30af694f46765310274af5","0x6fb7f0e78582746bd01bcb6dfbfe62ca5f4f9175","","0","0","0","0.002978928","10.0925674788769","2278.58","","","Get Reward"
"0xfda52dd0f5de2d7404581db4390664f43017a6e274f82bcd3f6ef28b619334b0","12532609","1622336060","2021-05-30 00:54:20","0x281bfc8fb12dfc1c2de67cba0bae5a729ccebf42","0x6fb7f0e78582746bd01bcb6dfbfe62ca5f4f9175","","0","0","0","0.002517103578","8.52791262906906","2386.91","","","Stake"
"0x422638d2a7043463932d0a22dc3b0f3c2fa20922407358896d0d02506d4ba9ad","12533460","1622347257","2021-05-30 04:00:57","0xe46c84c4cc1af0db9bf24570c85a757eac5e7731","0x6fb7f0e78582746bd01bcb6dfbfe62ca5f4f9175","","0","0","0","0.0024576156","8.32636817007343","2386.91","","","Get Reward"
"0x32ffdf181921b5b4efb3928539efab46d2c48ed2adda85aa8c22a0eda4b40475","12533571","1622348756","2021-05-30 04:25:56","0x2f6119e04d7766b6b867b62a6d54318346b47afe","0x6fb7f0e78582746bd01bcb6dfbfe62ca5f4f9175","","0","0","0","0.002232031596","7.56209263789365","2386.91","","","Stake"
"0xb2d31a973b98ab93f88fefc3fc154e660506896c43d680d683c4a52ba135e48b","12550775","1622579319","2021-06-01 20:28:39","0x16f037a3ddf53da1b047a926e1833219f0a8e1fc","0x6fb7f0e78582746bd01bcb6dfbfe62ca5f4f9175","","0","0","0","0.004798628","16.257686287157","2634.23","","","Stake"
"0x0286e3a0b04312c2bf6cfc383842bf239b28010d3b478323c2b1e08c3eebf025","12550788","1622579487","2021-06-01 20:31:27","0x66a6684edc043c17c4ff07fac81b04599e469706","0x6fb7f0e78582746bd01bcb6dfbfe62ca5f4f9175","","0","0","0","0.005225214","17.7029538433195","2634.23","","","Get Reward"
"0xfa0975fdfb0623fa8bafe261d365aad36be900c128c25432ec755f5d6dce86e1","12556667","1622658297","2021-06-02 18:24:57","0x657e21723ae99c05c9c2a6032343c7865bcb1940","0x6fb7f0e78582746bd01bcb6dfbfe62ca5f4f9175","","0","0","0","0.005461368","18.5030403779409","2706.52","","","Get Reward"
"0xf2bb5445bee86f962e769691186b9d55d9869794bbef0954f0a1fb37cb7aae22","12562151","1622731589","2021-06-03 14:46:29","0x09482d9d4797808d0789670f7bdea23caf7f3dfe","0x6fb7f0e78582746bd01bcb6dfbfe62ca5f4f9175","","0","0","0","0.004376694","14.8281796436153","2856.01","","","Withdraw"
"0xbc5b61cb848f81b9c150a8d65160edac71a6e1f9cd9f0bdb922df22b07a1436b","12562159","1622731775","2021-06-03 14:49:35","0x09482d9d4797808d0789670f7bdea23caf7f3dfe","0x6fb7f0e78582746bd01bcb6dfbfe62ca5f4f9175","","0","0","0","0.003590848","12.1657441020361","2856.01","","","Stake"
"0x7a5d5e8f0f022710005a7ef159a8602daec732c7712627d729ec3c623eedf1d8","12562866","1622741486","2021-06-03 17:31:26","0x09482d9d4797808d0789670f7bdea23caf7f3dfe","0x6fb7f0e78582746bd01bcb6dfbfe62ca5f4f9175","","0","0","0","0.003135852","10.6242238529333","2856.01","","","Withdraw"
"0xc121f32bde6782a3a91ef895e688aa8cad0cd4cd34e87e52ea0e81f5ab5685b9","12563037","1622743422","2021-06-03 18:03:42","0x09482d9d4797808d0789670f7bdea23caf7f3dfe","0x6fb7f0e78582746bd01bcb6dfbfe62ca5f4f9175","","0","0","0","0.003468187","11.7501703051781","2856.01","","","Get Reward"
"0x39ff177720d2e163e2cff420bbef54a412533c8a139c1373157e2c7c0dd15ec1","12563629","1622751740","2021-06-03 20:22:20","0xe9947f9d6137be1efc8525384c49e964aeb4bcd9","0x6fb7f0e78582746bd01bcb6dfbfe62ca5f4f9175","","0","0","0","0.006203204","21.0163706391155","2856.01","","","Stake"
"0x87ef7fd5bee69b17a27c9a72ff77e09010a589cf0501c2c7db866f148d5e2907","12569218","1622825701","2021-06-04 16:55:01","0x21e4920bfece1009fd55958b50da12c72c3a7140","0x6fb7f0e78582746bd01bcb6dfbfe62ca5f4f9175","","0","0","0","0.002461294","8.33883053915865","2691.17","","","Get Reward"
"0x39f7f5e2abfd0b7985634041ef85e147176ce44f4275580d12dfb6ea70f1d4db","12576792","1622927665","2021-06-05 21:14:25","0x7f960b97b12ef8b6828529e961f6646ad764d90b","0x6fb7f0e78582746bd01bcb6dfbfe62ca5f4f9175","","0","0","0","0.001737708","5.88733102934485","2629.76","","","Get Reward"
"0x0d17f194ccbfab33978029fa29ee116a6cf7798a8d3416fa8b8752ab5b3005f4","12588737","1623087251","2021-06-07 17:34:11","0xe9947f9d6137be1efc8525384c49e964aeb4bcd9","0x6fb7f0e78582746bd01bcb6dfbfe62ca5f4f9175","","0","0","0","0.00496488","16.8209457981281","2593.12","","","Get Reward"
"0x064dabe207c5dc2c680aeab85620f3d569e8a6ced7ea1b0167dbc68d682210eb","12591793","1623127167","2021-06-08 04:39:27","0x16f037a3ddf53da1b047a926e1833219f0a8e1fc","0x6fb7f0e78582746bd01bcb6dfbfe62ca5f4f9175","","0","0","0","0.002234196","7.56942560915766","2509.23","","","Get Reward"
"0xae997f2dd79c15a3a9081321c4cb1d9b2c78aaca92614bee22688aabef23e982","12595542","1623177462","2021-06-08 18:37:42","0x657e21723ae99c05c9c2a6032343c7865bcb1940","0x6fb7f0e78582746bd01bcb6dfbfe62ca5f4f9175","","0","0","0","0.003337124","11.3061306467896","2509.23","","","Withdraw"
"0xd9a261cbebbce00f8d71262d400e7acbcae60a55814f144ea9d42eb88f5ed4c7","12600865","1623249080","2021-06-09 14:31:20","0x2f6119e04d7766b6b867b62a6d54318346b47afe","0x6fb7f0e78582746bd01bcb6dfbfe62ca5f4f9175","","0","0","0","0.0011463916277","3.883959216128","2610.64","","","Withdraw"
"0x28fa74855a96b7faea92b11a2240834ee8f5f090c2851c0375cdf406e88164ab","12600923","1623249708","2021-06-09 14:41:48","0x2f6119e04d7766b6b867b62a6d54318346b47afe","0x6fb7f0e78582746bd01bcb6dfbfe62ca5f4f9175","","0","0","0","0.001289898977","4.37016016040225","2610.64","","","Get Reward"
"0x64fe6e05d4b317922d7d55d796aed4aa7897776ed23367baec7393c36c338fb8","12602159","1623266521","2021-06-09 19:22:01","0x657e21723ae99c05c9c2a6032343c7865bcb1940","0x6fb7f0e78582746bd01bcb6dfbfe62ca5f4f9175","","0","0","0","0.003469582","11.7548965461725","2610.64","","","Get Reward"
"0xdcaf55ae5b5a40e360a6078bb5034235a0d84cbc52dc63eb17b93f4c857f1a84","12602178","1623266815","2021-06-09 19:26:55","0x657e21723ae99c05c9c2a6032343c7865bcb1940","0x6fb7f0e78582746bd01bcb6dfbfe62ca5f4f9175","","0","0","0","0.002918132","9.88659145916583","2610.64","","","Withdraw"
"0xa711c9ac3bbb7fab36a240b7a37c8197869d21b540fa26679c1f1100130e73dc","12607724","1623340807","2021-06-10 16:00:07","0xb28397e0e9a9cd849a30af694f46765310274af5","0x6fb7f0e78582746bd01bcb6dfbfe62ca5f4f9175","","0","0","0","0.002605475","8.82731380282663","2471.56","","","Withdraw"
"0x8aadc0d69644785f80f5ab39e2e10d6dd17ae2f1afb9bb7e021041e167e970f2","12608012","1623344887","2021-06-10 17:08:07","0xb28397e0e9a9cd849a30af694f46765310274af5","0x6fb7f0e78582746bd01bcb6dfbfe62ca5f4f9175","","0","0","0","0.00257954","8.73944637616689","2471.56","","","Get Reward"
"0xd04abe21afde75e301ee0dcbcc89a3e6667ae2b971dd44c8854f4dd3e2da40ce","12608891","1623356055","2021-06-10 20:14:15","0xe9947f9d6137be1efc8525384c49e964aeb4bcd9","0x6fb7f0e78582746bd01bcb6dfbfe62ca5f4f9175","","0","0","0","0.00224682","7.6121955491674","2471.56","","","Stake"
"0x05422b8b3791877112ed8be0edb3c858a1c34de53e3eb77f7b09b6b34f793cac","12611738","1623394186","2021-06-11 06:49:46","0xe9947f9d6137be1efc8525384c49e964aeb4bcd9","0x6fb7f0e78582746bd01bcb6dfbfe62ca5f4f9175","","0","0","0","0.00223922","7.58644685271033","2355.09","","","Get Reward"
"0xa1852f73bd0eeb10b143b2f5d08da46958bef617bd0ea22c26e6148c8697c79d","12612029","1623397808","2021-06-11 07:50:08","0x16f037a3ddf53da1b047a926e1833219f0a8e1fc","0x6fb7f0e78582746bd01bcb6dfbfe62ca5f4f9175","","0","0","0","0.001777065","6.02067200914233","2355.09","","","Get Reward"
"0x7b142d1da488d7035df775e4d7e71b4d86334607f25a4a64ff494b2ce407aea8","12612039","1623397948","2021-06-11 07:52:28","0xe46c84c4cc1af0db9bf24570c85a757eac5e7731","0x6fb7f0e78582746bd01bcb6dfbfe62ca5f4f9175","","0","0","0","0.001303181","4.41515947337104","2355.09","","","Get Reward"
"0xd8216217957b6def983d91b3b32e2c177e45b897687afa56b2178466a7ca4a8c","12612041","1623397972","2021-06-11 07:52:52","0x16f037a3ddf53da1b047a926e1833219f0a8e1fc","0x6fb7f0e78582746bd01bcb6dfbfe62ca5f4f9175","","0","0","0","0.00113784","3.85498641798837","2355.09","","","Withdraw"
"0x289e1653d81426a6e19d0ab8aa08eec43deb5764510be07e04652d12440b19f7","12612060","1623398257","2021-06-11 07:57:37","0xe46c84c4cc1af0db9bf24570c85a757eac5e7731","0x6fb7f0e78582746bd01bcb6dfbfe62ca5f4f9175","","0","0","0","0.000910272","3.0839891343907","2355.09","","","Withdraw"
"0x5a5a9ff6601da6c199bb88161761e4491cc1ff470b40eb100ecbe7aa5f948db2","12612287","1623401508","2021-06-11 08:51:48","0xef9af12bf7c5a32d7461d011c4ce9124d73f52a0","0x6fb7f0e78582746bd01bcb6dfbfe62ca5f4f9175","","0","0","0","0.001912878","6.48080460281653","2355.09","","","Get Reward"
"0x42f407e2009462b6711cdb00759493ae89b3da54d79e98062d1d9511d3d7ab7c","12615170","1623440537","2021-06-11 19:42:17","0x66a6684edc043c17c4ff07fac81b04599e469706","0x6fb7f0e78582746bd01bcb6dfbfe62ca5f4f9175","","0","0","0","0.00197112","6.67812770532346","2355.09","","","Withdraw"
"0x635e9e4fd112e9254d7ccd1c49f1603184e8d4d5afeae249ab36e97aa856fef9","12615244","1623441571","2021-06-11 19:59:31","0x66a6684edc043c17c4ff07fac81b04599e469706","0x6fb7f0e78582746bd01bcb6dfbfe62ca5f4f9175","","0","0","0","0.0021409182","7.25340169358092","2355.09","","","Get Reward"
"0x9afee9dfbc9700f95970f31fc133b1f3e49d96c2cb57ea71ed1a7e8697258e68","12616396","1623456563","2021-06-12 00:09:23","0x7f960b97b12ef8b6828529e961f6646ad764d90b","0x6fb7f0e78582746bd01bcb6dfbfe62ca5f4f9175","","0","0","0","0.002033565","6.88969051456842","2369.62","","","Get Reward"
"0x7a2606dc199962bf7c05c679fcdb5e5d654045d877212f5317a48846b7930f96","12616402","1623456653","2021-06-12 00:10:53","0x7f960b97b12ef8b6828529e961f6646ad764d90b","0x6fb7f0e78582746bd01bcb6dfbfe62ca5f4f9175","","0","0","0","0.00113802","3.85559625553604","2369.62","","","Withdraw"
"0xc43f2923103563cd836fe70bbb4fbb0548700b27475971740868d2366df4bad4","12619402","1623497508","2021-06-12 11:31:48","0x281bfc8fb12dfc1c2de67cba0bae5a729ccebf42","0x6fb7f0e78582746bd01bcb6dfbfe62ca5f4f9175","","0","0","0","0.000912185058","3.09047054883106","2369.62","","","Withdraw"
"0xfab97f274d12a3579b10c47e41f4e3a7f4ba4a53b1f23fba106638d4ad56da3e","12619480","1623498590","2021-06-12 11:49:50","0x281bfc8fb12dfc1c2de67cba0bae5a729ccebf42","0x6fb7f0e78582746bd01bcb6dfbfe62ca5f4f9175","","0","0","0","0.000970897193","3.28938646231284","2369.62","","","Get Reward"
"0x253f920606fb754aa3b5e281b2aa05800a00c4286a5ce92f1830950b8a608bd5","12631545","1623659905","2021-06-14 08:38:25","0xef9af12bf7c5a32d7461d011c4ce9124d73f52a0","0x6fb7f0e78582746bd01bcb6dfbfe62ca5f4f9175","","0","0","0","0.000834548","2.82743725405976","2582.12","","","Withdraw"
"0xbe3be28358a14ba344c663fd94392fd2360cc838c39d5667a87fcbc67f01e90d","12633336","1623684112","2021-06-14 15:21:52","0xe9947f9d6137be1efc8525384c49e964aeb4bcd9","0x6fb7f0e78582746bd01bcb6dfbfe62ca5f4f9175","","0","0","0","0.00176268","5.97193582512458","2582.12","","","Withdraw"
"0x9250d55044c824f5c788c4681ba1b5de949151a345bc3f555f9fbc4e0c810664","12644911","1623838679","2021-06-16 10:17:59","0xa1efa0adecb7f5691605899d13285928ae025844","0x6fb7f0e78582746bd01bcb6dfbfe62ca5f4f9175","","0","0","0","0.001303181","4.41515947337104","2367.70","","","Get Reward"
"0x807a0d18d6e05997056c9ba86086c4c8dd430f0f2ac822770915fda1514162d2","12645044","1623840420","2021-06-16 10:47:00","0xa1efa0adecb7f5691605899d13285928ae025844","0x6fb7f0e78582746bd01bcb6dfbfe62ca5f4f9175","","0","0","0","0.000530992","1.79899366172791","2367.70","","","Withdraw"
"0xfae5dc56fca95725830053b27c39cc2fc7194e77ff79942593b679ca217dd8be","12743558","1625166737","2021-07-01 19:12:17","0x14403edb6dcc966dc34e94329db4eb99bcf62d81","0x6fb7f0e78582746bd01bcb6dfbfe62ca5f4f9175","","0","0","0","0.00367195","12.4405165730968","2109.29","","","Get Reward"
"0x8a88beba7358885f2f4626cb2d4bb39d1ceef078d5acd47fe06f5cc286a67d8e","12743560","1625166778","2021-07-01 19:12:58","0x14403edb6dcc966dc34e94329db4eb99bcf62d81","0x6fb7f0e78582746bd01bcb6dfbfe62ca5f4f9175","","0","0","0","0.001788384","6.05902062693148","2109.29","","","Withdraw"
