"Transaction Hash","Blockno","UnixTimestamp","DateTime (UTC)","From","To","ContractAddress","Value_IN(ETH)","Value_OUT(ETH)","CurrentValue @ $3388.45432888491/Eth","TxnFee(ETH)","TxnFee(USD)","Historical $Price/Eth","Status","ErrCode","Method"
"0xdac615a2b0d7c06b85ee32afb297a08287c9276ab53cd9c31b8a993ebcfa21ab","12324235","1619550380","2021-04-27 19:06:20","0xbd015d82a36c9a05108ebc5fee12672f24da0cf4","0x46abfe1c972fca43766d6ad70e1c1df72f4bb4d1","","0","0","0","0.002124302","7.19810030775887","2667.93","Error(0)","Reverted","0x77656c63"
"0xca43aa42f1c0db0a4810069a26f2845221134d1cbf1dc79b1612cf30849aab5d","12324241","1619550480","2021-04-27 19:08:00","0xbd015d82a36c9a05108ebc5fee12672f24da0cf4","0x46abfe1c972fca43766d6ad70e1c1df72f4bb4d1","","0","0","0","0.001737712","5.88815774875525","2667.93","","","Transfer"
"0x738c1250163a490ec236b0fd383a9bafe74240186ecf0e36b748f727d3e4e2ff","12380768","1620304495","2021-05-06 12:34:55","0x0bc3668d2aafa53ed5e5134ba13ec74ea195d000","0x46abfe1c972fca43766d6ad70e1c1df72f4bb4d1","","0","0","0","0.009104644","30.850670374756","3491.74","","","Exec Transaction"
"0x1da0d5d0ed1828f231d57350a0f6b97016c33f979650adf312c9ce5d14669099","12380776","1620304592","2021-05-06 12:36:32","0x0bc3668d2aafa53ed5e5134ba13ec74ea195d000","0x46abfe1c972fca43766d6ad70e1c1df72f4bb4d1","","0","0","0","0.007764405","26.3093317334656","3491.74","","","Exec Transaction"
"0x8232aff79117622ef04cd30aafef151398df280dce50cf117c6830f4a6a92829","12538733","1622418356","2021-05-30 23:45:56","0x0bc3668d2aafa53ed5e5134ba13ec74ea195d000","0x46abfe1c972fca43766d6ad70e1c1df72f4bb4d1","","0","0","0","0.003123429","10.5835965160147","2386.91","","","Exec Transaction"
"0x07f1b106bd1aa08843d97ae962066657d14e30047ea1a0e077d00d3f173bce3d","12744982","1625185809","2021-07-02 00:30:09","0x0bc3668d2aafa53ed5e5134ba13ec74ea195d000","0x46abfe1c972fca43766d6ad70e1c1df72f4bb4d1","","0","0","0","0.0006431568","2.17930744311177","2155.65","","","Exec Transaction"
"0x1c7eac1c830f3bce64d2ccb953e2c0d121b766cb3043a789c10ddb08e91a7137","12744989","1625185861","2021-07-02 00:31:01","0x0bc3668d2aafa53ed5e5134ba13ec74ea195d000","0x46abfe1c972fca43766d6ad70e1c1df72f4bb4d1","","0","0","0","0.0010011726","3.39242763043096","2155.65","","","Exec Transaction"
"0x8d3ce78762d5f3610c02aed028e8a8b2fa56530439571865a0efb2eb73d9ad2a","13509831","1635479240","2021-10-29 03:47:20","0xdf09b6bb09fdee5f8d4c17c6642f0a54d6a7654a","0x46abfe1c972fca43766d6ad70e1c1df72f4bb4d1","","0","0","0","0.01976669","66.9785262982261","4417.40","","","Exec Transaction"
"0x0448c773c57b31b59c3395fa53cc4107d7bb85fc1142edc5b19441ecb4044c14","13515021","1635549742","2021-10-29 23:22:22","0xbebf7295a9ddc37e33609790b12fbe3daf93cc73","0x46abfe1c972fca43766d6ad70e1c1df72f4bb4d1","","0","0","0","0.011687155353890665","39.6013921512413","4417.40","","","Exec Transaction"
"0x0250949cc3979bcce15f0ee890d387621e454c9bfebd2a4ac00736102c764ac7","13528223","1635729684","2021-11-01 01:21:24","0x98ab20307fdaba1ce8b16d69d22461c6dbe85459","0x46abfe1c972fca43766d6ad70e1c1df72f4bb4d1","","0","0","0","0.015209764656133366","51.5375928903958","4322.79","","","Exec Transaction"
"0x576f34977490ebf8c0de304a3ca09cbd0edded831ea9d22e3085464e4e279a47","13528242","1635729978","2021-11-01 01:26:18","0xbebf7295a9ddc37e33609790b12fbe3daf93cc73","0x46abfe1c972fca43766d6ad70e1c1df72f4bb4d1","","0","0","0","0.01196002315590479","40.5259922361893","4322.79","","","Exec Transaction"
"0xafa7438bbb59927928f3549d067e2dd5de52e28d7e67476cb8f1a9ffbf15c9c3","13591463","1636586782","2021-11-10 23:26:22","0xbebf7295a9ddc37e33609790b12fbe3daf93cc73","0x46abfe1c972fca43766d6ad70e1c1df72f4bb4d1","","0","0","0","0.01438770554803659","48.752083146966","4632.98","","","Exec Transaction"
"0xd95a4113aaead120ea9698b7c01ad2a89d153514edb7003e14399bc5a1701251","13826764","1639799384","2021-12-18 03:49:44","0xbebf7295a9ddc37e33609790b12fbe3daf93cc73","0x46abfe1c972fca43766d6ad70e1c1df72f4bb4d1","","0","0","0","0.012270275430861679","41.5772679003134","3961.96","","","Exec Transaction"
"0x5cb371e91db5d2ed2fab36044251539b8119c5f069b9cb2909acaeb3c365d880","13956648","1641536310","2022-01-07 06:18:30","0x98ab20307fdaba1ce8b16d69d22461c6dbe85459","0x46abfe1c972fca43766d6ad70e1c1df72f4bb4d1","","0","0","0","0.008870247","30.0564268454284","3196.47","","","Exec Transaction"
"0xf5e22a16953046dc0bfbde6c1705c1d11f2f7df54649690d028d85b74a79cd0e","13984867","1641912700","2022-01-11 14:51:40","0x98ab20307fdaba1ce8b16d69d22461c6dbe85459","0x46abfe1c972fca43766d6ad70e1c1df72f4bb4d1","","0","0","0","0.014553792","49.3148595040906","3240.32","","","Exec Transaction"
"0x6a5f580af788ac2ec171a66af7be151593a56b097e39db0858c08837c5eae863","14075702","1643126525","2022-01-25 16:02:05","0xbbff7c2df218839895695c6d13bbfd4acdf8191d","0x46abfe1c972fca43766d6ad70e1c1df72f4bb4d1","","0","0","0","0.009874108882695","33.4579669874488","2459.65","","","Exec Transaction"
"0x689e82fc1f74890f31d9c57ed9247e814678bd7ee8a4cc8af5e0750b1b8d829b","14101844","1643475223","2022-01-29 16:53:43","0xbbff7c2df218839895695c6d13bbfd4acdf8191d","0x46abfe1c972fca43766d6ad70e1c1df72f4bb4d1","","0","0","0","0.015818064340575168","53.598788589402","2603.10","","","Exec Transaction"
"0xabdd0680f7f2e1c10d97e4b98c13d4271bc375cfe205a23ee6c0f6dc0fc1656c","14496941","1648769989","2022-03-31 23:39:49","0x585639fbf797c1258eba8875c080eb63c833d252","0x46abfe1c972fca43766d6ad70e1c1df72f4bb4d1","","0","0","0","0.003747599413203825","12.698569454597","3282.78","","","Exec Transaction"
"0x70f706ec11e64475b6a4f50f342b755be3c1face4c27501ba8372b7e3e3ae91a","14543802","1649402849","2022-04-08 07:27:29","0xbbff7c2df218839895695c6d13bbfd4acdf8191d","0x46abfe1c972fca43766d6ad70e1c1df72f4bb4d1","","0","0","0","0.003670454222135954","12.4371664979705","3192.92","","","Exec Transaction"
"0xdaa71331ce1ca9b18c7b9f424466530a428a34eae3116596dad6a517a29fea19","14548461","1649466265","2022-04-09 01:04:25","0x98ab20307fdaba1ce8b16d69d22461c6dbe85459","0x46abfe1c972fca43766d6ad70e1c1df72f4bb4d1","","0.01","0","33.8845432888491","0.000999925803396208","3.3882029170816","3259.62","","","Transfer"
"0xd6c8412d15b40b7e4774106e9bd11c861eba56e6e7c7d95f8f6c82ebe1dda1f0","14548475","1649466438","2022-04-09 01:07:18","0x98ab20307fdaba1ce8b16d69d22461c6dbe85459","0x46abfe1c972fca43766d6ad70e1c1df72f4bb4d1","","0","0","0","0.005931983936660298","20.1002566490523","3259.62","","","Exec Transaction"
"0xa56c0d314ce67ec8b7f1ff20df2747ecb987a3e82bfaf50c002fc7c7e7ecbea1","14549144","1649475269","2022-04-09 03:34:29","0x98ab20307fdaba1ce8b16d69d22461c6dbe85459","0x46abfe1c972fca43766d6ad70e1c1df72f4bb4d1","","0","0","0","0.003911387312836854","13.2535572721276","3259.62","","","Exec Transaction"
"0xd56b9cc22f2990603b70e811d295e3f5c1ecbcdd6060f18f8de868f20ff28d33","14549152","1649475351","2022-04-09 03:35:51","0x98ab20307fdaba1ce8b16d69d22461c6dbe85459","0x46abfe1c972fca43766d6ad70e1c1df72f4bb4d1","","0","0","0","0.003043039628499525","10.3112008021575","3259.62","","","Exec Transaction"
"0x87fc3df22729b16a35751bc9addd120f29e9fa898c1f46f60105405b5c5e06e7","14739499","1652059506","2022-05-09 01:25:06","0xf68d2bfcecd7895bba05a7451dd09a1749026454","0x46abfe1c972fca43766d6ad70e1c1df72f4bb4d1","","0","0","0","0.00148098393862078","5.01824643782861","2230.95","","","Exec Transaction"
"0x5ab3a4c065ead4aa9cc2d4481ec3b62ef846ca7b8ac5c7f928107448601ca8e6","14740183","1652068731","2022-05-09 03:58:51","0x585639fbf797c1258eba8875c080eb63c833d252","0x46abfe1c972fca43766d6ad70e1c1df72f4bb4d1","","0","0","0","0.003045745229063878","10.3203686061021","2230.95","","","Exec Transaction"
"0x6bec34c6a789572c256e22fdefe31e2a26a30faa680de68656e0a6d885187b27","14742422","1652099102","2022-05-09 12:25:02","0x98ab20307fdaba1ce8b16d69d22461c6dbe85459","0x46abfe1c972fca43766d6ad70e1c1df72f4bb4d1","","0","0","0","0.002397453580435184","8.12366196292623","2230.95","","","Exec Transaction"
"0xab7a7e7bacbdf8c8af5c0c2355f0f9f3854ad7fb74c81fda665e03e7c1906823","14794247","1652813729","2022-05-17 18:55:29","0x585639fbf797c1258eba8875c080eb63c833d252","0x46abfe1c972fca43766d6ad70e1c1df72f4bb4d1","","0","0","0","0.005341413472651224","18.0991356037692","2089.29","","","Exec Transaction"
"0x523303370be9086766ce104fc6d2b0ca14dfe75ba5260e6b7a732a7fca378d15","14880141","1654020073","2022-05-31 18:01:13","0x98ab20307fdaba1ce8b16d69d22461c6dbe85459","0x46abfe1c972fca43766d6ad70e1c1df72f4bb4d1","","0.05","0","169.422716444246","0.001965802956235121","6.66103353678965","1940.59","","","Transfer"
"0x1163b45dfbd8e2516e580f49c7f51091ef286600ebfdb5f2eb42e10e80453c08","14880219","1654021000","2022-05-31 18:16:40","0x98ab20307fdaba1ce8b16d69d22461c6dbe85459","0x46abfe1c972fca43766d6ad70e1c1df72f4bb4d1","","0","0","0","0.003365786658343311","11.4048143725665","1940.59","","","Exec Transaction"
"0xe7e09372b0d8ced0ffab8698def9e18d3ff5e42313ecd9ba881de5212db616c8","14880228","1654021097","2022-05-31 18:18:17","0x98ab20307fdaba1ce8b16d69d22461c6dbe85459","0x46abfe1c972fca43766d6ad70e1c1df72f4bb4d1","","0.05","0","169.422716444246","0.001083578615590156","3.67165665068358","1940.59","","","Transfer"
"0x0aa9917d6b3a9841dee6327c8587e43c14cfab7ac1155828a3e988949f681203","14888356","1654136271","2022-06-02 02:17:51","0x98ab20307fdaba1ce8b16d69d22461c6dbe85459","0x46abfe1c972fca43766d6ad70e1c1df72f4bb4d1","","0","0","0","0.004663491","15.8020262666658","1833.26","","","Exec Transaction"
"0x10d44973fe3aa7ac8e7bb21f45e787495113effa775480c961854d17f07fe00f","14888364","1654136354","2022-06-02 02:19:14","0x98ab20307fdaba1ce8b16d69d22461c6dbe85459","0x46abfe1c972fca43766d6ad70e1c1df72f4bb4d1","","0","0","0","0.004552558726484259","15.4261373242584","1833.26","","","Exec Transaction"
"0x0e528d126c77cea0e09d02f48eb3ffb4a7ead5df337efacb033afac73f3c9322","14892657","1654196682","2022-06-02 19:04:42","0x585639fbf797c1258eba8875c080eb63c833d252","0x46abfe1c972fca43766d6ad70e1c1df72f4bb4d1","","0","0","0","0.005862923528906445","19.8662486114442","1833.26","","","Exec Transaction"
"0xc19b3a6f4b36e33fcde104804af44a210a3318a4df99589bffd4fde42a1944e8","14892704","1654197376","2022-06-02 19:16:16","0x98ab20307fdaba1ce8b16d69d22461c6dbe85459","0x46abfe1c972fca43766d6ad70e1c1df72f4bb4d1","","0","0","0","0.005836471335101818","19.7766165608384","1833.26","","","Exec Transaction"
"0xd83ba6bf579bac577b70d6e0ffa50763ee53f906ea1505c1d0a9c9a5b3adb17d","14892710","1654197454","2022-06-02 19:17:34","0x585639fbf797c1258eba8875c080eb63c833d252","0x46abfe1c972fca43766d6ad70e1c1df72f4bb4d1","","0","0","0","0.008266044493175784","28.0091142456568","1833.26","","","Exec Transaction"
"0xfd17b1deaa98b9d0b34d44d7efc11a25dee3c123196986afc28db36004587c72","14892714","1654197541","2022-06-02 19:19:01","0x585639fbf797c1258eba8875c080eb63c833d252","0x46abfe1c972fca43766d6ad70e1c1df72f4bb4d1","","0","0","0","0.009414106418871651","31.8992696476089","1833.26","","","Exec Transaction"
"0xe1926b4dbd0848bc9cf0b844fb56b852c1d99a9a9e4526dc930d118dfd508af9","14892796","1654198528","2022-06-02 19:35:28","0x98ab20307fdaba1ce8b16d69d22461c6dbe85459","0x46abfe1c972fca43766d6ad70e1c1df72f4bb4d1","","0","0","0","0.013526937791521422","45.8354109162376","1833.26","","","Exec Transaction"
"0x51d02143227e67a49a236c0a78c13f240b4ccbfccdb8e8ad037590837e59e50c","14893587","1654209258","2022-06-02 22:34:18","0x98ab20307fdaba1ce8b16d69d22461c6dbe85459","0x46abfe1c972fca43766d6ad70e1c1df72f4bb4d1","","0","0","0","0.012311481","41.7168910894343","1833.26","","","Exec Transaction"
"0x6f56342fd662aa79dfec00b99ab06085511a5e8a688d95beebb03907b8fd35bc","14893938","1654214245","2022-06-02 23:57:25","0x98ab20307fdaba1ce8b16d69d22461c6dbe85459","0x46abfe1c972fca43766d6ad70e1c1df72f4bb4d1","","0","0","0","0.014032586799388516","47.5487794858413","1833.26","","","Exec Transaction"
"0x64cfaa21eae9cd3a1b4fddf9f67fe3b84f8168e8e3a200aeacad8a5b00ce342c","14895031","1654229555","2022-06-03 04:12:35","0x585639fbf797c1258eba8875c080eb63c833d252","0x46abfe1c972fca43766d6ad70e1c1df72f4bb4d1","","0","0","0","0.004429256475085234","15.0083332767441","1773.59","","","Exec Transaction"
"0x606d8166850055c886c50f4d27b0d491bc9d59392a59e5cf81befdd6f1012e4b","14895043","1654229689","2022-06-03 04:14:49","0x585639fbf797c1258eba8875c080eb63c833d252","0x46abfe1c972fca43766d6ad70e1c1df72f4bb4d1","","0","0","0","0.003536808576393105","11.9843143311165","1773.59","","","Exec Transaction"
"0x4e3a745680a814c149347766545f33ec40f1674d66aa25d28554c3f90b361ea1","14897384","1654262895","2022-06-03 13:28:15","0x98ab20307fdaba1ce8b16d69d22461c6dbe85459","0x46abfe1c972fca43766d6ad70e1c1df72f4bb4d1","","0","0","0","0.004511074779497594","15.2855708645122","1773.59","","","Exec Transaction"
"0x445b60f05a878ded673adf6a3fa650b39f2d869a12906da5b3ce4edb989bd32f","14898100","1654273277","2022-06-03 16:21:17","0x98ab20307fdaba1ce8b16d69d22461c6dbe85459","0x46abfe1c972fca43766d6ad70e1c1df72f4bb4d1","","0","0","0","0.0067247510659083","22.7865118599504","1773.59","","","Exec Transaction"
"0x56163bbb0cd65cb8f9fb4fdc48a7109281c13cd1d63d08738a5821cdcb860796","15026966","1656213914","2022-06-26 03:25:14","0x98ab20307fdaba1ce8b16d69d22461c6dbe85459","0x46abfe1c972fca43766d6ad70e1c1df72f4bb4d1","","0","0","0","0.002148799604307237","7.28110932112104","1198.25","","","Exec Transaction"
"0xfc5c6513b2a3ce641144cd9868e8d2e266217471a04227c05386214ee1aa8d6d","15027075","1656215793","2022-06-26 03:56:33","0x98ab20307fdaba1ce8b16d69d22461c6dbe85459","0x46abfe1c972fca43766d6ad70e1c1df72f4bb4d1","","0","0","0","0.001892892756066993","6.41398065341009","1198.25","","","Exec Transaction"
"0xfe7d3470d05be2b88434cae84f6306509ae736c2e37836d206444ffc22ee70a8","15063716","1656773044","2022-07-02 14:44:04","0x585639fbf797c1258eba8875c080eb63c833d252","0x46abfe1c972fca43766d6ad70e1c1df72f4bb4d1","","0","0","0","0.001456498914153912","4.93528005068099","1065.69","","","Exec Transaction"
"0xb910432f6dff4228cec3fe5ebc0c16e1999ffb1b9942ee7c9c9a6012a1142c5e","15109867","1657389330","2022-07-09 17:55:30","0x585639fbf797c1258eba8875c080eb63c833d252","0x46abfe1c972fca43766d6ad70e1c1df72f4bb4d1","","0","0","0","0.003015091060575504","10.2164983561893","1216.53","","","Exec Transaction"
"0x9cc3be202b85b0f983454b2710851f66ecf5164a34facd4f4d31c8d7d6e0b12a","15128309","1657635554","2022-07-12 14:19:14","0x98ab20307fdaba1ce8b16d69d22461c6dbe85459","0x46abfe1c972fca43766d6ad70e1c1df72f4bb4d1","","0","0","0","0.001285605","4.35621382748608","1037.37","","","Exec Transaction"
"0xc87d06d3a0b9a5c4576c20d99a36a578520c12b056ffbfc49b32d12f433ad74c","15128312","1657635610","2022-07-12 14:20:10","0x98ab20307fdaba1ce8b16d69d22461c6dbe85459","0x46abfe1c972fca43766d6ad70e1c1df72f4bb4d1","","0","0","0","0.001628661","5.51864341573603","1037.37","","","Exec Transaction"
"0x6bf15ff74991fa5905b59b6a6921452a0e3dd7b86205691cb7575d4191fc20a4","15174414","1658251722","2022-07-19 17:28:42","0x98ab20307fdaba1ce8b16d69d22461c6dbe85459","0x46abfe1c972fca43766d6ad70e1c1df72f4bb4d1","","0","0","0","0.002211327","7.49298054573008","1543.12","","","Exec Transaction"
"0x0422f1e4ba39d8ef07e3f1efaf6bf5d4ccd6cbab148d562f29be8f7c677f1c7b","15174446","1658252172","2022-07-19 17:36:12","0x98ab20307fdaba1ce8b16d69d22461c6dbe85459","0x46abfe1c972fca43766d6ad70e1c1df72f4bb4d1","","0","0","0","0.002104922111550531","7.13243244084896","1543.12","","","Exec Transaction"
"0x990d01e6a0ba0b48bb5a58325b2798752e9891a7e7133db81aee4b362d95f029","15218343","1658841654","2022-07-26 13:20:54","0x98ab20307fdaba1ce8b16d69d22461c6dbe85459","0x46abfe1c972fca43766d6ad70e1c1df72f4bb4d1","","0","0","0","0.001316944169240607","4.46240517116308","1449.61","","","Exec Transaction"
"0x9045aa45238b608075e160db6fd5b8784a51d4190f5b6b1b2648d1bb12761328","15285144","1659740119","2022-08-05 22:55:19","0x585639fbf797c1258eba8875c080eb63c833d252","0x46abfe1c972fca43766d6ad70e1c1df72f4bb4d1","","0","0","0","0.001110776422984002","3.76381517888344","1736.78","","","Exec Transaction"
"0xf1012214b40962d9e497c663ad2a2b67357a13713b02d3a92b7059ad33a2cb59","15285149","1659740145","2022-08-05 22:55:45","0x585639fbf797c1258eba8875c080eb63c833d252","0x46abfe1c972fca43766d6ad70e1c1df72f4bb4d1","","0","0","0","0.001161677948380551","3.93629267296022","1736.78","","","Exec Transaction"
"0xafbfca7ec33bf850ea0bcdf7b22c3886132ae41ea5685e212f9bb7386d966552","15454779","1662061857","2022-09-01 19:50:57","0xf68d2bfcecd7895bba05a7451dd09a1749026454","0x46abfe1c972fca43766d6ad70e1c1df72f4bb4d1","","0","0","0","0.001257195185096688","4.25994846719414","1585.98","","","Exec Transaction"
"0x065378341e5c67b0381860caf337c4264b45f249c61240b566782c59522e2588","15454789","1662062026","2022-09-01 19:53:46","0x98ab20307fdaba1ce8b16d69d22461c6dbe85459","0x46abfe1c972fca43766d6ad70e1c1df72f4bb4d1","","0","0","0","0.001006080923363579","3.40905925997985","1585.98","","","Exec Transaction"
"0x9f23b1fb0ed49ab84bce204b4f6cd8e760f1e2911494f3a145f986749b77bdad","15454792","1662062126","2022-09-01 19:55:26","0x98ab20307fdaba1ce8b16d69d22461c6dbe85459","0x46abfe1c972fca43766d6ad70e1c1df72f4bb4d1","","0","0","0","0.001881385625203838","6.37498926602379","1585.98","","","Exec Transaction"
"0x8bea0f47f3455efd7cda4528218d078020e9a3d1700da6747fbdfee27fef2a2c","15454802","1662062216","2022-09-01 19:56:56","0xf68d2bfcecd7895bba05a7451dd09a1749026454","0x46abfe1c972fca43766d6ad70e1c1df72f4bb4d1","","0","0","0","0.00171438","5.80909833235371","1585.98","","","Exec Transaction"
"0x63f14063f33542954bf5d799d31d932255e08286c9e84b3ce593779acf5d2e82","15454802","1662062216","2022-09-01 19:56:56","0x98ab20307fdaba1ce8b16d69d22461c6dbe85459","0x46abfe1c972fca43766d6ad70e1c1df72f4bb4d1","","0","0","0","0.00093818","3.17898008227324","1585.98","Error(0)","execution reverted","Exec Transaction"
"0x8d02699a7dd7bb4f6775749aa0c3e04a44085e99c567739b8f8198e1ee563627","15481533","1662432700","2022-09-06 02:51:40","0x98ab20307fdaba1ce8b16d69d22461c6dbe85459","0x46abfe1c972fca43766d6ad70e1c1df72f4bb4d1","","0","0","0","0.000922330393709274","3.12527441522631","1558.90","","","Exec Transaction"
"0x1bbbbfe3096c9e6640e282e0252b607ebc706988cbf025b6ef250f90a1c3705d","15481666","1662434654","2022-09-06 03:24:14","0x98ab20307fdaba1ce8b16d69d22461c6dbe85459","0x46abfe1c972fca43766d6ad70e1c1df72f4bb4d1","","0","0","0","0.00101763715777425","3.44821703249429","1558.90","","","Exec Transaction"
"0x2fd6efd987a6dffcc5fed99f6bf213eba2ecb867901e710165211064b4f66876","15487444","1662513776","2022-09-07 01:22:56","0x98ab20307fdaba1ce8b16d69d22461c6dbe85459","0x46abfe1c972fca43766d6ad70e1c1df72f4bb4d1","","0","0","0","0.001285785","4.35682374926528","1630.00","","","Exec Transaction"
"0xe1857923ee225b71d7ddfd02fbfc044c77bf0f67f330f52532c0dcdcd963184f","15490751","1662559804","2022-09-07 14:10:04","0x98ab20307fdaba1ce8b16d69d22461c6dbe85459","0x46abfe1c972fca43766d6ad70e1c1df72f4bb4d1","","0","0","0","0.001385194701198087","4.6936689816231","1630.00","","","Exec Transaction"
"0xaa400d182e7fb99c4198a57504282cdbf3898db6230d0858cdbeca548f329bc8","15492033","1662577180","2022-09-07 18:59:40","0x585639fbf797c1258eba8875c080eb63c833d252","0x46abfe1c972fca43766d6ad70e1c1df72f4bb4d1","","0","0","0","0.002470208798354796","8.3701896960349","1630.00","","","Exec Transaction"
"0x85622a6d44cf5d7381430ebdb527303b5b74848a4ebae2a675912fe89df36cc8","15492240","1662580201","2022-09-07 19:50:01","0xf68d2bfcecd7895bba05a7451dd09a1749026454","0x46abfe1c972fca43766d6ad70e1c1df72f4bb4d1","","0","0","0","0.00163802","5.55035595980006","1630.00","","","Exec Transaction"
"0x1731833914cbd5e7b9449dc31b89f424b989d64eb6c06db4c802a7225814a45c","15527288","1663077404","2022-09-13 13:56:44","0x98ab20307fdaba1ce8b16d69d22461c6dbe85459","0x46abfe1c972fca43766d6ad70e1c1df72f4bb4d1","","0","0","0","0.002104118929524435","7.12971089523576","1574.56","","","Exec Transaction"
"0x2000b74295b018c3a6eaf5d713902fd4df79b13f6579c7689a8fd654df974463","15632719","1664378735","2022-09-28 15:25:35","0xf68d2bfcecd7895bba05a7451dd09a1749026454","0x46abfe1c972fca43766d6ad70e1c1df72f4bb4d1","","0","0","0","0.004687861120267615","15.8846033061821","1337.15","","","Exec Transaction"
"0x608891632e5476975044de792fea94462e3dbad2a44d22a0ecaf59f624fd88ff","15676332","1664905379","2022-10-04 17:42:59","0x98ab20307fdaba1ce8b16d69d22461c6dbe85459","0x46abfe1c972fca43766d6ad70e1c1df72f4bb4d1","","0","0","0","0.00161695260040184","5.47897003843333","1361.90","","","Exec Transaction"
"0x23b860366d14daaf3abf41d4ee9a12fd479af778dfe8f62021a64ae2acf32393","15676351","1664905607","2022-10-04 17:46:47","0x98ab20307fdaba1ce8b16d69d22461c6dbe85459","0x46abfe1c972fca43766d6ad70e1c1df72f4bb4d1","","0","0","0","0.002476359607386704","8.39103143152521","1361.90","","","Exec Transaction"
"0x38e7e1634fc8fc37bd483ef1d88a5d9848c20b5094c9c5af7b1c3f39ffbc43c3","15690560","1665077435","2022-10-06 17:30:35","0x98ab20307fdaba1ce8b16d69d22461c6dbe85459","0x46abfe1c972fca43766d6ad70e1c1df72f4bb4d1","","0","0","0","0.001096545233636352","3.71559344373321","1352.40","","","Exec Transaction"
"0x11230c53384ea8f6de92c268b73fdac44deca4d7e312a3bfe8d2d2527e06e439","15698093","1665168503","2022-10-07 18:48:23","0x98ab20307fdaba1ce8b16d69d22461c6dbe85459","0x46abfe1c972fca43766d6ad70e1c1df72f4bb4d1","","0","0","0","0.000829476","2.81064154290614","1331.14","","","Exec Transaction"
"0xc6738e58218a31ac03c8e9a65d83cd9f4ff1385ff0ffcfa873ae42fcaae3afe7","15698133","1665168983","2022-10-07 18:56:23","0x98ab20307fdaba1ce8b16d69d22461c6dbe85459","0x46abfe1c972fca43766d6ad70e1c1df72f4bb4d1","","0","0","0","0.00138246","4.68440257151023","1331.14","","","Exec Transaction"
"0xecc4904cccffda3418cba0d791b54e989a046d1356ed74035f8783f7f72cbb81","15747071","1665759227","2022-10-14 14:53:47","0x9a29bbafeb9d443ccdd3c4f8ebd426aacb20ef33","0x46abfe1c972fca43766d6ad70e1c1df72f4bb4d1","","0","0","0","0.001760742380964086","5.96619514282888","1296.63","","","Exec Transaction"
"0xfcbc311af0b2154ce2483e8613fc7473b357c5e28dd0cd89821363e95b7054be","15793567","1666320167","2022-10-21 02:42:47","0x9a29bbafeb9d443ccdd3c4f8ebd426aacb20ef33","0x46abfe1c972fca43766d6ad70e1c1df72f4bb4d1","","0","0","0","0.001965912","6.66140302660679","1299.88","","","Exec Transaction"
"0xb8d8e525544aa740fe99b8cd8453e4b3323ee5fb0580a8dbaab64404d9a6f908","15793572","1666320227","2022-10-21 02:43:47","0x9a29bbafeb9d443ccdd3c4f8ebd426aacb20ef33","0x46abfe1c972fca43766d6ad70e1c1df72f4bb4d1","","0","0","0","0.001779030795771463","6.02816460115138","1299.88","","","Exec Transaction"
"0x32f899a452bcf0fe83793f9c0fa13ab5a9a89d3b8935b0409c036e68ec78903c","15793578","1666320299","2022-10-21 02:44:59","0x9a29bbafeb9d443ccdd3c4f8ebd426aacb20ef33","0x46abfe1c972fca43766d6ad70e1c1df72f4bb4d1","","0","0","0","0.001802086","6.10628610772289","1299.88","","","Exec Transaction"
"0xe446c6a5ed8501be809b913df459655299751eab54675f008c10f315b8af9007","15793582","1666320347","2022-10-21 02:45:47","0x9a29bbafeb9d443ccdd3c4f8ebd426aacb20ef33","0x46abfe1c972fca43766d6ad70e1c1df72f4bb4d1","","0","0","0","0.001883447","6.3819741403753","1299.88","","","Exec Transaction"
"0x15443fd35128e39136066cc3ca0dd8cc76da1f7dd7b64a134ce35f1f502a65dc","15793588","1666320419","2022-10-21 02:46:59","0x9a29bbafeb9d443ccdd3c4f8ebd426aacb20ef33","0x46abfe1c972fca43766d6ad70e1c1df72f4bb4d1","","0","0","0","0.00163802","5.55035595980006","1299.88","","","Exec Transaction"
"0xd0eede11e93c642f97dde8d3b7ae95837780192ba54a7e17f051fc6fcdddb19e","15793593","1666320479","2022-10-21 02:47:59","0x9a29bbafeb9d443ccdd3c4f8ebd426aacb20ef33","0x46abfe1c972fca43766d6ad70e1c1df72f4bb4d1","","0","0","0","0.001614263435766254","5.46985792688279","1299.88","","","Exec Transaction"
"0x605200c2830ed9ca9f348e8e43875e65b412b193e42543d50237b630d56cd31d","15818118","1666616363","2022-10-24 12:59:23","0x9a29bbafeb9d443ccdd3c4f8ebd426aacb20ef33","0x46abfe1c972fca43766d6ad70e1c1df72f4bb4d1","","0","0","0","0.001305855789045015","4.424832701289","1343.83","","","Exec Transaction"
"0x9effa54456ed7eaf4d73a0a44f091ab26ca0e58f276ac53ab0d2435a993b9442","15832341","1666788431","2022-10-26 12:47:11","0x9a29bbafeb9d443ccdd3c4f8ebd426aacb20ef33","0x46abfe1c972fca43766d6ad70e1c1df72f4bb4d1","","0","0","0","0.001110367645076408","3.7624300536129","1566.85","","","Exec Transaction"
"0xbc3c4260e964efc6c947361d353884d1b005cca3a688db2fa976fec6704c6192","15832346","1666788491","2022-10-26 12:48:11","0x9a29bbafeb9d443ccdd3c4f8ebd426aacb20ef33","0x46abfe1c972fca43766d6ad70e1c1df72f4bb4d1","","0","0","0","0.001193799923157465","4.04513651744538","1566.85","","","Exec Transaction"
"0xc696672c8ffea9871847fbc072760d954a663167bc930bca2efb2924992de684","15847559","1666972115","2022-10-28 15:48:35","0x9a29bbafeb9d443ccdd3c4f8ebd426aacb20ef33","0x46abfe1c972fca43766d6ad70e1c1df72f4bb4d1","","0","0","0","0.001866409833223559","6.32424447885973","1555.12","","","Exec Transaction"
"0x856ccb024e80b32dabf1de7c324574d2161a07e3f5071f8ac1d2741fbe8fa97d","15847632","1666972991","2022-10-28 16:03:11","0x9a29bbafeb9d443ccdd3c4f8ebd426aacb20ef33","0x46abfe1c972fca43766d6ad70e1c1df72f4bb4d1","","0","0","0","0.003073147018357065","10.4132183176518","1555.12","","","Exec Transaction"
"0xda0f8aea0e161e15c9be298f19348d1c875502342d940a20dcd37cd9921e138a","15872548","1667273723","2022-11-01 03:35:23","0x98ab20307fdaba1ce8b16d69d22461c6dbe85459","0x46abfe1c972fca43766d6ad70e1c1df72f4bb4d1","","0","0","0","0.000881396254269258","2.98657095324161","1578.51","","","Exec Transaction"
"0xfe99af7129ec4416a3aa8720c6a14e527fc715091bbf0b5daafe3a9c60faff5e","15878161","1667341715","2022-11-01 22:28:35","0x98ab20307fdaba1ce8b16d69d22461c6dbe85459","0x46abfe1c972fca43766d6ad70e1c1df72f4bb4d1","","0","0","0","0.000968744039454464","3.28254493407093","1578.51","","","Exec Transaction"
"0x790410cb4962ce10ba24171f0e40e3b33691f21b1cc30d52971c525381ca185e","15879194","1667354183","2022-11-02 01:56:23","0x9a29bbafeb9d443ccdd3c4f8ebd426aacb20ef33","0x46abfe1c972fca43766d6ad70e1c1df72f4bb4d1","","0","0","0","0.000893293613845278","3.02688461279928","1518.33","","","Exec Transaction"
"0xc55d124e235b599a8bc3e754cd4326959244569c862d881c9ec988b8596b1e78","15879650","1667359703","2022-11-02 03:28:23","0x9a29bbafeb9d443ccdd3c4f8ebd426aacb20ef33","0x46abfe1c972fca43766d6ad70e1c1df72f4bb4d1","","0","0","0","0.000867815","2.94055149342126","1518.33","","","Exec Transaction"
"0xc81cabe49c30cd0926ab2c414db33d74b555910e0c008266bff004ab1e064455","15904562","1667660327","2022-11-05 14:58:47","0x9a29bbafeb9d443ccdd3c4f8ebd426aacb20ef33","0x46abfe1c972fca43766d6ad70e1c1df72f4bb4d1","","0","0","0","0.001336865881893993","4.52990898464224","1627.42","","","Exec Transaction"
"0x5e5eaf4a3c07a0752f09a1a92830a97a273f0fb9430a21bbe2a4016a98e241ee","15940531","1668094331","2022-11-10 15:32:11","0x9a29bbafeb9d443ccdd3c4f8ebd426aacb20ef33","0x46abfe1c972fca43766d6ad70e1c1df72f4bb4d1","","0","0","0","0.00417908808701954","14.1606491192527","1296.01","","","Exec Transaction"
"0xf49f175480a6832bccbe1430431ed28653d9762854c58d01cff5572555370f78","15940551","1668094583","2022-11-10 15:36:23","0x9a29bbafeb9d443ccdd3c4f8ebd426aacb20ef33","0x46abfe1c972fca43766d6ad70e1c1df72f4bb4d1","","0","0","0","0.004335873377650579","14.6919089159969","1296.01","","","Exec Transaction"
"0x8882d2b4ef7f8487ce5792af44cdec377c82559773baf45914dbf707398725d7","15940556","1668094643","2022-11-10 15:37:23","0x9a29bbafeb9d443ccdd3c4f8ebd426aacb20ef33","0x46abfe1c972fca43766d6ad70e1c1df72f4bb4d1","","0","0","0","0.004145480615443712","14.0467717367087","1296.01","","","Exec Transaction"
"0x203893edd6114d5021728c1b8b0181ce3362c695057404c3db6f04823c603087","15940562","1668094715","2022-11-10 15:38:35","0x9a29bbafeb9d443ccdd3c4f8ebd426aacb20ef33","0x46abfe1c972fca43766d6ad70e1c1df72f4bb4d1","","0","0","0","0.004202825436595578","14.2410820441799","1296.01","","","Exec Transaction"
"0x83cdbbf7f44d9751eb83feaa7c1240ffa5a3ec13c7cb33e0a334e4541fac2af9","15940568","1668094787","2022-11-10 15:39:47","0x9a29bbafeb9d443ccdd3c4f8ebd426aacb20ef33","0x46abfe1c972fca43766d6ad70e1c1df72f4bb4d1","","0","0","0","0.004273641547247215","14.4810392008722","1296.01","","","Exec Transaction"
"0x26d3db9425dd3f8c643a0dca1262925a60515361bbf3cafe1c8f81b29db8c291","15965059","1668390119","2022-11-14 01:41:59","0x585639fbf797c1258eba8875c080eb63c833d252","0x46abfe1c972fca43766d6ad70e1c1df72f4bb4d1","","0","0","0","0.00154498538184276","5.23511240516901","1241.39","","","Exec Transaction"
"0xca927372a645c8b2965ea0987011b1cf4eeb5f1ed82d3f736be0bc950a3dec31","15965173","1668391499","2022-11-14 02:04:59","0x585639fbf797c1258eba8875c080eb63c833d252","0x46abfe1c972fca43766d6ad70e1c1df72f4bb4d1","","0","0","0","0.052054208194203908","176.383307092327","1241.39","","","Exec Transaction"
"0x0fe61d1179fa8c287f35af698ce917304fd4184b4a32632460a31fea770d9629","15965231","1668392195","2022-11-14 02:16:35","0x585639fbf797c1258eba8875c080eb63c833d252","0x46abfe1c972fca43766d6ad70e1c1df72f4bb4d1","","0","0","0","0.001232804747718778","4.17730258407756","1241.39","","","Exec Transaction"
"0xdb780f117ab80109619a7d11c1a02bf7766642857f5bc8bdd49c7ae5b9630219","15965233","1668392219","2022-11-14 02:16:59","0x585639fbf797c1258eba8875c080eb63c833d252","0x46abfe1c972fca43766d6ad70e1c1df72f4bb4d1","","0","0","0","0.001129881777663964","3.82855280065364","1241.39","","","Exec Transaction"
"0x4e9270638c11a8ebaa278e3eca66610906019ed0ebdc8620a6737cdafd9de7f5","15965257","1668392519","2022-11-14 02:21:59","0x9a29bbafeb9d443ccdd3c4f8ebd426aacb20ef33","0x46abfe1c972fca43766d6ad70e1c1df72f4bb4d1","","0","0","0","0.001228799425472646","4.16373073257408","1241.39","","","Exec Transaction"
"0x815fd8c00ac45b9b7ee5fa35eebbe6f8c2c21ba925efbd2db2b14fc1268b5f75","15965438","1668394703","2022-11-14 02:58:23","0x9a29bbafeb9d443ccdd3c4f8ebd426aacb20ef33","0x46abfe1c972fca43766d6ad70e1c1df72f4bb4d1","","0","0","0","0.001078646422074834","3.65494413821569","1241.39","","","Exec Transaction"
"0xa6be919ff5f7c3cab74d428c85ffc8648f1e902ab0e6ca073358ac065d9c98a4","15975871","1668520571","2022-11-15 13:56:11","0x9a29bbafeb9d443ccdd3c4f8ebd426aacb20ef33","0x46abfe1c972fca43766d6ad70e1c1df72f4bb4d1","","0","0","0","0.001358530668461239","4.6033191244704","1252.00","","","Exec Transaction"
"0x34b7da642991c5233e1878056713a7d379510586b6c1e20425a42826360ec532","15975878","1668520655","2022-11-15 13:57:35","0x9a29bbafeb9d443ccdd3c4f8ebd426aacb20ef33","0x46abfe1c972fca43766d6ad70e1c1df72f4bb4d1","","0","0","0","0.00123098145313247","4.17112443364376","1252.00","","","Exec Transaction"
"0xe54ae0097ff7dd286a31f7f65d3da34759cd9020f7720e45db6f6e036989fe83","15975882","1668520703","2022-11-15 13:58:23","0x9a29bbafeb9d443ccdd3c4f8ebd426aacb20ef33","0x46abfe1c972fca43766d6ad70e1c1df72f4bb4d1","","0","0","0","0.001356521870828176","4.59651240543479","1252.00","","","Exec Transaction"
"0xd029cc89a9b87532fb0d2b18225f7d51f9daef3956597ed10264c8404f0cbcc6","16048478","1669397195","2022-11-25 17:26:35","0xbbff7c2df218839895695c6d13bbfd4acdf8191d","0x46abfe1c972fca43766d6ad70e1c1df72f4bb4d1","","0","0","0","0.000934942277047961","3.16800920592068","1198.40","","","Exec Transaction"
"0xa06c7f804a1b96c782b4397290638fa8a4385a00635146b542e4bad432d4b517","16080310","1669781195","2022-11-30 04:06:35","0x9a29bbafeb9d443ccdd3c4f8ebd426aacb20ef33","0x46abfe1c972fca43766d6ad70e1c1df72f4bb4d1","","0","0","0","0.000977382321821386","3.31181535935126","1294.92","","","Exec Transaction"
"0x663048e394ea8ce68a59dbf35c7fc5e9773a9669168ebf8b1ad5d4e03c1316a0","16094132","1669948055","2022-12-02 02:27:35","0x9a29bbafeb9d443ccdd3c4f8ebd426aacb20ef33","0x46abfe1c972fca43766d6ad70e1c1df72f4bb4d1","","0","0","0","0.000923911748615505","3.13063276410383","1295.61","","","Exec Transaction"
"0xfdd4761a5c4b9d98a72d83bafe03bb57f643f8c15ba667fd393ef72f69ecd956","16094136","1669948103","2022-12-02 02:28:23","0x9a29bbafeb9d443ccdd3c4f8ebd426aacb20ef33","0x46abfe1c972fca43766d6ad70e1c1df72f4bb4d1","","0","0","0","0.000901043","3.05314305386145","1295.61","","","Exec Transaction"
"0x03e5fc7c4d311f96ae81378a0bba75afea38a63a11d2c70cdacf249ca8dd7d28","16094142","1669948175","2022-12-02 02:29:35","0x9a29bbafeb9d443ccdd3c4f8ebd426aacb20ef33","0x46abfe1c972fca43766d6ad70e1c1df72f4bb4d1","","0","0","0","0.00089840437584924","3.0442021964355","1295.61","","","Exec Transaction"
"0x7382e24609935cef69b0bd16dc8cd866b1f58bc8e14a8437f794138f041c313c","16154230","1670674403","2022-12-10 12:13:23","0xbbff7c2df218839895695c6d13bbfd4acdf8191d","0x46abfe1c972fca43766d6ad70e1c1df72f4bb4d1","","0","0","0","0.001317338897942639","4.46374269134221","1266.34","","","Exec Transaction"
"0xd0fcb4cc384a0766739dfd9f842a5582c8b2814c56d9b915b510cbfcce682695","16154235","1670674463","2022-12-10 12:14:23","0xbbff7c2df218839895695c6d13bbfd4acdf8191d","0x46abfe1c972fca43766d6ad70e1c1df72f4bb4d1","","0","0","0","0.00120334927230011","4.07749405088581","1266.34","","","Exec Transaction"
"0x658a95273746389a8bd481ded38daa4c688ceced76e1e63214758e35e84379c2","16169229","1670855375","2022-12-12 14:29:35","0x9a29bbafeb9d443ccdd3c4f8ebd426aacb20ef33","0x46abfe1c972fca43766d6ad70e1c1df72f4bb4d1","","0","0","0","0.001638193843702767","5.55094502124725","1275.37","","","Exec Transaction"
"0x229c2e35229b52d7eee9ca3280b5f98b3a0bc0023e447a437208da1418c19e5a","16169235","1670855447","2022-12-12 14:30:47","0x9a29bbafeb9d443ccdd3c4f8ebd426aacb20ef33","0x46abfe1c972fca43766d6ad70e1c1df72f4bb4d1","","0","0","0","0.001688112790432171","5.72009309238587","1275.37","","","Exec Transaction"
"0xf8a73ebfe666556b39fa09a4dfe83b5a87d3c97e4369ff613757c58426733eaf","16169242","1670855531","2022-12-12 14:32:11","0x9a29bbafeb9d443ccdd3c4f8ebd426aacb20ef33","0x46abfe1c972fca43766d6ad70e1c1df72f4bb4d1","","0","0","0","0.001699174009317967","5.75757352740219","1275.37","","","Exec Transaction"
"0x38b8809db30072085c69fa68aca0532eadc55c3a32657cdc8d1fa5041a645312","16169248","1670855603","2022-12-12 14:33:23","0x9a29bbafeb9d443ccdd3c4f8ebd426aacb20ef33","0x46abfe1c972fca43766d6ad70e1c1df72f4bb4d1","","0","0","0","0.001624217603917333","5.50358717104476","1275.37","","","Exec Transaction"
"0xcb1ace43e297e3354f21e71b76addc91a3aec9d5138a94317bd3a4ac2a56accc","16170987","1670876651","2022-12-12 20:24:11","0xf68d2bfcecd7895bba05a7451dd09a1749026454","0x46abfe1c972fca43766d6ad70e1c1df72f4bb4d1","","0","0","0","0.001720173","5.82872764828094","1275.37","","","Exec Transaction"
"0x06523631fdedb3fd503d70d7e073c2cef66c602e7ca13d8187ba8cab144e8b7d","16189620","1671101591","2022-12-15 10:53:11","0x9a29bbafeb9d443ccdd3c4f8ebd426aacb20ef33","0x46abfe1c972fca43766d6ad70e1c1df72f4bb4d1","","0","0","0","0.001015603879140756","3.4413273607068","1266.59","","","Exec Transaction"
"0xb7f289a961af6c2985e11c402424b33baef1549edb8f7cc242a4f111a4d826d9","16215781","1671417239","2022-12-19 02:33:59","0x9a29bbafeb9d443ccdd3c4f8ebd426aacb20ef33","0x46abfe1c972fca43766d6ad70e1c1df72f4bb4d1","","0","0","0","0.000961962324263013","3.2595654018732","1167.68","","","Exec Transaction"
"0x6a330ade4e8f9610c82cdf276f993314260b1c648c77f636c8c58c94b69d169c","16226243","1671543347","2022-12-20 13:35:47","0x9a29bbafeb9d443ccdd3c4f8ebd426aacb20ef33","0x46abfe1c972fca43766d6ad70e1c1df72f4bb4d1","","0","0","0","0.001149950360004599","3.89655427536034","1217.55","","","Exec Transaction"
"0x0cfc6764d31f4db565e76498e598cf776c43a1696fd5a728f8a9d0b2fc5222a2","16232921","1671623831","2022-12-21 11:57:11","0x9a29bbafeb9d443ccdd3c4f8ebd426aacb20ef33","0x46abfe1c972fca43766d6ad70e1c1df72f4bb4d1","","0","0","0","0.001993522020686592","6.75495832072288","1213.84","","","Exec Transaction"
"0x9399cde86e8a9e108f6450a6ce06eda50ab3b5c47bd54960ef7fe2cf6bbcef46","16240368","1671713603","2022-12-22 12:53:23","0xbbff7c2df218839895695c6d13bbfd4acdf8191d","0x46abfe1c972fca43766d6ad70e1c1df72f4bb4d1","","0","0","0","0.00163826","5.55116918883899","1217.51","","","Exec Transaction"
"0x8d66a19899da076c376d0505a2b1223bd48866019cfd999fe02a177242ed5c9d","16315950","1672624667","2023-01-02 01:57:47","0x9a29bbafeb9d443ccdd3c4f8ebd426aacb20ef33","0x46abfe1c972fca43766d6ad70e1c1df72f4bb4d1","","0","0","0","0.001064713","3.60773137387004","1213.98","","","Exec Transaction"
"0x904aaa6e2f7c5dbd842fff09692a2498831aff3ced21db2428618bcad059caf4","16320547","1672680071","2023-01-02 17:21:11","0x9a29bbafeb9d443ccdd3c4f8ebd426aacb20ef33","0x46abfe1c972fca43766d6ad70e1c1df72f4bb4d1","","0","0","0","0.001474218","4.99532036382005","1213.98","","","Exec Transaction"
"0xa6243872688305becabb6cbe2b09eb2b3ae9af5399c1ce816539b0106c7bbe77","16330390","1672798727","2023-01-04 02:18:47","0x9a29bbafeb9d443ccdd3c4f8ebd426aacb20ef33","0x46abfe1c972fca43766d6ad70e1c1df72f4bb4d1","","0","0","0","0.001228695","4.16337689162924","1256.42","","","Exec Transaction"
"0x384ab99524203d979eb28a081cfa6e2eb0d0f861b4df551e45df05ff7aeab069","16366355","1673232527","2023-01-09 02:48:47","0xf68d2bfcecd7895bba05a7451dd09a1749026454","0x46abfe1c972fca43766d6ad70e1c1df72f4bb4d1","","0","0","0","0.001779042800450142","6.02820527845682","1320.11","","","Exec Transaction"
"0x7a47621b477b1e91428a478730d317aea4adce63881cc89f033c3bcb8c6ef4cb","16366595","1673235407","2023-01-09 03:36:47","0x9a29bbafeb9d443ccdd3c4f8ebd426aacb20ef33","0x46abfe1c972fca43766d6ad70e1c1df72f4bb4d1","","0","0","0","0.001451590209280667","4.91864712840403","1320.11","","","Exec Transaction"
"0xd169021e09c9cbc2100e2ec5798a0b05c3b5e26fac09b65a34ea49fddaa80fb8","16366601","1673235479","2023-01-09 03:37:59","0x9a29bbafeb9d443ccdd3c4f8ebd426aacb20ef33","0x46abfe1c972fca43766d6ad70e1c1df72f4bb4d1","","0","0","0","0.001400290846388273","4.74482158014226","1320.11","","","Exec Transaction"
"0x7dc4acc76e7b7162eb94a9ff9465df50d2dc5f4ac525a8f4c85362044081c57b","16454223","1674292631","2023-01-21 09:17:11","0x9a29bbafeb9d443ccdd3c4f8ebd426aacb20ef33","0x46abfe1c972fca43766d6ad70e1c1df72f4bb4d1","","0","0","0","0.001330595295740539","4.50866138984593","1626.68","","","Exec Transaction"
"0xfad7005202667c013618a983b680cd9e0654dc40af96c5f9e91bfde1aa8d23ab","16454235","1674292775","2023-01-21 09:19:35","0x9a29bbafeb9d443ccdd3c4f8ebd426aacb20ef33","0x46abfe1c972fca43766d6ad70e1c1df72f4bb4d1","","0","0","0","0.001321495107779886","4.47782581855699","1626.68","","","Exec Transaction"
"0x987cced84b7d6510ca8f5ac32936b67fe90ae3a42f02d505bf93df08e22941f6","16454239","1674292823","2023-01-21 09:20:23","0x9a29bbafeb9d443ccdd3c4f8ebd426aacb20ef33","0x46abfe1c972fca43766d6ad70e1c1df72f4bb4d1","","0","0","0","0.001267106600458101","4.29353284548089","1626.68","","","Exec Transaction"
"0x29d690245cab10dd45c6f0d1333a88e679fc977098e5dc911387c7997f05e423","16454243","1674292871","2023-01-21 09:21:11","0x9a29bbafeb9d443ccdd3c4f8ebd426aacb20ef33","0x46abfe1c972fca43766d6ad70e1c1df72f4bb4d1","","0","0","0","0.001311534482310845","4.44407469406801","1626.68","","","Exec Transaction"
"0x0a4020718e39fb39bb47395215d2ba3d1ac2adc568f47094c1b6e00e8419b431","16454249","1674292943","2023-01-21 09:22:23","0x9a29bbafeb9d443ccdd3c4f8ebd426aacb20ef33","0x46abfe1c972fca43766d6ad70e1c1df72f4bb4d1","","0","0","0","0.001300771336340814","4.40760426551344","1626.68","","","Exec Transaction"
"0x84f268ff2524ab15d4673085581e7f3b6fea43d20b80c2bf34dcc55d76babda9","16470615","1674490271","2023-01-23 16:11:11","0xbbff7c2df218839895695c6d13bbfd4acdf8191d","0x46abfe1c972fca43766d6ad70e1c1df72f4bb4d1","","0","0","0","0.001844419835645124","6.24973237637291","1626.47","","","Exec Transaction"
"0x4b3b116fac288469ac967bad14d39e6cf0777269fa3db6958e7b0042d098fe19","16477131","1674568883","2023-01-24 14:01:23","0xf68d2bfcecd7895bba05a7451dd09a1749026454","0x46abfe1c972fca43766d6ad70e1c1df72f4bb4d1","","0","0","0","0.003527779138942914","11.953718494701","1556.12","","","Exec Transaction"
"0xee3eff07f092051b2d4d8c416abd21c4f17c1cd234f28845a0a857b27149fbb2","16483952","1674651119","2023-01-25 12:51:59","0x9a29bbafeb9d443ccdd3c4f8ebd426aacb20ef33","0x46abfe1c972fca43766d6ad70e1c1df72f4bb4d1","","0","0","0","0.001310608","4.44093535107119","1610.94","","","Exec Transaction"
"0x17346ffbcc346c40ae8f0accd0252f5fbe6fc8ff47e37c4fb1d3b35bcd44ef02","16483968","1674651311","2023-01-25 12:55:11","0x9a29bbafeb9d443ccdd3c4f8ebd426aacb20ef33","0x46abfe1c972fca43766d6ad70e1c1df72f4bb4d1","","0","0","0","0.001146446","3.88467991153279","1610.94","","","Exec Transaction"
"0x21340352032667f863b00b299e8ff04812cee12fe5a384e5a0b898126021c9b0","16483972","1674651359","2023-01-25 12:55:59","0x9a29bbafeb9d443ccdd3c4f8ebd426aacb20ef33","0x46abfe1c972fca43766d6ad70e1c1df72f4bb4d1","","0","0","0","0.001228695","4.16337689162924","1610.94","","","Exec Transaction"
"0xc8d13dfc7e5b897e5c4fe249b0f4ce07ab0b2f99d88021bbef33535eb90ae6d0","16483980","1674651455","2023-01-25 12:57:35","0x9a29bbafeb9d443ccdd3c4f8ebd426aacb20ef33","0x46abfe1c972fca43766d6ad70e1c1df72f4bb4d1","","0","0","0","0.001278338483563462","4.33159156841078","1610.94","","","Exec Transaction"
"0x982d739ff98ebed0e14e6feca5dbad6a9d226421b93f3bd85b2eb854cf46020e","16484737","1674660599","2023-01-25 15:29:59","0x9a29bbafeb9d443ccdd3c4f8ebd426aacb20ef33","0x46abfe1c972fca43766d6ad70e1c1df72f4bb4d1","","0","0","0","0.001769165949289323","5.99473801938519","1610.94","","","Exec Transaction"
"0xd27bc593a0ec273daf5c737fee76822483533ea2f3817cc5c2abcb30e9c6b1ea","16484747","1674660719","2023-01-25 15:31:59","0x9a29bbafeb9d443ccdd3c4f8ebd426aacb20ef33","0x46abfe1c972fca43766d6ad70e1c1df72f4bb4d1","","0","0","0","0.001847907778172014","6.26155111032706","1610.94","","","Exec Transaction"
"0xb0cc02cdd65964a2e539b80fa17958265baa2c0ffaf9ba8afde36a2a8d9dc7c5","16484850","1674661955","2023-01-25 15:52:35","0xf68d2bfcecd7895bba05a7451dd09a1749026454","0x46abfe1c972fca43766d6ad70e1c1df72f4bb4d1","","0","0","0","0.00123772","4.19395769194743","1610.94","","","Exec Transaction"
"0x7a982a288ef7197bb9d4168e5776d507517ea5dc15f5a404781b0b12b1bd330e","16485733","1674672611","2023-01-25 18:50:11","0x9a29bbafeb9d443ccdd3c4f8ebd426aacb20ef33","0x46abfe1c972fca43766d6ad70e1c1df72f4bb4d1","","0","0","0","0.00111438","3.77602573502277","1610.94","","","Exec Transaction"
"0xc819fe69d4d68357502bd56848ec9831c6d55fc4181fd2a9a215e5ad8a8266bb","16491411","1674741191","2023-01-26 13:53:11","0x9a29bbafeb9d443ccdd3c4f8ebd426aacb20ef33","0x46abfe1c972fca43766d6ad70e1c1df72f4bb4d1","","0","0","0","0.001274671569987244","4.3191663992298","1601.35","","","Exec Transaction"
"0x8b09dd33f0bbb00ed122ff4edee521650444a231d28a8cb9a70668ce3e0becb1","16491415","1674741239","2023-01-26 13:53:59","0x9a29bbafeb9d443ccdd3c4f8ebd426aacb20ef33","0x46abfe1c972fca43766d6ad70e1c1df72f4bb4d1","","0","0","0","0.001288754209237248","4.3668847791586","1601.35","","","Exec Transaction"
"0x492a743398b3f582678cc2c65db07d67b6f54a8b3a7317614126b449fdee77d4","16538449","1675308635","2023-02-02 03:30:35","0xd23199f1222c418ffc74c385171330b21b16e452","0x46abfe1c972fca43766d6ad70e1c1df72f4bb4d1","","0","0","0","0.001675498506282328","5.67735016665255","1642.74","","","Exec Transaction"
"0x88333040b2c73d77f6dfa8cdb85148fe432ec47e173c91e5dbd3777ee754ea6b","16592169","1675957451","2023-02-09 15:44:11","0x9a29bbafeb9d443ccdd3c4f8ebd426aacb20ef33","0x46abfe1c972fca43766d6ad70e1c1df72f4bb4d1","","0","0","0","0.003001593429651165","10.170762250254","1545.78","","","Exec Transaction"
"0x9516a1d9a06577bb9c0ba40ced323f44e17cb4f1cd6034e9820a8e11abd53b8b","16592177","1675957547","2023-02-09 15:45:47","0x9a29bbafeb9d443ccdd3c4f8ebd426aacb20ef33","0x46abfe1c972fca43766d6ad70e1c1df72f4bb4d1","","0","0","0","0.00315343192451418","10.6852600554639","1545.78","","","Exec Transaction"
"0x92ae9babc0074f2992a2c94cc58668d8eb813e96d848553b6a76177cdd460497","16592184","1675957631","2023-02-09 15:47:11","0x9a29bbafeb9d443ccdd3c4f8ebd426aacb20ef33","0x46abfe1c972fca43766d6ad70e1c1df72f4bb4d1","","0","0","0","0.003089158821715096","10.4674735820535","1545.78","","","Exec Transaction"
"0xa7f8200c81affe5e5ca2534cbd3c0267276b8ad9ca3a1646e4531fab82c4c006","16620954","1676304791","2023-02-13 16:13:11","0x9a29bbafeb9d443ccdd3c4f8ebd426aacb20ef33","0x46abfe1c972fca43766d6ad70e1c1df72f4bb4d1","","0","0","0","0.003090697066843139","10.4726858554165","1506.37","","","Exec Transaction"
"0x19d24ee6cc0fd285578fc9c8831cc15d3462c11811c2211589df5cd5d85dd6cc","16620968","1676304959","2023-02-13 16:15:59","0x9a29bbafeb9d443ccdd3c4f8ebd426aacb20ef33","0x46abfe1c972fca43766d6ad70e1c1df72f4bb4d1","","0","0","0","0.003470791143987612","11.7606172765002","1506.37","","","Exec Transaction"
"0xe30204dd60dd92005614a832f2579b0be7a661871cfcd8e43548678167df773b","16621071","1676306219","2023-02-13 16:36:59","0xf68d2bfcecd7895bba05a7451dd09a1749026454","0x46abfe1c972fca43766d6ad70e1c1df72f4bb4d1","","0","0","0","0.003116130225858013","10.5588649531777","1506.37","","","Exec Transaction"
"0x89536eeec9803db55ef44d7075d7ae509be910dba9f1424c80595203cea81f08","16621141","1676307059","2023-02-13 16:50:59","0xf68d2bfcecd7895bba05a7451dd09a1749026454","0x46abfe1c972fca43766d6ad70e1c1df72f4bb4d1","","0","0","0","0.002538931","8.60305173769009","1506.37","","","Exec Transaction"
"0xc8fbb97f87fe3bf4dc11e5ca64b546041a7635f3ddafb81a040821765ad86cb4","16634842","1676472575","2023-02-15 14:49:35","0xbbff7c2df218839895695c6d13bbfd4acdf8191d","0x46abfe1c972fca43766d6ad70e1c1df72f4bb4d1","","0","0","0","0.003257934969618758","11.0393638510302","1675.34","","","Exec Transaction"
"0xa0b8f885cc6fb41593841b994b41d7f1a1f52ccc331b627dc1840ab5d134379c","16670225","1676901767","2023-02-20 14:02:47","0xf68d2bfcecd7895bba05a7451dd09a1749026454","0x46abfe1c972fca43766d6ad70e1c1df72f4bb4d1","","0","0","0","0.005984091117170361","20.2768194504176","1703.53","","","Exec Transaction"
"0x42ff0e18f71a51e85557246ddf77dd180ff018a88ff02ae4cfb5c946991a6079","16670258","1676902175","2023-02-20 14:09:35","0xf68d2bfcecd7895bba05a7451dd09a1749026454","0x46abfe1c972fca43766d6ad70e1c1df72f4bb4d1","","0","0","0","0.005107198357400451","17.3055083826075","1703.53","","","Exec Transaction"
"0x547d4e4b0e52980a9ea14970b3bd5ab9aca85f8818001940a47ebfb133d9ed3e","16698498","1677245435","2023-02-24 13:30:35","0xd23199f1222c418ffc74c385171330b21b16e452","0x46abfe1c972fca43766d6ad70e1c1df72f4bb4d1","","0","0","0","0.002786346996449539","9.44140954189491","1607.86","","","Exec Transaction"
"0x7ad14715a83c34c7d5727ba479438a91e391eeb09b9c2668f796bb532f814c18","16698506","1677245531","2023-02-24 13:32:11","0xd23199f1222c418ffc74c385171330b21b16e452","0x46abfe1c972fca43766d6ad70e1c1df72f4bb4d1","","0","0","0","0.00272534503792075","9.23470719144757","1607.86","","","Exec Transaction"
"0x281f8bf999d5848f52665f42c8e43ae3a3069a5c29a6416400395c6d485ea66c","16698515","1677245639","2023-02-24 13:33:59","0xd23199f1222c418ffc74c385171330b21b16e452","0x46abfe1c972fca43766d6ad70e1c1df72f4bb4d1","","0","0","0","0.002599926002932585","8.80973051941736","1607.86","","","Exec Transaction"
"0x547ab272505598e242d90b52148c938eb20e66befec4c34ad2ea77518e25a4b0","16698521","1677245711","2023-02-24 13:35:11","0xd23199f1222c418ffc74c385171330b21b16e452","0x46abfe1c972fca43766d6ad70e1c1df72f4bb4d1","","0","0","0","0.002737779","9.2768391040802","1607.86","","","Exec Transaction"
"0x7a1d64fe642529f8dee8339948e861d25dffa14fec242704babbfbea77a144cb","16698527","1677245783","2023-02-24 13:36:23","0xd23199f1222c418ffc74c385171330b21b16e452","0x46abfe1c972fca43766d6ad70e1c1df72f4bb4d1","","0","0","0","0.002405927","8.15237375813108","1607.86","","","Exec Transaction"
"0xa9b5719ae4328e1054ba3d23e297a0608b4622c5a8a17f2ba6977e79a11feb43","16698541","1677245963","2023-02-24 13:39:23","0xd23199f1222c418ffc74c385171330b21b16e452","0x46abfe1c972fca43766d6ad70e1c1df72f4bb4d1","","0","0","0","0.0026552","8.99702393405521","1607.86","","","Exec Transaction"
"0x6c5ea4d2f6afd9c6199fefdf7a0b376749c8f62ba289d6db1eff2474caf03375","16726686","1677587663","2023-02-28 12:34:23","0xf68d2bfcecd7895bba05a7451dd09a1749026454","0x46abfe1c972fca43766d6ad70e1c1df72f4bb4d1","","0","0","0","0.002621886","8.88414096654274","1604.71","","","Exec Transaction"
"0x70aba030406be1b965444538c96e504c738528ead027fe193258c4a61f8e59eb","16727527","1677597839","2023-02-28 15:23:59","0x585639fbf797c1258eba8875c080eb63c833d252","0x46abfe1c972fca43766d6ad70e1c1df72f4bb4d1","","0","0","0","0.007330559798599038","24.8392670827126","1604.71","","","Exec Transaction"
"0x4de0ef67f47d73f07bd1a3215f500f235e36c32ac1e3904d3b8e60b718c91502","16727592","1677598619","2023-02-28 15:36:59","0x585639fbf797c1258eba8875c080eb63c833d252","0x46abfe1c972fca43766d6ad70e1c1df72f4bb4d1","","0","0","0","0.002998571462330051","10.160522452003","1604.71","","","Exec Transaction"
"0x274af273bebca4e956ea9c50bb7076bc8ed236cb6128521c50f256bb4b44554c","16751979","1677895211","2023-03-04 02:00:11","0x9a29bbafeb9d443ccdd3c4f8ebd426aacb20ef33","0x46abfe1c972fca43766d6ad70e1c1df72f4bb4d1","","0","0","0","0.001474434","4.99605226995509","1566.92","","","Exec Transaction"
"0xdaff7615ef79122cc9862ea5e82dc90ed9c874c2f000b14646735a173dd1d81c","16805235","1678542467","2023-03-11 13:47:47","0xbbff7c2df218839895695c6d13bbfd4acdf8191d","0x46abfe1c972fca43766d6ad70e1c1df72f4bb4d1","","0","0","0","0.003618030129853241","12.2595298555372","1483.07","","","Exec Transaction"
"0x1f5896f2e49dc9f8f13abd6fcb86c3fb7f92df60147b266109d0655f2b0c7cd1","16805238","1678542515","2023-03-11 13:48:35","0xbbff7c2df218839895695c6d13bbfd4acdf8191d","0x46abfe1c972fca43766d6ad70e1c1df72f4bb4d1","","0","0","0","0.003686085","12.4901306748877","1483.07","","","Exec Transaction"
"0x299035da0c845c290eba53db596720dbf29bdb97a474a345c5dfd01a930b74ad","16869028","1679317043","2023-03-20 12:57:23","0x9a29bbafeb9d443ccdd3c4f8ebd426aacb20ef33","0x46abfe1c972fca43766d6ad70e1c1df72f4bb4d1","","0","0","0","0.001556347","5.27361072939704","1738.45","","","Exec Transaction"
"0x765c2dee0837599c0667f03b415d77a64d403cbc0f42299cf40d61015c91c16d","16875519","1679395703","2023-03-21 10:48:23","0x93bb517cf3002c43e1aac9f160383943279c2e6e","0x46abfe1c972fca43766d6ad70e1c1df72f4bb4d1","","0","0","0","0.00039667782758576","1.34412470205563","1807.45","Error(0)","out of gas","0x47656172"
"0xb2892dcec344d9754d9a29cc55794f212e088721b7df3b035c099098db2f2931","16882124","1679475863","2023-03-22 09:04:23","0x9a29bbafeb9d443ccdd3c4f8ebd426aacb20ef33","0x46abfe1c972fca43766d6ad70e1c1df72f4bb4d1","","0","0","0","0.000982956","3.3307015133034","1738.86","","","Exec Transaction"
"0xa81f869aec0278f7661ca21fbcee7d5a0e1b974b3cef25e12adf8c2de8c8d0fe","16889845","1679569703","2023-03-23 11:08:23","0xf68d2bfcecd7895bba05a7451dd09a1749026454","0x46abfe1c972fca43766d6ad70e1c1df72f4bb4d1","","0","0","0","0.001828900989436482","6.19714747475794","1817.28","","","Exec Transaction"
"0xb7fdd6edb5d404e375aa6b5839a939d1dd28e975aa2790e019bfe94c471741a3","16890056","1679572259","2023-03-23 11:50:59","0xf68d2bfcecd7895bba05a7451dd09a1749026454","0x46abfe1c972fca43766d6ad70e1c1df72f4bb4d1","","0","0","0","0.0016807881617164","5.69527392250645","1817.28","","","Exec Transaction"
"0xc71f40eabf21bf602836006d400ca9f7b3cf324bcd5b91bb001dae14b7c8750b","16925937","1680007787","2023-03-28 12:49:47","0xd23199f1222c418ffc74c385171330b21b16e452","0x46abfe1c972fca43766d6ad70e1c1df72f4bb4d1","","0","0","0","0.001965912","6.66140302660679","1773.53","","","Exec Transaction"
"0xd9287360f5c0ad420b3bf6306d38f0f1728ff0e93db4be50c678ededd76f1eb0","16926082","1680009539","2023-03-28 13:18:59","0xd23199f1222c418ffc74c385171330b21b16e452","0x46abfe1c972fca43766d6ad70e1c1df72f4bb4d1","","0","0","0","0.002213459098168461","7.50020506299861","1773.53","","","Exec Transaction"
"0xe0acf4b1efe36487c5f152885cc236e06194d79713eb60cce275a6c992e135c7","16976010","1680617279","2023-04-04 14:07:59","0xd23199f1222c418ffc74c385171330b21b16e452","0x46abfe1c972fca43766d6ad70e1c1df72f4bb4d1","","0","0","0","0.00245667","8.32431409614169","1871.62","","","Exec Transaction"
"0xe1307b8db59350bf8152f63289448baedfa5d104eac36b351254c2a26ea2cd18","17025366","1681222367","2023-04-11 14:12:47","0x9a29bbafeb9d443ccdd3c4f8ebd426aacb20ef33","0x46abfe1c972fca43766d6ad70e1c1df72f4bb4d1","","0","0","0","0.002554560764847124","8.65601248204578","1891.58","","","Exec Transaction"
"0xb73e44e511e3eabc3aae5003cc00b1f92a57292aaaaec5e320bf7d1ced80c336","17025382","1681222559","2023-04-11 14:15:59","0x9a29bbafeb9d443ccdd3c4f8ebd426aacb20ef33","0x46abfe1c972fca43766d6ad70e1c1df72f4bb4d1","","0","0","0","0.003358433","11.3798968371199","1891.58","","","Exec Transaction"
"0xe1fec213433a397bd28ba86af17f6675168c310e6efa7fc5b162786e03359cdc","17029174","1681268975","2023-04-12 03:09:35","0x9a29bbafeb9d443ccdd3c4f8ebd426aacb20ef33","0x46abfe1c972fca43766d6ad70e1c1df72f4bb4d1","","0","0","0","0.00284802","9.6503856977508","1918.78","","","Exec Transaction"
"0x0753ea401efc18bd92c3f8459ee39cd63175cdca5a8dda9fa25375d8f928a001","17130913","1682518283","2023-04-26 14:11:23","0xd23199f1222c418ffc74c385171330b21b16e452","0x46abfe1c972fca43766d6ad70e1c1df72f4bb4d1","","0","0","0","0.006556900083844164","22.2177564731676","1866.80","","","Exec Transaction"
"0x34db77b5b31dd653cfa7bbbdfffd55373a0dabe0e3aac705db8f9de721a9058c","17131355","1682523623","2023-04-26 15:40:23","0xd23199f1222c418ffc74c385171330b21b16e452","0x46abfe1c972fca43766d6ad70e1c1df72f4bb4d1","","0","0","0","0.00293351665845784","9.94008722020746","1866.80","","","Exec Transaction"
"0x3fdf0808bf2aac650ba720e7981e27bf3c9b2324ac9a0ef200d0d6e049b4e0e1","17131358","1682523659","2023-04-26 15:40:59","0xd23199f1222c418ffc74c385171330b21b16e452","0x46abfe1c972fca43766d6ad70e1c1df72f4bb4d1","","0","0","0","0.002839029592662237","9.61992211308872","1866.80","","","Exec Transaction"
"0x220bec9c5e861163e0e15a6374c11c9f221ffe2fab99e3b15fbf07da4e5da95e","17131361","1682523695","2023-04-26 15:41:35","0xd23199f1222c418ffc74c385171330b21b16e452","0x46abfe1c972fca43766d6ad70e1c1df72f4bb4d1","","0","0","0","0.002996734530615384","10.1542980927826","1866.80","","","Exec Transaction"
"0x77dbe3870b6556d9fb093e755c29d4ecc334c0d07f65b551341600b4038bba83","17189532","1683230339","2023-05-04 19:58:59","0xa832bd66099e73d3d60a35ca6c331ba6c3aa2ed1","0x46abfe1c972fca43766d6ad70e1c1df72f4bb4d1","","0","0","0","0.007313215558028705","24.7804969156708","1878.56","","","Exec Transaction"
"0xf4caa7986bb06c50468e53f8cef3079572d595c06ca5d334f7c7ce89aaa44df6","17435793","1686229787","2023-06-08 13:09:47","0xbbff7c2df218839895695c6d13bbfd4acdf8191d","0x46abfe1c972fca43766d6ad70e1c1df72f4bb4d1","","0","0","0","0.002098167565570531","7.10954497028338","1846.21","","","Exec Transaction"
"0xd99f055b1d61c6e7e20cc06dfcbae3dab138edc856b0d61758b8fc8d5e4e97e3","17435798","1686229847","2023-06-08 13:10:47","0xbbff7c2df218839895695c6d13bbfd4acdf8191d","0x46abfe1c972fca43766d6ad70e1c1df72f4bb4d1","","0","0","0","0.001960058158227832","6.64156755111328","1846.21","","","Exec Transaction"
"0xdfd1802c5188813281ab6dea09070c22801400d61e26f362d8e229c0d8fde3e8","17942051","1692366275","2023-08-18 13:44:35","0xa832bd66099e73d3d60a35ca6c331ba6c3aa2ed1","0x46abfe1c972fca43766d6ad70e1c1df72f4bb4d1","","0","0","0","0.003131678196897592","10.6115485429521","1661.06","","","Exec Transaction"
"0x5b92d70c8dbe26092865ff74bf8f8c75f3a7f4aebc6b5abcf976e99337054bb1","18356549","1697382227","2023-10-15 15:03:47","0xf68d2bfcecd7895bba05a7451dd09a1749026454","0x46abfe1c972fca43766d6ad70e1c1df72f4bb4d1","","0","0","0","0.002577898183310325","8.73509025866242","1557.99","","","Exec Transaction"
"0x51600781e45780ad17e8dade479acd88aa7313a6e8d8fe664f6801b2648ac581","18356928","1697386799","2023-10-15 16:19:59","0x9a29bbafeb9d443ccdd3c4f8ebd426aacb20ef33","0x46abfe1c972fca43766d6ad70e1c1df72f4bb4d1","","0","0","0","0.001276044382019312","4.32381811010261","1557.99","","","Exec Transaction"
"0x16fc80c5e2c965165252460863e2e1cc881f34d1e19afe147352a21e482a262b","18520934","1699370459","2023-11-07 15:20:59","0xa832bd66099e73d3d60a35ca6c331ba6c3aa2ed1","0x46abfe1c972fca43766d6ad70e1c1df72f4bb4d1","","0","0","0","0.003356938887958097","11.3748341067037","1886.12","","","Exec Transaction"
"0x85ecef178b7512b7c6fcfb977fda7c3847b5102cb67df403af857c2a1a9b1740","18520935","1699370471","2023-11-07 15:21:11","0x9a29bbafeb9d443ccdd3c4f8ebd426aacb20ef33","0x46abfe1c972fca43766d6ad70e1c1df72f4bb4d1","","0","0","0","0.001995886969922484","6.76297184319883","1886.12","Error(0)","execution reverted","Exec Transaction"
"0x4c9ec64e1f5efaececed7ca88b2655940c484a2b46a721424b13b6113a216f92","18656951","1701015107","2023-11-26 16:11:47","0x9a29bbafeb9d443ccdd3c4f8ebd426aacb20ef33","0x46abfe1c972fca43766d6ad70e1c1df72f4bb4d1","","0","0","0","0.00245739","8.32675378325849","2063.01","","","Exec Transaction"
"0x8d9e9903db970402c3882d74a20619d2c16e172b07deb962741a38172242825e","18656964","1701015263","2023-11-26 16:14:23","0x9a29bbafeb9d443ccdd3c4f8ebd426aacb20ef33","0x46abfe1c972fca43766d6ad70e1c1df72f4bb4d1","","0","0","0","0.002177323399547387","7.37776089857875","2063.01","","","Exec Transaction"
"0x43b5ee51643a113c125314516bbdf4a33b415926c5b4af6b110e73b96657e8ed","18731420","1701915875","2023-12-07 02:24:35","0xa832bd66099e73d3d60a35ca6c331ba6c3aa2ed1","0x46abfe1c972fca43766d6ad70e1c1df72f4bb4d1","","0","0","0","0.003138870130483868","10.6359180814456","2356.77","","","Exec Transaction"
"0x504092d55dab0cac8b1eb90664d9b2282099f7eca71e59a82e5209bbbcccd231","18731613","1701918191","2023-12-07 03:03:11","0x9a29bbafeb9d443ccdd3c4f8ebd426aacb20ef33","0x46abfe1c972fca43766d6ad70e1c1df72f4bb4d1","","0","0","0","0.002890784871606398","9.79529251206971","2356.77","","","Exec Transaction"
"0x108816e33c661910a277927e35055626955b64aa2af69bb7a21cc8dc3403101f","18770264","1702386011","2023-12-12 13:00:11","0xbbff7c2df218839895695c6d13bbfd4acdf8191d","0x46abfe1c972fca43766d6ad70e1c1df72f4bb4d1","","0","0","0","0.004077811810003737","13.8174790799852","2202.33","","","Exec Transaction"
"0xdb19f2794407c34a7abf81b21380d3d324c20caebe996632e5e39d966410cdcc","19141700","1706888891","2024-02-02 15:48:11","0xbbff7c2df218839895695c6d13bbfd4acdf8191d","0x46abfe1c972fca43766d6ad70e1c1df72f4bb4d1","","0","0","0","0.002947856024108919","9.98867550582133","2307.85","","","Exec Transaction"
"0x7bfd25d78449fcc0b127c251bf5c7cb233b9edb336a725845f1064e4e7ee9bbe","19227146","1707925151","2024-02-14 15:39:11","0xbbff7c2df218839895695c6d13bbfd4acdf8191d","0x46abfe1c972fca43766d6ad70e1c1df72f4bb4d1","","0","0","0","0.003832532008793566","12.9863596757865","2777.51","","","Exec Transaction"
"0x836db2f5a02234eff561826aa01dafa628558dcf3b2bdba6d8e50b8eef515b31","19368923","1709641199","2024-03-05 12:19:59","0xbbff7c2df218839895695c6d13bbfd4acdf8191d","0x46abfe1c972fca43766d6ad70e1c1df72f4bb4d1","","0","0","0","0.005131475758143046","17.3877712462478","3557.93","","","Exec Transaction"
"0x02f0988e4593dd9125ca059c4ef25a815c8c501838de72c69d1fcb58067a403a","19519657","1711468871","2024-03-26 16:01:11","0xbbff7c2df218839895695c6d13bbfd4acdf8191d","0x46abfe1c972fca43766d6ad70e1c1df72f4bb4d1","","0","0","0","0.003474514679116859","11.7732343052277","3587.60","","","Exec Transaction"
"0x681ea24bd954811762b95be824d6ea53c01a1768884886610b2b19dc3727f4b6","19519662","1711468931","2024-03-26 16:02:11","0xbbff7c2df218839895695c6d13bbfd4acdf8191d","0x46abfe1c972fca43766d6ad70e1c1df72f4bb4d1","","0","0","0","0.003769468337757962","12.7726713066706","3587.60","","","Exec Transaction"
"0x92f4c289fe511775892104f834666d94ea1466205941b4ab8a14e0d20c388383","19519669","1711469015","2024-03-26 16:03:35","0xbbff7c2df218839895695c6d13bbfd4acdf8191d","0x46abfe1c972fca43766d6ad70e1c1df72f4bb4d1","","0","0","0","0.005713637534838756","19.3603998386037","3587.60","","","Exec Transaction"
"0xa8b9fd2565190483dd28533a63205bc850b5a8ffcb12e2623e8ce4d5ae415a80","19531301","1711613063","2024-03-28 08:04:23","0xbbff7c2df218839895695c6d13bbfd4acdf8191d","0x46abfe1c972fca43766d6ad70e1c1df72f4bb4d1","","0","0","0","0.015253610078030513","51.686161100025","3561.10","","","Exec Transaction"
"0x83bd1df726264779fb63ff65d9aa8a40190404d39e8741b9aa3457b852bae9de","19583431","1712246219","2024-04-04 15:56:59","0xbbff7c2df218839895695c6d13bbfd4acdf8191d","0x46abfe1c972fca43766d6ad70e1c1df72f4bb4d1","","0","0","0","0.003336523633560312","11.3056579495642","3329.17","","","Exec Transaction"
"0xcf0890219c4de0e46cc5b054d604456ca287696a430f75159de825b3f8d77567","19583435","1712246267","2024-04-04 15:57:47","0xbbff7c2df218839895695c6d13bbfd4acdf8191d","0x46abfe1c972fca43766d6ad70e1c1df72f4bb4d1","","0","0","0","0.003194607","10.824779918236","3329.17","","","Exec Transaction"
"0x878c4aede1bdb641ba5252f241af4494217cb469385a80e2e29fff7cb36fe494","19675412","1713359555","2024-04-17 13:12:35","0x9a29bbafeb9d443ccdd3c4f8ebd426aacb20ef33","0x46abfe1c972fca43766d6ad70e1c1df72f4bb4d1","","0","0","0","0.003437779046120068","11.6487572905754","2985.12","","","Exec Transaction"
"0xada6c2c1213788592c8023f549f6eda205ead960da0db75e36e4ff6807369391","19796510","1714822895","2024-05-04 11:41:35","0xf68d2bfcecd7895bba05a7451dd09a1749026454","0x46abfe1c972fca43766d6ad70e1c1df72f4bb4d1","","0","0","0","0.00091444","3.09853817650552","3117.52","","","Exec Transaction"
"0xc1bad1cabadd000cbc7b4950ef3285dbd575c505738c94179fcc321e1a659ce1","19976225","1716994247","2024-05-29 14:50:47","0x585639fbf797c1258eba8875c080eb63c833d252","0x46abfe1c972fca43766d6ad70e1c1df72f4bb4d1","","0","0","0","0.002026436662742922","6.86648808208234","3762.22","","","Exec Transaction"
