"Transaction Hash","Blockno","UnixTimestamp","DateTime (UTC)","From","To","ContractAddress","Value_IN(ETH)","Value_OUT(ETH)","CurrentValue @ $3386.54694204709/Eth","TxnFee(ETH)","TxnFee(USD)","Historical $Price/Eth","Status","ErrCode","Method"
"0x0e3b146cbff5337a85bb6e275f20b9808cfaa84912c38d9f9b16f58d31860a35","10602893","1596672900","2020-08-06 00:15:00","0xde910777c787903f78c89e7a0bf7f4c435cbb1fe","","0xab0b2f1cf979cdbf4676251f35353ec5af2732dd","0","0","0","0.0163638","55.4167768502702","395.07","","","0x60806040"
"0x60ea972810d3d04866e0c9dcd7700a70519a970f8ea3380cfe0b537d70818b9e","10772768","1598929659","2020-09-01 03:07:39","0xde910777c787903f78c89e7a0bf7f4c435cbb1fe","0xab0b2f1cf979cdbf4676251f35353ec5af2732dd","","0","0","0","0.01243256","42.103448049817","475.81","","","Nominate New Owner"
"0xc14dc487be57dade782caba412364b753363176fef7247c44a5be53530c91452","11239875","1605145062","2020-11-12 01:37:42","0xde910777c787903f78c89e7a0bf7f4c435cbb1fe","0xab0b2f1cf979cdbf4676251f35353ec5af2732dd","","0","0","0","0.001849855","6.26462079348052","462.78","","","Accept Ownership"
"0xb2f320f2032ede642feb27306055bb2d83e69d1ca233cc7bdfb48961c636c374","11239877","1605145079","2020-11-12 01:37:59","0xde910777c787903f78c89e7a0bf7f4c435cbb1fe","0xab0b2f1cf979cdbf4676251f35353ec5af2732dd","","0","0","0","0.00384812","13.0318390186302","462.78","","","Set Maintenance Mode All"
"0x0ff72be289033d88b22341c19b943ff5de77bd2f3906adce20c2bf0585ca639c","11240690","1605155956","2020-11-12 04:39:16","0xde910777c787903f78c89e7a0bf7f4c435cbb1fe","0xab0b2f1cf979cdbf4676251f35353ec5af2732dd","","0","0","0","0.0012971","4.39269003852928","462.78","","","Set Maintenance Mode All"
"0xe2ec3179b1b12cabc8b3f387c2c12364d536b0c89e4b44e49e9d27068d3675d6","11513064","1608769699","2020-12-24 00:28:19","0xde910777c787903f78c89e7a0bf7f4c435cbb1fe","0xab0b2f1cf979cdbf4676251f35353ec5af2732dd","","0","0","0","0.0090544","30.6631506320712","612.32","","","Set Maintenance Mode All"
"0x280333b1d66fa70a6cbda10e46ecfcd6d49542d33bb8f75cb639fa56375ea471","11514516","1608789116","2020-12-24 05:51:56","0xde910777c787903f78c89e7a0bf7f4c435cbb1fe","0xab0b2f1cf979cdbf4676251f35353ec5af2732dd","","0","0","0","0.00140392","4.75444098287875","612.32","","","Set Maintenance Mode All"
"0xb5bc47400e2fa231fb940579acc34dec2ca8f26d9102af04e745a93e6a169122","11656335","1610669465","2021-01-15 00:11:05","0xde910777c787903f78c89e7a0bf7f4c435cbb1fe","0xab0b2f1cf979cdbf4676251f35353ec5af2732dd","","0","0","0","0.0033954","11.4986814870267","1169.06","","","Set Maintenance Mode All"
"0x1d9933efa730268c1a3e884847ca2ed3a978fdbb1fbb1752bc48e42c56ab056f","11657774","1610688846","2021-01-15 05:34:06","0xde910777c787903f78c89e7a0bf7f4c435cbb1fe","0xab0b2f1cf979cdbf4676251f35353ec5af2732dd","","0","0","0","0.0006104","2.06714825342554","1169.06","","","Set Maintenance Mode All"
"0x6313d3958f0299f8eb58684f4f79684b152e59b7f632d08f96681e087cac145e","11787917","1612417282","2021-02-04 05:41:22","0xde910777c787903f78c89e7a0bf7f4c435cbb1fe","0xab0b2f1cf979cdbf4676251f35353ec5af2732dd","","0","0","0","0.00814896","27.5968355688641","1597.44","","","Set Maintenance Mode All"
"0x0929223d4effe29614809ded059c94c00759ca9c205ea95b35faa87512cca5a6","11788411","1612423839","2021-02-04 07:30:39","0xde910777c787903f78c89e7a0bf7f4c435cbb1fe","0xab0b2f1cf979cdbf4676251f35353ec5af2732dd","","0","0","0","0.00302148","10.2323838544564","1597.44","","","Set Maintenance Mode All"
"0xd718aba73b9b5e089da1e5fb9b91b359d854f1208a7831af01a3d1841d577478","12425622","1620903365","2021-05-13 10:56:05","0xde910777c787903f78c89e7a0bf7f4c435cbb1fe","0xab0b2f1cf979cdbf4676251f35353ec5af2732dd","","0","0","0","0.00861696","29.1817395377421","3718.99","","","Set Maintenance Mode All"
"0x016a8fc9634f74879f80e99a3103cabf10437c34b5dd5c87b23577f06f06ab68","12426557","1620916018","2021-05-13 14:26:58","0xde910777c787903f78c89e7a0bf7f4c435cbb1fe","0xab0b2f1cf979cdbf4676251f35353ec5af2732dd","","0","0","0","0.0026792","9.07323656713256","3718.99","","","Set Maintenance Mode All"
"0x0008747b8a0c88e59e32b8e4ffab7b66661f74a243a5ac0da8ecd47e284b9a21","14411893","1647626069","2022-03-18 17:54:29","0xde910777c787903f78c89e7a0bf7f4c435cbb1fe","0xab0b2f1cf979cdbf4676251f35353ec5af2732dd","","0","0","0","0.00250663214601093","8.48882742891025","2941.32","","","Set Maintenance Mode Staking"
"0x3e6afc1b3f1a21deeb1289bccf46ced1bb2f4aa29f6ecd0680686a6862a82c43","14412623","1647635683","2022-03-18 20:34:43","0xde910777c787903f78c89e7a0bf7f4c435cbb1fe","0xab0b2f1cf979cdbf4676251f35353ec5af2732dd","","0","0","0","0.00070108162081652","2.3742458191016","2941.32","","","Set Maintenance Mode Staking"
"0xac7c98b288f5f42dd5a3d91a26c152b3b3c31d83b47b40f79d4d354f086932ea","14412630","1647635782","2022-03-18 20:36:22","0xde910777c787903f78c89e7a0bf7f4c435cbb1fe","0xab0b2f1cf979cdbf4676251f35353ec5af2732dd","","0","0","0","0.000738624496857498","2.50138653115383","2941.32","","","Set Maintenance Mode Staking"
"0x52e65df842aa4425a948adad5c44ba90e4c27ca7e35c64d25d137691793a6936","14451341","1648156627","2022-03-24 21:17:07","0xde910777c787903f78c89e7a0bf7f4c435cbb1fe","0xab0b2f1cf979cdbf4676251f35353ec5af2732dd","","0","0","0","0.003579392659828832","12.1217812665291","3112.85","","","Set Maintenance Mode SX"
"0x6abd2764be5f74f336f928cd67162a5c408a0c968994d7df616aa58591f4425b","14452315","1648169459","2022-03-25 00:50:59","0xde910777c787903f78c89e7a0bf7f4c435cbb1fe","0xab0b2f1cf979cdbf4676251f35353ec5af2732dd","","0","0","0","0.00089640983485218","3.03573398503959","3104.04","","","Set Maintenance Mode Staking"
"0x75ac55e3e80351278a359f7602a963db307142b258393dd51a1c06661b8d7920","14452319","1648169573","2022-03-25 00:52:53","0xde910777c787903f78c89e7a0bf7f4c435cbb1fe","0xab0b2f1cf979cdbf4676251f35353ec5af2732dd","","0","0","0","0.001134626257904076","3.84246508407138","3104.04","","","Set Maintenance Mode All"
"0xf337d3dbf7a99c6a2f6c5ac91c47883e00354ddea482837039f7bcd2ffd6bdee","14452324","1648169638","2022-03-25 00:53:58","0xde910777c787903f78c89e7a0bf7f4c435cbb1fe","0xab0b2f1cf979cdbf4676251f35353ec5af2732dd","","0","0","0","0.00103898098184056","3.51855786689723","3104.04","","","Set Maintenance Mode All"
