"Transaction Hash","Blockno","UnixTimestamp","DateTime (UTC)","From","To","ContractAddress","Value_IN(ETH)","Value_OUT(ETH)","CurrentValue @ $3390.86180609014/Eth","TxnFee(ETH)","TxnFee(USD)","Historical $Price/Eth","Status","ErrCode","Method"
"0xd8b635c4536f88c1ff8e02b880151d587e652820b0b18b35f3e967de555d2a92","11787724","1612414760","2021-02-04 04:59:20","0xde910777c787903f78c89e7a0bf7f4c435cbb1fe","","0xd2df355c19471c8bd7d8a3aa27ff4e26a21b4076","0","0","0","0.175374521","594.670765020253","1597.44","","","0x60806040"
"0x50b23205b6482ad4c5c0f9413dde9f75b716c5c80d9f290ec30deed9ad81e1b2","11787728","1612414786","2021-02-04 04:59:46","0xde910777c787903f78c89e7a0bf7f4c435cbb1fe","0xd2df355c19471c8bd7d8a3aa27ff4e26a21b4076","","0","0","0","0.008845152","29.9926880858618","1597.44","","","Set Target"
"0x9f5cfc691f1fb075e9dbd2cb7a68890ef93738f4188ef530aacfc3beec168f5e","11787887","1612416863","2021-02-04 05:34:23","0xde910777c787903f78c89e7a0bf7f4c435cbb1fe","0xd2df355c19471c8bd7d8a3aa27ff4e26a21b4076","","0","0","0","0.008854107","30.0230532533354","1597.44","","","Nominate New Owner"
"0xefd9fe9909bebb37a5a13a3050b45628cf1e7d8b234f969ba49d5611b9cebd7a","11845186","1613177464","2021-02-13 00:51:04","0xc9ffbc03bdba99cb30461d8753e73188e31b5e4e","0xd2df355c19471c8bd7d8a3aa27ff4e26a21b4076","","0","0","0","0.016168491","54.8251185940122","1817.48","","","Approve"
"0x76df2655b204aa0dde87e0ff3bbfbfa1499e036046e275866a356293f42ab5f9","11896196","1613855691","2021-02-20 21:14:51","0x1345f913d07e698074d8616f06645060de4169f0","0xd2df355c19471c8bd7d8a3aa27ff4e26a21b4076","","0","0","0","0.015902343","53.9226475060449","1915.12","","","Approve"
"0x02a61ad273d5140e9b13278acac8b36e8f31049afc7a341c7fe2228bceaee58f","11903089","1613947353","2021-02-21 22:42:33","0x85257f61bcf59f7498007d8e08d6efb7ac1eef4c","0xd2df355c19471c8bd7d8a3aa27ff4e26a21b4076","","0","0","0","0.010047087","34.0682835707648","1935.14","","","Approve"
"0x47d237dd1f1711c5902bf0f81cca114d68826b32fa2d726e720d531c423e52c0","11904022","1613959318","2021-02-22 02:01:58","0xb82b04f420d4bc501512013133ac7f2aca64a064","0xd2df355c19471c8bd7d8a3aa27ff4e26a21b4076","","0","0","0","0.009714402","32.9401947108057","1778.07","","","Approve"
"0x8f3f4eb876a65c7b6e07374b202d5027bc048571c1d43f457a2a7257987fbea0","11946555","1614524810","2021-02-28 15:06:50","0xf532a30a48bc18b4074c6930f335e5db107ce555","0xd2df355c19471c8bd7d8a3aa27ff4e26a21b4076","","0","0","0","0.00731907","24.8179549191002","1422.58","","","Approve"
"0x2e1a0e6edecac39015c6db7507051a15855ccc93e54460e2899b808df90fa76c","11946590","1614525316","2021-02-28 15:15:16","0xf532a30a48bc18b4074c6930f335e5db107ce555","0xd2df355c19471c8bd7d8a3aa27ff4e26a21b4076","","0","0","0","0.006046689","20.5034867834054","1422.58","","","Approve"
"0x17574042b5e923a7f02abb505f9a710f71a945bb9c30cc281b1606c4063f604c","11961931","1614728937","2021-03-02 23:48:57","0xf2f27c6bee624631d813b22a50dccf3b65c0e6a3","0xd2df355c19471c8bd7d8a3aa27ff4e26a21b4076","","0","0","0","0.006454089","21.8849238832065","1488.67","","","Approve"
"0xb0a5444316704dd81a7bbb3b677424ebc191dc21e26ef4cf14ccd3296bed094c","12023471","1615549155","2021-03-12 11:39:15","0x092314c3c7aab1f890facd3cec28cb3a4295d67d","0xd2df355c19471c8bd7d8a3aa27ff4e26a21b4076","","0","0","0","0.008746452","29.6580100256007","1767.77","","","Approve"
"0x6a7bf62c8257575acc9ba050b1b3a46cbd03b1eb078ffe33039d9ed8a0d4ce1b","12023524","1615550077","2021-03-12 11:54:37","0x092314c3c7aab1f890facd3cec28cb3a4295d67d","0xd2df355c19471c8bd7d8a3aa27ff4e26a21b4076","","0","0","0","0.008290821","28.1130282700301","1767.77","","","Approve"
"0x20c51ea750eaa972e9355a361486858aca6fe1cea41e87f2dc4dbdcb7e0a26e0","12024653","1615565450","2021-03-12 16:10:50","0xdff4dfab3e5e07b13557501d09c77304940558bf","0xd2df355c19471c8bd7d8a3aa27ff4e26a21b4076","","0","0","0","0.01877998","63.6803169011367","1767.77","","","Transfer"
"0x97ec92932ac6dea36297d2b798408ac507c655dd930842d444c10a5c986523a5","12035399","1615707691","2021-03-14 07:41:31","0xad5553945d7906ac295bef282338419d72e44e79","0xd2df355c19471c8bd7d8a3aa27ff4e26a21b4076","","0","0","0","0.009488832","32.1753180132059","1848.69","","","Transfer"
"0x190044dc8fb87b79fa69cc4b71b0bb4d838caac9ad44d6c85bf1415dd7272e9f","12067551","1616135190","2021-03-19 06:26:30","0xf1228c34651348f12d05d138896dc6d2e946f970","0xd2df355c19471c8bd7d8a3aa27ff4e26a21b4076","","0","0","0","0.010113624","34.2939013427566","1809.76","","","Approve"
"0x48b896bc3e638f6f2db27b0fa0fe537cf9b3990dea83f000cec98e865002a7d1","12072096","1616195738","2021-03-19 23:15:38","0x4e086680773e275f8a994331bf92dd2d4a7e6867","0xd2df355c19471c8bd7d8a3aa27ff4e26a21b4076","","0","0","0","0.009208611","31.2251273270415","1809.76","","","Approve"
"0x430836578e7dcb43c1e7a71d8f2d19d8e8f1430590814807c25d8afbbad57d11","12106294","1616651281","2021-03-25 05:48:01","0x826e0ba43e7821ebbd04700a9215398e50f94e55","0xd2df355c19471c8bd7d8a3aa27ff4e26a21b4076","","0","0","0","0.009337725","31.6629350582731","1588.34","","","Approve"
"0x5370ebec6d785661cdb190b3f75372b5848db4915289bd3f43c165129921214c","12106296","1616651299","2021-03-25 05:48:19","0x826e0ba43e7821ebbd04700a9215398e50f94e55","0xd2df355c19471c8bd7d8a3aa27ff4e26a21b4076","","0","0","0","0.006635601","22.5004059913535","1588.34","","","Approve"
"0xa93d02f6694db7de7fb91f41da6e9dd8e5e267dac1ae763ada138ab602abf627","12300829","1619239242","2021-04-24 04:40:42","0x4e086680773e275f8a994331bf92dd2d4a7e6867","0xd2df355c19471c8bd7d8a3aa27ff4e26a21b4076","","0","0","0","0.003612081","12.2480675034039","2216.56","","","Approve"
"0xead1506ec78b0e1272c1410a12f4cb80f366a92e08c0790890ada5681a1f2228","12326650","1619582570","2021-04-28 04:02:50","0x7d99573a17ab40c1162de155bf1770f56fac5b29","0xd2df355c19471c8bd7d8a3aa27ff4e26a21b4076","","0","0","0","0.006017036","20.4029375582694","2750.91","","","Transfer"
"0x52337078a16fc14e5084d1ecff939c0f8bcfbb8fafecae55d92a9bfe39ea93ae","12346746","1619851542","2021-05-01 06:45:42","0xf475e7db2e3b7878f44f8347efd6fcf5cb7fcf93","0xd2df355c19471c8bd7d8a3aa27ff4e26a21b4076","","0","0","0","0.00209211","7.09405589313924","2947.80","","","Approve"
"0xc653e26fbdf821d5a1676d6433284fd8dd82689c7964f95dd253c798afdbfa9d","12358362","1620006726","2021-05-03 01:52:06","0xf475e7db2e3b7878f44f8347efd6fcf5cb7fcf93","0xd2df355c19471c8bd7d8a3aa27ff4e26a21b4076","","0","0","0","0.002022373","6.85758736336793","3432.21","","","Approve"
"0x7714e4055b552d44e7fa692318123bc39286a725cf13bf862b542b2769c93c25","12546081","1622516694","2021-06-01 03:04:54","0xf7c755b0f3181c1f0362bae38590df697535ca58","0xd2df355c19471c8bd7d8a3aa27ff4e26a21b4076","","0","0","0","0.002178582","7.38727049523547","2634.23","","","Transfer"
"0x42070f790037687b2a734b5b2df50cdeae1685982214c5bab4d5f523ae6036e7","12622116","1623533763","2021-06-12 21:36:03","0x68a7d1fcb121950af65cda31c58ebbcb54c9e91f","0xd2df355c19471c8bd7d8a3aa27ff4e26a21b4076","","0","0","0","0.000627633","2.12821676794177","2369.62","","","Approve"
"0x6657c401013ab28169a0e6bc928e06d8dec39912ae9c690901730de62b8aa513","12668166","1624150571","2021-06-20 00:56:11","0x229fed4f4192ba3aba690e37088bb4a68881df3d","0xd2df355c19471c8bd7d8a3aa27ff4e26a21b4076","","0","0","0","0.00069737","2.36468529771308","2243.60","","","Approve"
"0x6afce008366ace69726d03574b4a75bb97180b8dd4fa3aec41defe7fb70a9bae","12669822","1624173074","2021-06-20 07:11:14","0xcdc2f106e9694b16ffdbfce2a2612076ce44b4fe","0xd2df355c19471c8bd7d8a3aa27ff4e26a21b4076","","0","0","0","0.00139474","4.72937059542616","2243.60","","","Approve"
"0xa2061b3fc53f4218b67978f83c84e7fefdfca63b5a081f6a0ef57f4b53928a09","12752188","1625281969","2021-07-03 03:12:49","0x89c81dec7ab1601e604d90451f6f101a4482963a","0xd2df355c19471c8bd7d8a3aa27ff4e26a21b4076","","0","0","0","0.00069737","2.36468529771308","2227.18","","","Approve"
