"Transaction Hash","Blockno","UnixTimestamp","DateTime (UTC)","From","To","ContractAddress","Value_IN(ETH)","Value_OUT(ETH)","CurrentValue @ $3388.24657037478/Eth","TxnFee(ETH)","TxnFee(USD)","Historical $Price/Eth","Status","ErrCode","Method"
"0x21ce49de7afcc0abd15b4457a0072b6f413794a63ce5e7f8b9d509133c44a15c","12335887","1619706292","2021-04-29 14:24:52","0xde910777c787903f78c89e7a0bf7f4c435cbb1fe","","0x1c1d97f6338759ab814a5a717ae359573ab5d5d4","0","0","0","0.13318281","451.256199215376","2758.46","","","0x60806040"
"0x941b1d176782bfd1e3e98d4666fa25d6bf7fb6e36d2f3afa138da75af8bb790f","12335948","1619706990","2021-04-29 14:36:30","0xde910777c787903f78c89e7a0bf7f4c435cbb1fe","0x1c1d97f6338759ab814a5a717ae359573ab5d5d4","","0","0","0","0.00286632","9.71179890959664","2758.46","","","Set Rewards Duration"
"0x3e21799789b1958583e369ada7115bc2048116b09aed6320f1f27a1714dd706e","12335957","1619707113","2021-04-29 14:38:33","0xde910777c787903f78c89e7a0bf7f4c435cbb1fe","0x1c1d97f6338759ab814a5a717ae359573ab5d5d4","","0","0","0","0.00260433","8.82411219062415","2758.46","","","Set Rewards Distribution"
"0x874a9beb87f4483df843eb467013313128cd8bedebba9684c63937de8962e121","12335986","1619707578","2021-04-29 14:46:18","0xde910777c787903f78c89e7a0bf7f4c435cbb1fe","0x1c1d97f6338759ab814a5a717ae359573ab5d5d4","","0","0","0","0.01058958","35.8801081167094","2758.46","","","Notify Reward Amount"
"0xc43f3e5161c142eb05c5250c55c8b2443de5505e884f24d6f57fa99853510c79","12336054","1619708344","2021-04-29 14:59:04","0xde910777c787903f78c89e7a0bf7f4c435cbb1fe","0x1c1d97f6338759ab814a5a717ae359573ab5d5d4","","0","0","0","0.00424044","14.36765628688","2758.46","","","Nominate New Owner"
"0x8c8e4de36b799c17198e0aa683ce04c21788a1cac8805bf7b0670355a12625e1","12336252","1619711311","2021-04-29 15:48:31","0x8363ce79090f4ea7dd485396dd13f19ab29ea114","0x1c1d97f6338759ab814a5a717ae359573ab5d5d4","","0","0","0","0.01311816","44.4475606296276","2758.46","","","Stake"
"0x095e25f7d80222ee5643206cc3544832b4c5ea5d70b45be8a63e6a9f14f100ba","12336373","1619712799","2021-04-29 16:13:19","0x6969ecd635a4c155dc8cd1347a5365603cf77b4c","0x1c1d97f6338759ab814a5a717ae359573ab5d5d4","","0","0","0","0.017502656","59.3033141644496","2758.46","","","Stake"
"0xc38d2f07dc47e0a415ccc6da7a5a942cc62d91b76a000906a075b77c72adb174","12336506","1619714532","2021-04-29 16:42:12","0x6af235d2bbe050e6291615b71ca5829658810142","0x1c1d97f6338759ab814a5a717ae359573ab5d5d4","","0","0","0","0.008704488","29.4929516128684","2758.46","","","Stake"
"0x6899cd83f3df6ff56c5b202c3e0030780af69042e4fa6326043bd31b189da746","12336682","1619716959","2021-04-29 17:22:39","0x7f960b97b12ef8b6828529e961f6646ad764d90b","0x1c1d97f6338759ab814a5a717ae359573ab5d5d4","","0","0","0","0.012611704","42.7315628245819","2758.46","","","Stake"
"0x83571fb46b733e7030da5b3d16734c914bd8e99e36c7409f0f586e2ea6cc9a9a","12336687","1619717032","2021-04-29 17:23:52","0x86aabcd459587bc1a347ae1e2d15223856354ec9","0x1c1d97f6338759ab814a5a717ae359573ab5d5d4","","0","0","0","0.011271196","38.1895911910219","2758.46","","","Stake"
"0xb882a9e706f629cb10d0878d401bc168e9c682a4241ccac3aecc274dae99f518","12336699","1619717150","2021-04-29 17:25:50","0x6969ecd635a4c155dc8cd1347a5365603cf77b4c","0x1c1d97f6338759ab814a5a717ae359573ab5d5d4","","0","0","0","0.009539418","32.3219003218714","2758.46","","","Stake"
"0x2c434a8b3a0b1d6b885ebcec6c2be59da495038c552264085b2ec570e82cca90","12336740","1619717657","2021-04-29 17:34:17","0x0eeacd4c475040463389d15ead034d1291b008b1","0x1c1d97f6338759ab814a5a717ae359573ab5d5d4","","0","0","0","0.010490024","35.5427878411491","2758.46","","","Stake"
"0x6ad4440af7b9d9027ab9f8ebb47858ae332416243dc8fc240808e4fda65dd971","12336763","1619717970","2021-04-29 17:39:30","0x09482d9d4797808d0789670f7bdea23caf7f3dfe","0x1c1d97f6338759ab814a5a717ae359573ab5d5d4","","0","0","0","0.008704488","29.4929516128684","2758.46","","","Stake"
"0xca138ea5d7c3eb544a64b4815db235f772084ecb2a1199aa7eec8d56c1939552","12336832","1619718927","2021-04-29 17:55:27","0xd87ecc6c74f486b044824a222326a96f696fcfa2","0x1c1d97f6338759ab814a5a717ae359573ab5d5d4","","0","0","0","0.007923316","26.8461482629956","2758.46","","","Stake"
"0xa531f73bdc5f0a43f33180e6f84b5390031721f8c8eb44c4f7c71936975dd708","12337133","1619722978","2021-04-29 19:02:58","0x86aabcd459587bc1a347ae1e2d15223856354ec9","0x1c1d97f6338759ab814a5a717ae359573ab5d5d4","","0","0","0","0.00625242","21.1847406215427","2758.46","","","Withdraw"
"0x5196a2638b3e435993233d2a2475b47ba4f8834539e4eabe6d933da4e4857b23","12337138","1619723048","2021-04-29 19:04:08","0x86aabcd459587bc1a347ae1e2d15223856354ec9","0x1c1d97f6338759ab814a5a717ae359573ab5d5d4","","0","0","0","0.006376989","21.6068111085677","2758.46","","","Get Reward"
"0x580f91ad101210d160f5b48b8f23aba879d5b05226f7591a30f01c077680ba80","12337192","1619723726","2021-04-29 19:15:26","0x7ccf173012bfe53f16f4d6a2a4aea32abafcd04c","0x1c1d97f6338759ab814a5a717ae359573ab5d5d4","","0","0","0","0.005802992","19.6619677419123","2758.46","","","Stake"
"0xf1fecee35fa9ca9fccb6492420250bbae1ca34530e3d4e8bd7152307ade8ea37","12338937","1619746753","2021-04-30 01:39:13","0x60dff65c9e97f369f36b070075facd3130b62a68","0x1c1d97f6338759ab814a5a717ae359573ab5d5d4","","0","0","0","0.004352244","14.7464758064342","2775.96","","","Stake"
"0x3d88cc120c8db93e4be800979f134ce28acc917985d8785c18bdaa48683df389","12342592","1619795825","2021-04-30 15:17:05","0x4254c604a2a6d58f8c94ded9b3aaff3a2541f388","0x1c1d97f6338759ab814a5a717ae359573ab5d5d4","","0","0","0","0.008481296","28.7367220843333","2775.96","","","Stake"
"0x5051f4451462a5bbdf34017426afd29fbbdfea09757c9c98a9a52bf6aa283434","12342745","1619798032","2021-04-30 15:53:52","0xef9af12bf7c5a32d7461d011c4ce9124d73f52a0","0x1c1d97f6338759ab814a5a717ae359573ab5d5d4","","0","0","0","0.008482208","28.7398121652055","2775.96","","","Stake"
"0xd3a2233099af6f857720113077bec67a09cb2e49af9f54c965cfdd62f191a9f7","12343823","1619812540","2021-04-30 19:55:40","0x2f6119e04d7766b6b867b62a6d54318346b47afe","0x1c1d97f6338759ab814a5a717ae359573ab5d5d4","","0","0","0","0.00502182","17.0151643920395","2775.96","","","Stake"
"0xa1ffc9f67911fbfc13d370daa588d9dc3b8d38b47b6bab76e365a2f94029ea45","12354021","1619948739","2021-05-02 09:45:39","0x6969ecd635a4c155dc8cd1347a5365603cf77b4c","0x1c1d97f6338759ab814a5a717ae359573ab5d5d4","","0","0","0","0.004128704","13.9890671680926","2954.22","","","Get Reward"
"0xd4db4dde39f39a3c696e6ddc88e66110757ac21580d5f7d6200f6a41affafd08","12358743","1620011464","2021-05-03 03:11:04","0x09482d9d4797808d0789670f7bdea23caf7f3dfe","0x1c1d97f6338759ab814a5a717ae359573ab5d5d4","","0","0","0","0.00434427","14.719457928282","3432.21","","","Get Reward"
"0xfd9da11e9d8b76dae425f90f39cdd4d83a11ff259d06b2b01ed5f0f8ee4f3f7a","12364890","1620092986","2021-05-04 01:49:46","0xd87ecc6c74f486b044824a222326a96f696fcfa2","0x1c1d97f6338759ab814a5a717ae359573ab5d5d4","","0","0","0","0.005213124","17.6633495139385","3241.09","","","Get Reward"
"0x5608a1d09d3e218ddc18c9d66afcd21945b3ebb3e63d234cfc18a145262005a1","12366246","1620110692","2021-05-04 06:44:52","0xa1efa0adecb7f5691605899d13285928ae025844","0x1c1d97f6338759ab814a5a717ae359573ab5d5d4","","0","0","0","0.003794264","12.8559019850965","3241.09","","","Stake"
"0x7b42c39874c7d64cdc7430b2d1901caaf348e70ecc2788e6eca65e4eaed9d112","12374543","1620222168","2021-05-05 13:42:48","0x6af235d2bbe050e6291615b71ca5829658810142","0x1c1d97f6338759ab814a5a717ae359573ab5d5d4","","0","0","0","0.003959866","13.4170023936437","3522.18","","","Withdraw"
"0xc521e3ee85e3e76cc6aa346e59daca3e514e05adb943669cf6d69da36c80c9ad","12380124","1620295869","2021-05-06 10:11:09","0x09482d9d4797808d0789670f7bdea23caf7f3dfe","0x1c1d97f6338759ab814a5a717ae359573ab5d5d4","","0","0","0","0.006081978","20.6072410995949","3491.74","","","Get Reward"
"0xa8977f7cc2a9cad2d8c28c8df071bccc9d0a7a60afc5726e5d92d81fb3667ae5","12380604","1620302273","2021-05-06 11:57:53","0x6af235d2bbe050e6291615b71ca5829658810142","0x1c1d97f6338759ab814a5a717ae359573ab5d5d4","","0","0","0","0.005030103","17.0432292383819","3491.74","","","Get Reward"
"0xe7e6a62880d355afad095730698cc92e94c647243dd5c2e5e6d682c63381a792","12384673","1620357019","2021-05-07 03:10:19","0x2f6119e04d7766b6b867b62a6d54318346b47afe","0x1c1d97f6338759ab814a5a717ae359573ab5d5d4","","0","0","0","0.005213124","17.6633495139385","3483.96","","","Get Reward"
"0xa6ac72ac102689d405e9465234ef53640a227bcf7350778f81dbd42337f26ace","12390129","1620429806","2021-05-07 23:23:26","0x7f960b97b12ef8b6828529e961f6646ad764d90b","0x1c1d97f6338759ab814a5a717ae359573ab5d5d4","","0","0","0","0.005213124","17.6633495139385","3483.96","","","Get Reward"
"0xa7538463d233863cab2b7603bbd55a3edbdeb8b8651fa1048dae8d86c4f8e1a8","12400878","1620573105","2021-05-09 15:11:45","0x86656de4018f5c0734bb375aaee65cded76fefcf","0x1c1d97f6338759ab814a5a717ae359573ab5d5d4","","0","0","0","0.01283354","43.4831978907675","3927.06","","","Stake"
"0xfdabf8c25bf8b8ee7cc75e57c94dee2b4755003d2f94fabe51c468bf9ab954d4","12408784","1620678039","2021-05-10 20:20:39","0x657e21723ae99c05c9c2a6032343c7865bcb1940","0x1c1d97f6338759ab814a5a717ae359573ab5d5d4","","0","0","0","0.045089632","152.774790983461","3946.42","","","Stake"
"0xf4d9f451f7126b308ded1b4037c2ba62c8cfcce224f78b5ac4a14e543716a2c6","12428432","1620940236","2021-05-13 21:10:36","0x7ccf173012bfe53f16f4d6a2a4aea32abafcd04c","0x1c1d97f6338759ab814a5a717ae359573ab5d5d4","","0","0","0","0.009052713","30.6728237748372","3718.99","","","Stake"
"0xaed17502079e4329946423a2bf7efbe9580842c6954333e270bd2fa49d06a5c3","12437384","1621060719","2021-05-15 06:38:39","0x6969ecd635a4c155dc8cd1347a5365603cf77b4c","0x1c1d97f6338759ab814a5a717ae359573ab5d5d4","","0","0","0","0.010798614","36.5883668503011","3644.04","","","Get Reward"
"0xd3aea4e9e178338b50a36dedd49cac8b6c77e81bcf50a393fab05dee89900319","12441437","1621114137","2021-05-15 21:28:57","0x2f6119e04d7766b6b867b62a6d54318346b47afe","0x1c1d97f6338759ab814a5a717ae359573ab5d5d4","","0","0","0","0.007943808","26.9155802117157","3644.04","","","Get Reward"
"0x54955c8051a791acc19e796ba8cac041522bc0677d515fd9663679f960b5787c","12451649","1621251234","2021-05-17 11:33:54","0x09482d9d4797808d0789670f7bdea23caf7f3dfe","0x1c1d97f6338759ab814a5a717ae359573ab5d5d4","","0","0","0","0.008316174","28.1772480341399","3280.73","","","Get Reward"
"0xe67040ec0c05a5208a78c24fbedded2d0744f4888e08417250c2abf6c07836d9","12455383","1621300963","2021-05-18 01:22:43","0x2f6119e04d7766b6b867b62a6d54318346b47afe","0x1c1d97f6338759ab814a5a717ae359573ab5d5d4","","0","0","0","0.00633146322","21.4525585406191","3377.65","","","Get Reward"
"0x94898a043faced65b343f5a24f01eec39cf75dccb07d551ff83cfe5b27dc7ff0","12458333","1621340227","2021-05-18 12:17:07","0x86656de4018f5c0734bb375aaee65cded76fefcf","0x1c1d97f6338759ab814a5a717ae359573ab5d5d4","","0","0","0","0.007502904","25.4216887458512","3377.65","","","Withdraw"
"0x5689d22b46dd54a4dcee03cd76e8c537d6dd9b14ccb53079e21731012bde34ee","12458340","1621340345","2021-05-18 12:19:05","0x86656de4018f5c0734bb375aaee65cded76fefcf","0x1c1d97f6338759ab814a5a717ae359573ab5d5d4","","0","0","0","0.008383505","28.4053820639698","3377.65","","","Get Reward"
"0x54a32b1d13dabf8453e3296d6d9d22e612c3e2dba691c91ff7cff3e86686f42d","12459323","1621353424","2021-05-18 15:57:04","0xef9af12bf7c5a32d7461d011c4ce9124d73f52a0","0x1c1d97f6338759ab814a5a717ae359573ab5d5d4","","0","0","0","0.013281054","44.9994856664623","3377.65","","","Get Reward"
"0x5948d1d114dc4106a704af7853ca4830b2fd52012580d2548fc4302fcade2fd1","12465491","1621436125","2021-05-19 14:55:25","0x657e21723ae99c05c9c2a6032343c7865bcb1940","0x1c1d97f6338759ab814a5a717ae359573ab5d5d4","","0","0","0","0.073976712","250.651340721603","2442.89","","","Get Reward"
"0x473ad8c7513810339138033458aa5b749e13008a50deae62188872721c952939","12468437","1621476328","2021-05-20 02:05:28","0xef9af12bf7c5a32d7461d011c4ce9124d73f52a0","0x1c1d97f6338759ab814a5a717ae359573ab5d5d4","","0","0","0","0.03022351","102.404704102188","2772.84","","","Withdraw"
"0xf6498e8d6e6507f46c519ca348b7fd460abd1b9af59dc00e746c7c0a88f63b80","12470114","1621498123","2021-05-20 08:08:43","0x21e4920bfece1009fd55958b50da12c72c3a7140","0x1c1d97f6338759ab814a5a717ae359573ab5d5d4","","0","0","0","0.01004364","34.030328784079","2772.84","","","Stake"
"0xfe89ed375fad1cd2cb82bdff1f8d3bb16752ea332f0933b9c255a3ccaa322813","12470232","1621499783","2021-05-20 08:36:23","0x09482d9d4797808d0789670f7bdea23caf7f3dfe","0x1c1d97f6338759ab814a5a717ae359573ab5d5d4","","0","0","0","0.008371326","28.3641166089892","2772.84","","","Stake"
"0xa9a3a5c671dac609a8c0a580b790e965a2a8481c7a98e4b44a27698b56ccec5a","12470251","1621500099","2021-05-20 08:41:39","0x09482d9d4797808d0789670f7bdea23caf7f3dfe","0x1c1d97f6338759ab814a5a717ae359573ab5d5d4","","0","0","0","0.011535379","39.0847083347233","2772.84","","","Withdraw"
"0xdfc4e460f77f38b7118e417d443393c1fbd6d11bba7da97e1843f3311c740583","12472181","1621525635","2021-05-20 15:47:15","0x09482d9d4797808d0789670f7bdea23caf7f3dfe","0x1c1d97f6338759ab814a5a717ae359573ab5d5d4","","0","0","0","0.0080241","27.1876293053443","2772.84","","","Stake"
"0xeb63dab5b6c11a5eddce0671e74bc6df15f3e7ae2bd0378a53b45d9f51325bad","12473170","1621538939","2021-05-20 19:28:59","0x4254c604a2a6d58f8c94ded9b3aaff3a2541f388","0x1c1d97f6338759ab814a5a717ae359573ab5d5d4","","0","0","0","0.00833656","28.2463208287236","2772.84","","","Withdraw"
"0x4ba3f5585933a44712ed773951deba1fc64e287be11d1aa632a49a1391241c92","12473760","1621546948","2021-05-20 21:42:28","0x657e21723ae99c05c9c2a6032343c7865bcb1940","0x1c1d97f6338759ab814a5a717ae359573ab5d5d4","","0","0","0","0.007007688","23.7437748322565","2772.84","","","Stake"
"0xc28eb507b345399e6b79c186952ed6754ebcab6f6f982c639322547c7855ae89","12476354","1621582142","2021-05-21 07:29:02","0x2f6119e04d7766b6b867b62a6d54318346b47afe","0x1c1d97f6338759ab814a5a717ae359573ab5d5d4","","0","0","0","0.005213248122","17.6637700698793","2435.86","","","Get Reward"
"0x57e2b27427d4dfa5cc4f0c180976f1102032e4356b7faab7e37bbb2b4a0fe0c4","12479631","1621625933","2021-05-21 19:38:53","0x657e21723ae99c05c9c2a6032343c7865bcb1940","0x1c1d97f6338759ab814a5a717ae359573ab5d5d4","","0","0","0","0.010912776","36.9751758552682","2435.86","","","Stake"
"0xfe97089733849ca777f2376490f5270d68fa41803da5ba215e49dbf2c01811aa","12485189","1621701005","2021-05-22 16:30:05","0x4254c604a2a6d58f8c94ded9b3aaff3a2541f388","0x1c1d97f6338759ab814a5a717ae359573ab5d5d4","","0","0","0","0.004698834","15.9208081852604","2297.03","","","Get Reward"
"0xcc90d34422b95d60acfb89cb4efacd2c789d5d334faa981720ef2688f06c68ee","12486512","1621718453","2021-05-22 21:20:53","0x7f960b97b12ef8b6828529e961f6646ad764d90b","0x1c1d97f6338759ab814a5a717ae359573ab5d5d4","","0","0","0","0.004716636","15.9811257507062","2297.03","","","Get Reward"
"0x3c6e6ea6f9cedd2b0dd035ada4b6188d4bb2706e3f89cfb3b518226c9758e66a","12490363","1621770617","2021-05-23 11:50:17","0xd87ecc6c74f486b044824a222326a96f696fcfa2","0x1c1d97f6338759ab814a5a717ae359573ab5d5d4","","0","0","0","0.004272487","14.4762394247208","2098.57","","","Withdraw"
"0x443eed1594fe947d633abaa0c92aa61a12c994b9e86650d710acaec74e3eb03c","12490363","1621770617","2021-05-23 11:50:17","0xd87ecc6c74f486b044824a222326a96f696fcfa2","0x1c1d97f6338759ab814a5a717ae359573ab5d5d4","","0","0","0","0.004939967","16.7378262455146","2098.57","","","Get Reward"
"0xfcd8b02ee5de3731b47e07788981c90782abf59c223278f3e87a32207a88ce58","12495565","1621839845","2021-05-24 07:04:05","0x6969ecd635a4c155dc8cd1347a5365603cf77b4c","0x1c1d97f6338759ab814a5a717ae359573ab5d5d4","","0","0","0","0.006637434","22.489262986589","2648.77","","","Get Reward"
"0x9adad830c5eb6cb2b858684b32648f853c541145944fcf3378b56619f95a7fec","12495565","1621839845","2021-05-24 07:04:05","0x6969ecd635a4c155dc8cd1347a5365603cf77b4c","0x1c1d97f6338759ab814a5a717ae359573ab5d5d4","","0","0","0","0.002112345","7.15714570169831","2648.77","","","Get Reward"
"0x0389527be7954d05e02c3721d21822a96c39075282fb0e9045f89fcada07387b","12507694","1622001885","2021-05-26 04:04:45","0x09482d9d4797808d0789670f7bdea23caf7f3dfe","0x1c1d97f6338759ab814a5a717ae359573ab5d5d4","","0","0","0","0.005260334","17.8233086345258","2888.94","","","Get Reward"
"0xff84ee67eac2bc148c3289e2b4aea0b788c9bf393c9232436849119e6f7791fa","12511829","1622057285","2021-05-26 19:28:05","0x657e21723ae99c05c9c2a6032343c7865bcb1940","0x1c1d97f6338759ab814a5a717ae359573ab5d5d4","","0","0","0","0.005372256","18.2025279671753","2888.94","","","Get Reward"
"0xbae81d7012270a0e7e0cc6a79111accac7b3d071f34d5560edc9a6839aaf6667","12511941","1622058934","2021-05-26 19:55:34","0x657e21723ae99c05c9c2a6032343c7865bcb1940","0x1c1d97f6338759ab814a5a717ae359573ab5d5d4","","0","0","0","0.007008552","23.7467022772933","2888.94","","","Stake"
"0xfa0e9605c2c199d694eacf7182f8519424313623ab76b57a6c5549fa457f3c24","12514032","1622086828","2021-05-27 03:40:28","0x2f6119e04d7766b6b867b62a6d54318346b47afe","0x1c1d97f6338759ab814a5a717ae359573ab5d5d4","","0","0","0","0.002813693207","9.53348635870456","2742.48","","","Withdraw"
"0xa4606a262d04e8b1786bb6537aa3e05713471040823c7000ac44e05dc3aa0a03","12514036","1622086852","2021-05-27 03:40:52","0x2f6119e04d7766b6b867b62a6d54318346b47afe","0x1c1d97f6338759ab814a5a717ae359573ab5d5d4","","0","0","0","0.003482507977","11.7995957093731","2742.48","","","Get Reward"
"0xd27fef2fd9ab12dd9c309e28d98429e6228115d18d210618e517a1fca0a94504","12515740","1622109438","2021-05-27 09:57:18","0x09482d9d4797808d0789670f7bdea23caf7f3dfe","0x1c1d97f6338759ab814a5a717ae359573ab5d5d4","","0","0","0","0.002854806","9.67278663858534","2742.48","","","Get Reward"
"0xa384d9bf68450e4622b3b787b838de3120da69130c0d8dd30548342717b7b3f6","12517152","1622129160","2021-05-27 15:26:00","0x6969ecd635a4c155dc8cd1347a5365603cf77b4c","0x1c1d97f6338759ab814a5a717ae359573ab5d5d4","","0","0","0","0.006921789","23.4527278401079","2742.48","","","Get Reward"
"0xf10053229fdc5ed5867af71ad8e5be8b801cdb70103c0b9e72bca906b54dce33","12517155","1622129216","2021-05-27 15:26:56","0x6969ecd635a4c155dc8cd1347a5365603cf77b4c","0x1c1d97f6338759ab814a5a717ae359573ab5d5d4","","0","0","0","0.003868656","13.1079604239598","2742.48","","","Withdraw"
"0x256412606f1c39f9a86cc177e06c84c7e8be5a9704a0661cae7d72eeaef5ece2","12518085","1622141840","2021-05-27 18:57:20","0x0eeacd4c475040463389d15ead034d1291b008b1","0x1c1d97f6338759ab814a5a717ae359573ab5d5d4","","0","0","0","0.003198717","10.8380419048495","2742.48","","","Get Reward"
"0x58b853e0f8453f888f388c5ab178c920d1d6a12cf5223fa23b4a1792e19de4e7","12518117","1622142391","2021-05-27 19:06:31","0x0eeacd4c475040463389d15ead034d1291b008b1","0x1c1d97f6338759ab814a5a717ae359573ab5d5d4","","0","0","0","0.002048112","6.93950845974343","2742.48","","","Withdraw"
"0x8103c7fba0d9e338274cf5beb9b991b5969802117a81303198dc5579fd29691f","12518292","1622144760","2021-05-27 19:46:00","0x657e21723ae99c05c9c2a6032343c7865bcb1940","0x1c1d97f6338759ab814a5a717ae359573ab5d5d4","","0","0","0","0.003421656","11.5934142070023","2742.48","","","Withdraw"
"0x663dd2835e4ece58e452a2a6e5ac23c0e15bf639f91cdcca6391d5728abf8c78","12518292","1622144760","2021-05-27 19:46:00","0x657e21723ae99c05c9c2a6032343c7865bcb1940","0x1c1d97f6338759ab814a5a717ae359573ab5d5d4","","0","0","0","0.00361991","12.2651476425654","2742.48","","","Get Reward"
"0xb46503f2361db11d63b91f14e9062882fb722bb30a77e2064b7ce8424b364380","12519039","1622154521","2021-05-27 22:28:41","0x60dff65c9e97f369f36b070075facd3130b62a68","0x1c1d97f6338759ab814a5a717ae359573ab5d5d4","","0","0","0","0.002843304","9.63381502653289","2742.48","","","Get Reward"
"0xfa432332e8ed6b2ae9623b46b70f9f3d09f02660f4c986bfd4cd6ef30f8efdbb","12519039","1622154521","2021-05-27 22:28:41","0x60dff65c9e97f369f36b070075facd3130b62a68","0x1c1d97f6338759ab814a5a717ae359573ab5d5d4","","0","0","0","0.001972256","6.68248962790108","2742.48","","","Withdraw"
"0x0cee09c8e5e654a2a2acdea34193fae3e77955507cad95c5f1565795b05e4807","12523450","1622213379","2021-05-28 14:49:39","0x657e21723ae99c05c9c2a6032343c7865bcb1940","0x1c1d97f6338759ab814a5a717ae359573ab5d5d4","","0","0","0","0.00378032","12.8086562749192","2412.36","","","Stake"
"0x0472cc94bf9d31dd561f00c1717319d7506e24d3fabca0e2762a7cd7f4029005","12526787","1622258338","2021-05-29 03:18:58","0x9fc1ca176d6ddea94c4b9bfe8af6d28f5795b305","0x1c1d97f6338759ab814a5a717ae359573ab5d5d4","","0","0","0","0.002678304","9.07475434242105","2278.58","","","Stake"
"0x9c6a9a7b66c005fe6aba921fc530e99494eefc97fd828b0c47908075d1232040","12533980","1622354173","2021-05-30 05:56:13","0xf41ad43f7750bca982b34812eb5298c2c64302da","0x1c1d97f6338759ab814a5a717ae359573ab5d5d4","","0","0","0","0.0022430796","7.60010676177763","2386.91","","","Stake"
"0xb0982c3b9b80279b7603f776fdd156af56dfa84d7a43793a83360460e6432cb7","12537248","1622398545","2021-05-30 18:15:45","0x9fc1ca176d6ddea94c4b9bfe8af6d28f5795b305","0x1c1d97f6338759ab814a5a717ae359573ab5d5d4","","0","0","0","0.003543038","12.0046863522075","2386.91","","","Withdraw"
"0x71b6ab23ac1899665948a719e540c0dde47540cbaf5037923aa74c7a7acf687d","12543615","1622484378","2021-05-31 18:06:18","0x9fc1ca176d6ddea94c4b9bfe8af6d28f5795b305","0x1c1d97f6338759ab814a5a717ae359573ab5d5d4","","0","0","0","0.002267904","7.68421794993924","2707.38","","","Stake"
"0xff3eee5fd6ce7f8dd7dee338ce0afe6f940a56518cd18605f3c35d9baf5b2e26","12547042","1622530027","2021-06-01 06:47:07","0x9fc1ca176d6ddea94c4b9bfe8af6d28f5795b305","0x1c1d97f6338759ab814a5a717ae359573ab5d5d4","","0","0","0","0.001765038","5.98038395008116","2634.23","","","Stake"
"0x216fdad1219fb3b2ed9cbc6f9d0cb96f535054078d657929c5003dcc7298b3b8","12549282","1622560106","2021-06-01 15:08:26","0x9fc1ca176d6ddea94c4b9bfe8af6d28f5795b305","0x1c1d97f6338759ab814a5a717ae359573ab5d5d4","","0","0","0","0.002005725","6.79589085236495","2634.23","","","Stake"
"0x01b1aca7021e4a15dbbda501104c1c40376b4cd7b68db32c53ac0efb883c57d7","12549312","1622560473","2021-06-01 15:14:33","0xef9af12bf7c5a32d7461d011c4ce9124d73f52a0","0x1c1d97f6338759ab814a5a717ae359573ab5d5d4","","0","0","0","0.003024256","10.2469250199354","2634.23","","","Stake"
"0xdc9e4cb6dd0035e8548d38f385efe82443ffba02708471107909c8a98ce8c2f3","12556668","1622658309","2021-06-02 18:25:09","0x657e21723ae99c05c9c2a6032343c7865bcb1940","0x1c1d97f6338759ab814a5a717ae359573ab5d5d4","","0","0","0","0.005461368","18.5044613955546","2706.52","","","Get Reward"
"0xce7c9addb5c566caff981223d42353cfc093b23312675cf22c93a32306b9dec2","12559597","1622697376","2021-06-03 05:16:16","0x9fc1ca176d6ddea94c4b9bfe8af6d28f5795b305","0x1c1d97f6338759ab814a5a717ae359573ab5d5d4","","0","0","0","0.002567328","8.69874029102714","2856.01","","","Stake"
"0xd976866e63f1f786e6785f427cdb7fd2516c6c381e6402aa1c2df69ed211d8b7","12562153","1622731626","2021-06-03 14:47:06","0x09482d9d4797808d0789670f7bdea23caf7f3dfe","0x1c1d97f6338759ab814a5a717ae359573ab5d5d4","","0","0","0","0.003751884","12.712308095444","2856.01","","","Withdraw"
"0x22e15e49ddaf90114bddaf755f6c3bb50d6fa926f631a26f95cad81a81d5fb13","12563015","1622743254","2021-06-03 18:00:54","0x09482d9d4797808d0789670f7bdea23caf7f3dfe","0x1c1d97f6338759ab814a5a717ae359573ab5d5d4","","0","0","0","0.00330778","11.2075742405543","2856.01","","","Stake"
"0xc0075370720e860ba5a2ced68a079dfbafa40bc4bff4d12c5c93682a656c22c2","12563038","1622743449","2021-06-03 18:04:09","0x09482d9d4797808d0789670f7bdea23caf7f3dfe","0x1c1d97f6338759ab814a5a717ae359573ab5d5d4","","0","0","0","0.003469582","11.7557993121341","2856.01","","","Get Reward"
"0x918c96b74d3ecef3afd6d5450dfd44cc0e4dc86f3a1460f27e91a50295b9d788","12566957","1622796367","2021-06-04 08:46:07","0x21e4920bfece1009fd55958b50da12c72c3a7140","0x1c1d97f6338759ab814a5a717ae359573ab5d5d4","","0","0","0","0.002605175","8.82697525897612","2691.17","","","Withdraw"
"0x9b41ac148e938fa1ad59ec08cae3d7f1bbbfd2a148f94b8b2a1f71b47d242750","12567247","1622800122","2021-06-04 09:48:42","0x21e4920bfece1009fd55958b50da12c72c3a7140","0x1c1d97f6338759ab814a5a717ae359573ab5d5d4","","0","0","0","0.002078912","7.04386645411097","2691.17","","","Stake"
"0x8bebf130ef92ad6e948372ee2617e36435c0ab1842c63632e47f03fc248c76d8","12569092","1622824000","2021-06-04 16:26:40","0x21e4920bfece1009fd55958b50da12c72c3a7140","0x1c1d97f6338759ab814a5a717ae359573ab5d5d4","","0","0","0","0.002264782","7.67363984414653","2691.17","","","Withdraw"
"0xb84e31e2178cbd05d6ed24139886d51458cd0a994ba5725b5369d554479e5145","12569205","1622825547","2021-06-04 16:52:27","0x21e4920bfece1009fd55958b50da12c72c3a7140","0x1c1d97f6338759ab814a5a717ae359573ab5d5d4","","0","0","0","0.002461294","8.33947095418402","2691.17","","","Get Reward"
"0x1e07c6f0e7e0e48a9490fa8ce090f10904808afd23bb094bf0d3b5d0e564ae1d","12576796","1622927699","2021-06-05 21:14:59","0x7f960b97b12ef8b6828529e961f6646ad764d90b","0x1c1d97f6338759ab814a5a717ae359573ab5d5d4","","0","0","0","0.001985952","6.72889505292893","2629.76","","","Get Reward"
"0xe876be84ba733aa01fc1ce5d6a275257db25beb8e138beb6e93ffbfe852a1e55","12590130","1623105277","2021-06-07 22:34:37","0x9fc1ca176d6ddea94c4b9bfe8af6d28f5795b305","0x1c1d97f6338759ab814a5a717ae359573ab5d5d4","","0","0","0","0.002874531","9.73961980218599","2593.12","","","Withdraw"
"0x2c0416ef7732867174ee92491ac7fe392cb311044d29c7137ffa5aa56b725296","12590134","1623105299","2021-06-07 22:34:59","0x9fc1ca176d6ddea94c4b9bfe8af6d28f5795b305","0x1c1d97f6338759ab814a5a717ae359573ab5d5d4","","0","0","0","0.002796925","9.47667153884548","2593.12","","","Get Reward"
"0x919931b25ab944c78881098a26b80eda4d9d4c73d51094f3184ac1fc7bca8db8","12592775","1623140604","2021-06-08 08:23:24","0x0056d1fd2ca3c0f3a7b6ed6cdd1f1f104b4bf9a9","0x1c1d97f6338759ab814a5a717ae359573ab5d5d4","","0","0","0","0.001562344","5.29360669974561","2509.23","","","Stake"
"0x4a976f98b3a55f71b2f0a2d69febd53a561fe62cef54ad5a5ee54351322375c1","12594666","1623165796","2021-06-08 15:23:16","0x09482d9d4797808d0789670f7bdea23caf7f3dfe","0x1c1d97f6338759ab814a5a717ae359573ab5d5d4","","0","0","0","0.007712206","26.1308555295238","2509.23","","","Withdraw"
"0x285f7b903d7cea511b66bdab5d6a32473d55bb7d031e652b448809b1d9503444","12594669","1623165819","2021-06-08 15:23:39","0x09482d9d4797808d0789670f7bdea23caf7f3dfe","0x1c1d97f6338759ab814a5a717ae359573ab5d5d4","","0","0","0","0.008278898","28.0509477549826","2509.23","","","Get Reward"
"0x4a3d048d0019a81cbcd076251177bec29e92af46a4e0b260b339097464aadcc0","12602162","1623266574","2021-06-09 19:22:54","0x657e21723ae99c05c9c2a6032343c7865bcb1940","0x1c1d97f6338759ab814a5a717ae359573ab5d5d4","","0","0","0","0.003599538","12.1961222834337","2610.64","","","Get Reward"
"0xdec3fc4b61db9f3decddf52014d4c44e47579ad3db612bcb9d615e1674bd0c1e","12604351","1623295854","2021-06-10 03:30:54","0x8363ce79090f4ea7dd485396dd13f19ab29ea114","0x1c1d97f6338759ab814a5a717ae359573ab5d5d4","","0","0","0","0.001899864","6.43720768217851","2471.56","","","Get Reward"
"0xed435d3ddd65af494d4692bc3c5cbbff3f5df9bcbfb6df17c7716cdcbfa79472","12604395","1623296562","2021-06-10 03:42:42","0x8363ce79090f4ea7dd485396dd13f19ab29ea114","0x1c1d97f6338759ab814a5a717ae359573ab5d5d4","","0","0","0","0.001250484","4.23694812430854","2471.56","","","Withdraw"
"0xed6d88812bb0e2264ab7eba2d4358a63dee0ad69b0fbef675a6a5ebeea1c659c","12604395","1623296562","2021-06-10 03:42:42","0x8363ce79090f4ea7dd485396dd13f19ab29ea114","0x1c1d97f6338759ab814a5a717ae359573ab5d5d4","","0","0","0","0.000855049","2.89711684175239","2471.56","Error(0)","Reverted","Withdraw"
"0x78c312e77ed7858771f33a1269388c57de4cbcbfcde9118d576c10a7d7ca7fb4","12606373","1623322925","2021-06-10 11:02:05","0x167539702b5501aadd9b0b85e53532fd57cc71a9","0x1c1d97f6338759ab814a5a717ae359573ab5d5d4","","0","0","0","0.001562344","5.29360669974561","2471.56","","","Stake"
"0x2ad341f8e9f42609b93521c993d6bae6450cc146ee2fc2e01885fbe3f9d4036e","12610488","1623377482","2021-06-11 02:11:22","0xecdb3d750c2bce66a4a8a7b9d0cf55aaeb6abbb2","0x1c1d97f6338759ab814a5a717ae359573ab5d5d4","","0","0","0","0.002120324","7.18418052108333","2355.09","","","Stake"
"0xa7a1047d1abbe3dd68cfa21c16ed07a3fdcc70dd66fc13e12508b4553ca14228","12611262","1623387654","2021-06-11 05:00:54","0x167539702b5501aadd9b0b85e53532fd57cc71a9","0x1c1d97f6338759ab814a5a717ae359573ab5d5d4","","0","0","0","0.001772182","6.00458958357992","2355.09","","","Withdraw"
"0x86b5215e052f003c0b50d9dcda4ad14efd5a8df20bab0be9617755d55e3f9b8d","12611285","1623387939","2021-06-11 05:05:39","0x167539702b5501aadd9b0b85e53532fd57cc71a9","0x1c1d97f6338759ab814a5a717ae359573ab5d5d4","","0","0","0","0.001137686","3.8547606876634","2355.09","","","Get Reward"
"0x03d160a7f46e992a9d8f43fac3a98f457531adf3037c514196d50da06ec63c49","12611918","1623396467","2021-06-11 07:27:47","0xf41ad43f7750bca982b34812eb5298c2c64302da","0x1c1d97f6338759ab814a5a717ae359573ab5d5d4","","0","0","0","0.0010939716","3.70664552178741","2355.09","","","Withdraw"
"0x3f6be178f837f485675975e0357a96e8f9d3ca628a539267b820523e9505e6d1","12611921","1623396487","2021-06-11 07:28:07","0xf41ad43f7750bca982b34812eb5298c2c64302da","0x1c1d97f6338759ab814a5a717ae359573ab5d5d4","","0","0","0","0.0013378386","4.532927048165","2355.09","","","Get Reward"
"0x1bb757ac43cb9187bcf28602dbfb3d15a3b6a4d1232120d58a6cc0dea01c3990","12612184","1623400183","2021-06-11 08:29:43","0xecdb3d750c2bce66a4a8a7b9d0cf55aaeb6abbb2","0x1c1d97f6338759ab814a5a717ae359573ab5d5d4","","0","0","0","0.001576896","5.34291246383771","2355.09","","","Withdraw"
"0x55ee39cdedc8a64ccf1c1e00cc77333f7c4e5451fdc64827d7cb673f44fd996b","12612219","1623400576","2021-06-11 08:36:16","0xecdb3d750c2bce66a4a8a7b9d0cf55aaeb6abbb2","0x1c1d97f6338759ab814a5a717ae359573ab5d5d4","","0","0","0","0.001344538","4.55562626723857","2355.09","","","Get Reward"
"0xde86c82ed3e8433a535930d1f2bd4dfb46d226e1904ba4cc2c13374a4b40d1e0","12612292","1623401546","2021-06-11 08:52:26","0xef9af12bf7c5a32d7461d011c4ce9124d73f52a0","0x1c1d97f6338759ab814a5a717ae359573ab5d5d4","","0","0","0","0.001912878","6.48130232304537","2355.09","","","Get Reward"
"0x9ceb33a017e891f647f529c1a7a8c5c024dd5c315e87677cb66ddfca282aa33b","12615277","1623441887","2021-06-11 20:04:47","0x657e21723ae99c05c9c2a6032343c7865bcb1940","0x1c1d97f6338759ab814a5a717ae359573ab5d5d4","","0","0","0","0.001777065","6.02113439158306","2355.09","","","Get Reward"
"0xdd9d6c2faa68eae34ef2d4134f51bf883802a7dacbafb0e1758d91a30439ed8b","12616402","1623456653","2021-06-12 00:10:53","0x7f960b97b12ef8b6828529e961f6646ad764d90b","0x1c1d97f6338759ab814a5a717ae359573ab5d5d4","","0","0","0","0.001421652","4.81690751326645","2369.62","","","Get Reward"
"0xebd7477f6ebe12507015d95a92fc67368d55742a9c7f3cb02641896ff72e72f0","12616406","1623456678","2021-06-12 00:11:18","0x7f960b97b12ef8b6828529e961f6646ad764d90b","0x1c1d97f6338759ab814a5a717ae359573ab5d5d4","","0","0","0","0.000910416","3.08471388961433","2369.62","","","Withdraw"
"0x4879315f3095c3c55f214056b6e2ce4a4527bb3deaa492698aa156597838e37a","12616448","1623457198","2021-06-12 00:19:58","0x7ccf173012bfe53f16f4d6a2a4aea32abafcd04c","0x1c1d97f6338759ab814a5a717ae359573ab5d5d4","","0","0","0","0.00106271","3.60072351280298","2369.62","","","Get Reward"
"0x01bb832e63acc4787e2bc49239ad08c1a983e3f4447d1f45a60b426ed9691dd1","12617320","1623468457","2021-06-12 03:27:37","0x657e21723ae99c05c9c2a6032343c7865bcb1940","0x1c1d97f6338759ab814a5a717ae359573ab5d5d4","","0","0","0","0.001669096","5.65530879762626","2369.62","","","Withdraw"
"0xa054da582d4ebafdf9813ea35b06b8478819dc402652fb538252d6807fc61e86","12618931","1623491075","2021-06-12 09:44:35","0x0056d1fd2ca3c0f3a7b6ed6cdd1f1f104b4bf9a9","0x1c1d97f6338759ab814a5a717ae359573ab5d5d4","","0","0","0","0.001066239","3.61268063494984","2369.62","","","Get Reward"
"0x344b79faeb9eabbca3f5ed6fc3ffaa80130adc915b04f548ac38fec8489c8f38","12621673","1623528272","2021-06-12 20:04:32","0x0056d1fd2ca3c0f3a7b6ed6cdd1f1f104b4bf9a9","0x1c1d97f6338759ab814a5a717ae359573ab5d5d4","","0","0","0","0.000606848","2.05615065473879","2369.62","","","Withdraw"
"0x0f5c643cb47471a4a43a972f03fe2eccd1995c292aa23b64955a11cc08779c74","12631546","1623659925","2021-06-14 08:38:45","0xef9af12bf7c5a32d7461d011c4ce9124d73f52a0","0x1c1d97f6338759ab814a5a717ae359573ab5d5d4","","0","0","0","0.000986284","3.34177338041552","2582.12","","","Withdraw"
"0x84bc7cf884cbecb508096e4a055506f0583bc62764928498fdbc32858eca6751","12641378","1623790622","2021-06-15 20:57:02","0x7ccf173012bfe53f16f4d6a2a4aea32abafcd04c","0x1c1d97f6338759ab814a5a717ae359573ab5d5d4","","0","0","0","0.001061984","3.59826364579289","2543.60","","","Withdraw"
"0x20af129d109fcfc8c1a017abc9f713ae0c4e73daae3cf2501fe8f7a38b82cf0e","12644911","1623838679","2021-06-16 10:17:59","0xa1efa0adecb7f5691605899d13285928ae025844","0x1c1d97f6338759ab814a5a717ae359573ab5d5d4","","0","0","0","0.001303181","4.41549855382758","2367.70","","","Get Reward"
"0x56f56c969a2478127912e324aa3d4fc939d92e2e28fb06e56382ff0968aa2f46","12645044","1623840420","2021-06-16 10:47:00","0xa1efa0adecb7f5691605899d13285928ae025844","0x1c1d97f6338759ab814a5a717ae359573ab5d5d4","","0","0","0","0.000366848","1.24297147784885","2367.70","","","Withdraw"
