"Transaction Hash","Blockno","UnixTimestamp","DateTime (UTC)","From","To","ContractAddress","Value_IN(ETH)","Value_OUT(ETH)","CurrentValue @ $3385.51519738798/Eth","TxnFee(ETH)","TxnFee(USD)","Historical $Price/Eth","Status","ErrCode","Method"
"0x751eb0cc4a5b2f994bcca8368159e4df951f4a0fbe16a5d00c0b9655bad1f0fe","11656247","1610668316","2021-01-14 23:51:56","0xde910777c787903f78c89e7a0bf7f4c435cbb1fe","","0xaa03ab31b55dceeef845c8d17890cc61cd98ed04","0","0","0","0.33576702","1136.74434899167","1232.11","","","0x60806040"
"0x5a17c74bd7af87784957607d8f5b2df913e865e88518725866c1768972164be0","11656297","1610668918","2021-01-15 00:01:58","0xde910777c787903f78c89e7a0bf7f4c435cbb1fe","0xaa03ab31b55dceeef845c8d17890cc61cd98ed04","","0","0","0","0.00314258","10.6392523490075","1169.06","","","Nominate New Owner"
"0x39b3218bb97fca910ba134ad2c3dd453f9bb527877c370a5b17619bc35b622d1","11656580","1610672676","2021-01-15 01:04:36","0xde910777c787903f78c89e7a0bf7f4c435cbb1fe","0xaa03ab31b55dceeef845c8d17890cc61cd98ed04","","0","0","0","0.0235891","79.8612565427048","1169.06","","","Add Synths"
"0x3ee0111cb2cfa5ac36d5bd07990b38f4ee39148e7e14a174ba07f07aefe19968","11656586","1610672766","2021-01-15 01:06:06","0xde910777c787903f78c89e7a0bf7f4c435cbb1fe","0xaa03ab31b55dceeef845c8d17890cc61cd98ed04","","0","0","0","0.0043808","14.8312649767173","1169.06","","","Set Issue Fee Rate"
"0x4cfd5a6cd46fa14124af6c5f72702f469cc87c332adbf2c7a8f365632c117e96","11657699","1610687896","2021-01-15 05:18:16","0x62f7a1f94aba23ed2dd108f8d23aa3e7d452565b","0xaa03ab31b55dceeef845c8d17890cc61cd98ed04","","0","0","0","0.001870596","6.33293118617317","1169.06","Error(0)","Reverted","Open"
"0xf739ff20b5acebb622c15a17c0603a1e024629c8475b9853f475aa10b1f5f7cb","11657714","1610688028","2021-01-15 05:20:28","0x62f7a1f94aba23ed2dd108f8d23aa3e7d452565b","0xaa03ab31b55dceeef845c8d17890cc61cd98ed04","","0","0","0","0.056537145","191.407363614428","1169.06","","","Open"
"0xbce63a1cd04f2e3a7f33f9c9329472a6a809e1751c3ce4393abdc0a02e686f6b","11658366","1610696188","2021-01-15 07:36:28","0xe67163ab11d4b39c5616bd84bbdf8efbdf7a5d00","0xaa03ab31b55dceeef845c8d17890cc61cd98ed04","","0","0","0","0.052557697596805","177.934883953705","1169.06","","","Open"
"0xfe9bd16085dececd872d79b753a28d7c1dc578ba16740fb0c5faa5655eea213d","11658453","1610697472","2021-01-15 07:57:52","0xe67163ab11d4b39c5616bd84bbdf8efbdf7a5d00","0xaa03ab31b55dceeef845c8d17890cc61cd98ed04","","0","0","0","0.04956196","167.792768792335","1169.06","","","Open"
"0x1d9d3f80120fc6e3bfcf3eced3de6bc785f4c97737bfe94ce64041f99628f90b","11658978","1610704248","2021-01-15 09:50:48","0xe67163ab11d4b39c5616bd84bbdf8efbdf7a5d00","0xaa03ab31b55dceeef845c8d17890cc61cd98ed04","","0","0","0","0.01888644","63.9403296445562","1169.06","","","Close"
"0x0c4e6a87d01f49e19f200bf8d84aa8d8b988b507a3ab755117f1e7c53a26f753","11658994","1610704494","2021-01-15 09:54:54","0xe67163ab11d4b39c5616bd84bbdf8efbdf7a5d00","0xaa03ab31b55dceeef845c8d17890cc61cd98ed04","","0","0","0","0.03372918","114.190651485435","1169.06","","","Open"
"0x6e793ad54eec314306048e889595581367eaf60b054d7e6d354ac140d7cf07ac","11660463","1610724009","2021-01-15 15:20:09","0xe67163ab11d4b39c5616bd84bbdf8efbdf7a5d00","0xaa03ab31b55dceeef845c8d17890cc61cd98ed04","","0","0","0","0.06059781","205.154806683429","1169.06","","","Close"
"0x7c5251c920dc2f4458f7e86df848c6c49b25f9928b35399f36486b9278cc9887","11660552","1610725005","2021-01-15 15:36:45","0xe67163ab11d4b39c5616bd84bbdf8efbdf7a5d00","0xaa03ab31b55dceeef845c8d17890cc61cd98ed04","","0","0","0","0.054326048","183.921661118029","1169.06","","","Close"
"0x121a3613acfc7cc4f14a0fac68c00b6131602d96cb9362ec588cdc5e77605a2c","11682982","1611022859","2021-01-19 02:20:59","0xbf3a6e2810ef22109919ca0edd785ee1e466efaa","0xaa03ab31b55dceeef845c8d17890cc61cd98ed04","","0","0","0","0.0867472","293.683963930855","1367.65","","","Open"
"0x2bc50aac86774823839457475db775e1f98c2e7d5046859c1847925300dcb1fb","11685468","1611055803","2021-01-19 11:30:03","0xbf3a6e2810ef22109919ca0edd785ee1e466efaa","0xaa03ab31b55dceeef845c8d17890cc61cd98ed04","","0","0","0","0.035678727","120.790872481957","1367.65","","","Draw"
"0xf8e39fe711c255063d062a20a8d41a7291d2e00020719376005c0555da66a16e","11711635","1611402646","2021-01-23 11:50:46","0x43423d151b29503024cf264da37068ffedbe1446","0xaa03ab31b55dceeef845c8d17890cc61cd98ed04","","0","0","0","0.04936096","167.11228023766","1234.10","","","Open"
"0xacce46d6fb5a6753ef55c15188924e358a0d5a7a9b4f2e1273c56e05de406b6c","11743791","1611830081","2021-01-28 10:34:41","0x5fc0d57807aa9a029f8306baf0c4dccafe87afaa","0xaa03ab31b55dceeef845c8d17890cc61cd98ed04","","0","0","0","0.06282388","212.691200498879","1330.78","","","Open"
"0x119515675764edf17201045aebfab4b3ea527a9850aadfec250f763df9f4cc1b","11788376","1612423416","2021-02-04 07:23:36","0x62f7a1f94aba23ed2dd108f8d23aa3e7d452565b","0xaa03ab31b55dceeef845c8d17890cc61cd98ed04","","0","0","0","0.083203831","281.687834331401","1597.44","","","Repay"
"0x83a527e6c7ee9812829d2f9f6c5c4f6090b081853417d39d26b48b9ac646ac29","11790669","1612453519","2021-02-04 15:45:19","0x5d396a2106694308a40608ef14a1c0892b6b7faa","0xaa03ab31b55dceeef845c8d17890cc61cd98ed04","","0","0","0","0.1794418","607.502940946654","1597.44","","","Open"
"0x0d221d5064f47ef084c5883c70c7ea89d09edbfdfbd5138636eb558b79ffcb71","11790780","1612454862","2021-02-04 16:07:42","0x5d396a2106694308a40608ef14a1c0892b6b7faa","0xaa03ab31b55dceeef845c8d17890cc61cd98ed04","","0","0","0","0.13916544","471.146712071185","1597.44","","","Open"
"0x5d35c1fd24992633e6802516487b0f35d2a378693097a0a950077d0b200d62c6","11793815","1612495156","2021-02-05 03:19:16","0x5d396a2106694308a40608ef14a1c0892b6b7faa","0xaa03ab31b55dceeef845c8d17890cc61cd98ed04","","0","0","0","0.0567642","192.176061767571","1721.48","","","Deposit"
"0x85e5af2c547cda01937c544424b59ecd69d8d62737eadaec63d83c055db15838","11793916","1612496751","2021-02-05 03:45:51","0x5d396a2106694308a40608ef14a1c0892b6b7faa","0xaa03ab31b55dceeef845c8d17890cc61cd98ed04","","0","0","0","0.07719645","261.349754659401","1721.48","","","Draw"
"0xedba88580338da7b18995c7cfc7a363c3916d3b7823d2170686e7f3da2f2d9aa","11802790","1612615077","2021-02-06 12:37:57","0xbf3a6e2810ef22109919ca0edd785ee1e466efaa","0xaa03ab31b55dceeef845c8d17890cc61cd98ed04","","0","0","0","0.061716849732072217","208.943332702841","1679.14","","","Draw"
"0xbe51af3ae2a44f1cbb0259af6b2fe906e125b246a503a21057ff5c52f64bc895","11807551","1612677652","2021-02-07 06:00:52","0xbf3a6e2810ef22109919ca0edd785ee1e466efaa","0xaa03ab31b55dceeef845c8d17890cc61cd98ed04","","0","0","0","0.035754672","121.047985433622","1614.64","","","Deposit"
"0xce6c42750f7baf226bfd324dd220d443fdfaa3bdd54ec141864ba294bd9a6663","11812917","1612748741","2021-02-08 01:45:41","0x4f862899c42645bec4b73ab20e4d06688f592f6f","0xaa03ab31b55dceeef845c8d17890cc61cd98ed04","","0","0","0","0.082927646","280.752805816611","1752.87","","","Open"
"0xcbad259ceccbcb8310182d1ffab5a443be17168847e8a26eb47a7410f8a0f208","11813675","1612759006","2021-02-08 04:36:46","0x4145b8a9b596981cafe78c20bf7a18466686a88d","0xaa03ab31b55dceeef845c8d17890cc61cd98ed04","","0","0","0","0.093044095330895423","315.002198769962","1752.87","","","Open"
"0x4e8f23ae666b908cb41cd634e07ffc6278fc1df6ce283b141788671c3757ea2e","11817853","1612815063","2021-02-08 20:11:03","0xbf3a6e2810ef22109919ca0edd785ee1e466efaa","0xaa03ab31b55dceeef845c8d17890cc61cd98ed04","","0","0","0","0.117305201","397.138540718152","1752.87","","","Draw"
"0xf11aa5875b1a89902c60ace6461bf4aa6f1958ded4344632f3e17188022042e1","11827266","1612940174","2021-02-10 06:56:14","0xccc020e1cca71c096ea0316850c1671846eaf5ba","0xaa03ab31b55dceeef845c8d17890cc61cd98ed04","","0","0","0","0.124391469","421.129208724916","1743.00","","","Open"
"0x59abcddc31e6e335aecd87d60ff50f94dc34b48f268873cee6609dcccab0091a","11832318","1613007168","2021-02-11 01:32:48","0x20017a30d3156d4005bda08c40acda0a6ae209b1","0xaa03ab31b55dceeef845c8d17890cc61cd98ed04","","0","0","0","0.1764442","597.354520590964","1787.69","","","Open"
"0x56b5f8f03347889ae6c7a3c873a92f0e48dc00211dea24ea2d27cad8de96c469","11834720","1613039168","2021-02-11 10:26:08","0x4145b8a9b596981cafe78c20bf7a18466686a88d","0xaa03ab31b55dceeef845c8d17890cc61cd98ed04","","0","0","0","0.0531751","180.025109172626","1787.69","","","Draw"
"0x4c87cc028ed4214d5d26d3a20fbac18d69ab1678b0306f8365a59dac8643ce91","11845129","1613176677","2021-02-13 00:37:57","0x5d396a2106694308a40608ef14a1c0892b6b7faa","0xaa03ab31b55dceeef845c8d17890cc61cd98ed04","","0","0","0","0.08493138","287.536477725134","1817.48","","","Close"
"0x22bfe761b030d6d930a80a8b05d77386690b1c385f8553e521a28120f649195b","11850392","1613247689","2021-02-13 20:21:29","0x10af482f012c16b56c3722d73d14cca9b986d7f1","0xaa03ab31b55dceeef845c8d17890cc61cd98ed04","","0","0","0","0.15252553","516.377499804656","1817.48","","","Open"
"0x974cf8e6c943da7f4a396527f1dab2f9cf9b69432c69ea5a9d336532bbb9a643","11850881","1613254238","2021-02-13 22:10:38","0x10af482f012c16b56c3722d73d14cca9b986d7f1","0xaa03ab31b55dceeef845c8d17890cc61cd98ed04","","0","0","0","0.055789852","188.877391806026","1817.48","","","Repay"
"0x1a32042239e491a5adb48f5583d1cf0637ad961548b2e899fa8a39b058100afc","11851279","1613259667","2021-02-13 23:41:07","0x10af482f012c16b56c3722d73d14cca9b986d7f1","0xaa03ab31b55dceeef845c8d17890cc61cd98ed04","","0","0","0","0.051158349","173.197368012778","1817.48","","","Draw"
"0xab78fdc11c7e753482b4ada214de104767619e77a5380b31bcdf3f52fa6cd7d6","11851762","1613265817","2021-02-14 01:23:37","0x10af482f012c16b56c3722d73d14cca9b986d7f1","0xaa03ab31b55dceeef845c8d17890cc61cd98ed04","","0","0","0","0.048834548","165.330104411573","1802.96","","","Withdraw"
"0xbb894ac8da55e0f2f435fa21d51e226460c1393c005fea8dafc1e32271da5fc3","11856075","1613322561","2021-02-14 17:09:21","0x5d396a2106694308a40608ef14a1c0892b6b7faa","0xaa03ab31b55dceeef845c8d17890cc61cd98ed04","","0","0","0","0.05614343","190.074435498488","1802.96","","","Draw"
"0xd01ccb76eee9a7454d06e6f8fa6dd4cc2787addf88cad35b94790c5d7fa89ebf","11865181","1613443693","2021-02-16 02:48:13","0xec80b5494e873fd9a7c7bf2368d743b38eb0b9ea","0xaa03ab31b55dceeef845c8d17890cc61cd98ed04","","0","0","0","0.099729035","337.634163613338","1782.83","","","Open"
"0xca731f8fdba8b35be2f62e3ca0423197c7aa393f97824cca811f24e312823462","11891720","1613795610","2021-02-20 04:33:30","0x5d396a2106694308a40608ef14a1c0892b6b7faa","0xaa03ab31b55dceeef845c8d17890cc61cd98ed04","","0","0","0","0.10169376","344.285769959526","1915.12","","","Draw"
"0xb40a83b21aaadbc0e1c4ef36a5b052d684a14f4ca400563ee9187d458ef63109","11928845","1614289354","2021-02-25 21:42:34","0xec80b5494e873fd9a7c7bf2368d743b38eb0b9ea","0xaa03ab31b55dceeef845c8d17890cc61cd98ed04","","0","0","0","0.053386449","180.740634424078","1481.88","","","Repay"
"0x57e475e93edbef7c04e002e67c57e897441fdd16ba4cb155546d90226a7d8fcc","11936436","1614389818","2021-02-27 01:36:58","0x5d396a2106694308a40608ef14a1c0892b6b7faa","0xaa03ab31b55dceeef845c8d17890cc61cd98ed04","","0","0","0","0.044760074","151.535910763211","1460.23","","","Close"
"0x3cabcd9584a23c874a39650afda4fbe44772d33dd01f309437d8bec82fcb29cf","11936591","1614391819","2021-02-27 02:10:19","0x10af482f012c16b56c3722d73d14cca9b986d7f1","0xaa03ab31b55dceeef845c8d17890cc61cd98ed04","","0","0","0","0.02953387872","99.9873952443735","1460.23","","","Deposit"
"0x690517a260ea221bcd96d4c8a515f151f5319ee46108ecb9b02c5ea5d645d0c1","11953585","1614618508","2021-03-01 17:08:28","0x10af482f012c16b56c3722d73d14cca9b986d7f1","0xaa03ab31b55dceeef845c8d17890cc61cd98ed04","","0","0","0","0.06218925","210.54265098916","1571.49","","","Draw"
"0xc608773bcd636d61fc7dc058286d22bfa9bd44369a86842bafe92f074208c75c","11958221","1614680070","2021-03-02 10:14:30","0xb92667e34cb6753449adf464f18ce1833caf26e0","0xaa03ab31b55dceeef845c8d17890cc61cd98ed04","","0","0","0","0.07057672","238.938558141796","1488.67","","","Open"
"0xeb960a8c90847d86be0639a81032602dfc583818d2a1001ddd0bc431e038c6b2","11968625","1614819002","2021-03-04 00:50:02","0x10af482f012c16b56c3722d73d14cca9b986d7f1","0xaa03ab31b55dceeef845c8d17890cc61cd98ed04","","0","0","0","0.040574496","137.365572834358","1538.37","","","Deposit"
"0x3f78e0116ff31ad1fecbdcbc4f26edebe1c82f6e47434967ac35d3290d3c06a5","11968663","1614819402","2021-03-04 00:56:42","0x10af482f012c16b56c3722d73d14cca9b986d7f1","0xaa03ab31b55dceeef845c8d17890cc61cd98ed04","","0","0","0","0.047542196","160.954827075198","1538.37","","","Draw"
"0xd34fd20a7690c64e550dd422e6ea0944a036e80b0d0307cce62491186e1b42a6","11998205","1615210976","2021-03-08 13:42:56","0x4d03aea34ffefd6af6cc154b3f03501ae083fb92","0xaa03ab31b55dceeef845c8d17890cc61cd98ed04","","0","0","0","0.084692065287142931","286.726274127797","1834.48","","","Open"
"0x6befde8eb33936ea3af5ea2dddb28e95164c43585d1dcf5f28d9f2af238eafd0","11998253","1615211781","2021-03-08 13:56:21","0x4d03aea34ffefd6af6cc154b3f03501ae083fb92","0xaa03ab31b55dceeef845c8d17890cc61cd98ed04","","0","0","0","0.052905490701719181","179.112342795939","1834.48","","","Repay"
"0x69addfdcca861c80c254497159eed5ef3d262073e0369947beaf1a42ea784d2f","12000963","1615247854","2021-03-08 23:57:34","0x20017a30d3156d4005bda08c40acda0a6ae209b1","0xaa03ab31b55dceeef845c8d17890cc61cd98ed04","","0","0","0","0.077436331","262.161875430466","1834.48","","","Repay"
"0x2229ad4aaba7db62a7ee2cfb8f223cd69990511b1216eb3348ac1cbd37062b00","12001059","1615249196","2021-03-09 00:19:56","0x20017a30d3156d4005bda08c40acda0a6ae209b1","0xaa03ab31b55dceeef845c8d17890cc61cd98ed04","","0","0","0","0.085129743","288.208038676233","1872.10","","","Repay"
"0x827fe6c2783e7638e5fd4cd285fb73e41739d4b59a97f57d708948ec1f07137e","12001092","1615249663","2021-03-09 00:27:43","0x20017a30d3156d4005bda08c40acda0a6ae209b1","0xaa03ab31b55dceeef845c8d17890cc61cd98ed04","","0","0","0","0.094265612","319.137662017079","1872.10","","","Repay"
"0x727c13a9540df5153b9158e703d9d32bbaac5d29fab92194683d01b97430ec07","12001112","1615250015","2021-03-09 00:33:35","0x20017a30d3156d4005bda08c40acda0a6ae209b1","0xaa03ab31b55dceeef845c8d17890cc61cd98ed04","","0","0","0","0.087491546","296.20395862597","1872.10","","","Withdraw"
"0xbb8a9347a92ff2dc503899db0029da06d5d1571dd247b97a2cd3329c325b7c4b","12007398","1615334281","2021-03-09 23:58:01","0xbf3a6e2810ef22109919ca0edd785ee1e466efaa","0xaa03ab31b55dceeef845c8d17890cc61cd98ed04","","0","0","0","0.060461271","204.692551823893","1872.10","","","Draw"
"0x9e5afa35b4bc6322c42053ebd81c73f293bd61fcc4b9a604ed865fb36fc369ee","12028475","1615616116","2021-03-13 06:15:16","0x1ebb814c9ef016e6012be299ed834f1ddced1529","0xaa03ab31b55dceeef845c8d17890cc61cd98ed04","","0","0","0","0.100571826","340.48744535206","1921.18","","","Open"
"0xbb5133cc989ad47eb77ca4442b83031a98c4ce907e3c9792183e09ffb2af962c","12041720","1615792018","2021-03-15 07:06:58","0x1ebb814c9ef016e6012be299ed834f1ddced1529","0xaa03ab31b55dceeef845c8d17890cc61cd98ed04","","0","0","0","0.067694381","229.180355653272","1794.83","","","Draw"
"0x19ed958d4a233fc34c4861c491cd6d11e83d68d810e8e32e5fc87b0972b69824","12052978","1615941707","2021-03-17 00:41:47","0xccc020e1cca71c096ea0316850c1671846eaf5ba","0xaa03ab31b55dceeef845c8d17890cc61cd98ed04","","0","0","0","0.0701072","237.348991046319","1823.03","","","Deposit"
"0x19945b718aa382972dadd24ca8f32952964d1d6e589a16cc86c999559b71261b","12053004","1615942062","2021-03-17 00:47:42","0xccc020e1cca71c096ea0316850c1671846eaf5ba","0xaa03ab31b55dceeef845c8d17890cc61cd98ed04","","0","0","0","0.100854363","341.443978659384","1823.03","","","Draw"
"0x2b45ae2532adb70d90f3da8cefe17711b61898aa774e7db391de2df2731b07fb","12060121","1616036953","2021-03-18 03:09:13","0x4145b8a9b596981cafe78c20bf7a18466686a88d","0xaa03ab31b55dceeef845c8d17890cc61cd98ed04","","0","0","0","0.082289132732072217","278.591109444307","1776.16","","","Draw"
"0xcb5a95fdeca0b2b50c703fda840ef82665d5d63f6b7316b3ce6f021c7d63fbf7","12080591","1616309027","2021-03-21 06:43:47","0x4f862899c42645bec4b73ab20e4d06688f592f6f","0xaa03ab31b55dceeef845c8d17890cc61cd98ed04","","0","0","0","0.047541092","160.95108946642","1783.94","","","Draw"
"0xa14335719946adacf1b30add384b3f9eefea43cae25dcf4b08461c66004b7afc","12086511","1616388095","2021-03-22 04:41:35","0xb92667e34cb6753449adf464f18ce1833caf26e0","0xaa03ab31b55dceeef845c8d17890cc61cd98ed04","","0","0","0","0.094805148","320.964269344617","1682.05","","","Open"
"0x93c2658e5ead27f354515209bc511c7531855cd6840b55d890d929d0c4c49eb4","12095623","1616508651","2021-03-23 14:10:51","0x10af482f012c16b56c3722d73d14cca9b986d7f1","0xaa03ab31b55dceeef845c8d17890cc61cd98ed04","","0","0","0","0.065730953","222.533140320295","1668.69","","","Draw"
"0xc16ad139ad61413490d44a5b8201b629cf8eee260d4f68ba24ea2ea130abd483","12116446","1616785557","2021-03-26 19:05:57","0x1ebb814c9ef016e6012be299ed834f1ddced1529","0xaa03ab31b55dceeef845c8d17890cc61cd98ed04","","0","0","0","0.055195936","186.866680162054","1699.89","","","Deposit"
"0x5ea3cfffa24f1a5a1d6af4c241d5c86cbfdbc32fca109b009b53ce7ff4d25377","12119632","1616827799","2021-03-27 06:49:59","0x1ebb814c9ef016e6012be299ed834f1ddced1529","0xaa03ab31b55dceeef845c8d17890cc61cd98ed04","","0","0","0","0.042148092","142.693006006907","1713.94","","","Draw"
"0x0ac75d3fb95d0059310934d8820b5a7be38edd2461957a7ea122a9ef9a229533","12126345","1616917769","2021-03-28 07:49:29","0x1ebb814c9ef016e6012be299ed834f1ddced1529","0xaa03ab31b55dceeef845c8d17890cc61cd98ed04","","0","0","0","0.02979556","100.873321194685","1686.74","","","Deposit"
"0xed1da10d335b98c647210085eca66208a4fd5884289fc9f3ad5cac2b39fd3cc5","12126392","1616918366","2021-03-28 07:59:26","0x1ebb814c9ef016e6012be299ed834f1ddced1529","0xaa03ab31b55dceeef845c8d17890cc61cd98ed04","","0","0","0","0.042648835","144.388279043392","1686.74","","","Draw"
"0x0002983158438cdb41ac0c1ec94404152daf6c4016a241c052f2b7a9ed969f32","12144235","1617155195","2021-03-31 01:46:35","0xccc020e1cca71c096ea0316850c1671846eaf5ba","0xaa03ab31b55dceeef845c8d17890cc61cd98ed04","","0","0","0","0.083290666","281.981815543566","1919.08","","","Draw"
"0xec123e3fce22077d68720532a4794bf03d75d9f96c2d2b718c089dca83f6b5fb","12148901","1617217096","2021-03-31 18:58:16","0x1ebb814c9ef016e6012be299ed834f1ddced1529","0xaa03ab31b55dceeef845c8d17890cc61cd98ed04","","0","0","0","0.09451848","319.993750474012","1919.08","","","Withdraw"
"0xd8b8c0c6c69f5c071e16f797e4b04fe2aef6749e452353b11dda67b971c45b3f","12158351","1617342906","2021-04-02 05:55:06","0x1ebb814c9ef016e6012be299ed834f1ddced1529","0xaa03ab31b55dceeef845c8d17890cc61cd98ed04","","0","0","0","0.06021156","203.847151438438","2134.46","","","Draw"
"0xc1d41a9798c67158eab1d27ac529df2f0ac3fad8b70c475558a5ed14cab81a41","12214032","1618082373","2021-04-10 19:19:33","0xb082ddfd74748b763f52f04558e5f814a56de67a","0xaa03ab31b55dceeef845c8d17890cc61cd98ed04","","0","0","0","0.068327454","231.323633915828","2133.82","","","Open"
"0x1a72090333a471394ca87313dfff0747f7df9692193e180f5d2304c2de69642e","12235790","1618370896","2021-04-14 03:28:16","0x10af482f012c16b56c3722d73d14cca9b986d7f1","0xaa03ab31b55dceeef845c8d17890cc61cd98ed04","","0","0","0","0.061393625606569015","207.849052513787","2431.86","","","Draw"
"0x73ca7a5f29dbebe975b1be9229e1a1efc4b6aa652bc9170ce7fa9347b017ffdf","12241255","1618443928","2021-04-14 23:45:28","0x106b860efa2f53ccc342492bbdaae1e652151a87","0xaa03ab31b55dceeef845c8d17890cc61cd98ed04","","0","0","0","0.088474081","299.530345800435","2431.86","","","Open"
"0x7f23972678f916594aa9fd21a59b27bcd5090339fd21afd00b2ff9140d5e65ed","12244945","1618493562","2021-04-15 13:32:42","0x4d03aea34ffefd6af6cc154b3f03501ae083fb92","0xaa03ab31b55dceeef845c8d17890cc61cd98ed04","","0","0","0","0.032882409","111.323895396227","2517.08","","","Draw"
"0xd2bb529bd9a135691e28d856f038d12060b20049582a6d576a5ceedfab7ac1c8","12244970","1618493953","2021-04-15 13:39:13","0x74f8744020f5900a2c3a3289c6c2182f56a6901f","0xaa03ab31b55dceeef845c8d17890cc61cd98ed04","","0","0","0","0.055661817","188.443927367729","2517.08","","","Open"
"0xee5037883830289ed1d38e66f91d6eb73891bb20b62a7453a02bb9dfe5d8aac2","12248106","1618535264","2021-04-16 01:07:44","0x10af482f012c16b56c3722d73d14cca9b986d7f1","0xaa03ab31b55dceeef845c8d17890cc61cd98ed04","","0","0","0","0.036521056","123.642590112657","2430.91","","","Deposit"
"0x3410137aa769fbd7e671c9f113998ff85993a7fba4a101dccfa611846fde2cf9","12248147","1618535811","2021-04-16 01:16:51","0x10af482f012c16b56c3722d73d14cca9b986d7f1","0xaa03ab31b55dceeef845c8d17890cc61cd98ed04","","0","0","0","0.04223982","143.003552544933","2430.91","","","Draw"
"0x8cb4ffa217129731bc7387c3214d28bf099539944bd5642e0f9a68c2fd013106","12248163","1618535980","2021-04-16 01:19:40","0xccc020e1cca71c096ea0316850c1671846eaf5ba","0xaa03ab31b55dceeef845c8d17890cc61cd98ed04","","0","0","0","0.041555458","140.686634593418","2430.91","","","Repay"
"0x62bb8379b40d0042b095aa617fb4703a435df62b7afcbb4f900da7a7350a0100","12261798","1618717873","2021-04-18 03:51:13","0x10af482f012c16b56c3722d73d14cca9b986d7f1","0xaa03ab31b55dceeef845c8d17890cc61cd98ed04","","0","0","0","0.2971428","1005.98146519442","2240.96","Error(0)","Out of gas","Repay"
"0x9131255609bbbf34f2e128796d80f3cbff0d1b8ea4c1c9eec505a8548b6f579b","12261819","1618718053","2021-04-18 03:54:13","0x10af482f012c16b56c3722d73d14cca9b986d7f1","0xaa03ab31b55dceeef845c8d17890cc61cd98ed04","","0","0","0","0.226139004","765.597034764181","2240.96","","","Repay"
"0x0d081e9bf1f2d68a5b408092d180730c5c2ede1236a1a761e4886aa63efbdaa8","12262697","1618730023","2021-04-18 07:13:43","0x74f8744020f5900a2c3a3289c6c2182f56a6901f","0xaa03ab31b55dceeef845c8d17890cc61cd98ed04","","0","0","0","0.061429972","207.972103781118","2240.96","","","Repay"
"0x960883e60d542851f53f9fa4e5ab37fce77d8396e6a97459f0e6dd9cd339697b","12263582","1618742180","2021-04-18 10:36:20","0x10af482f012c16b56c3722d73d14cca9b986d7f1","0xaa03ab31b55dceeef845c8d17890cc61cd98ed04","","0","0","0","0.05944692","201.258451097907","2240.96","","","Repay"
"0xd87b50e8303fa37b96c75d36398db5b9eeea2e7c2e70b721bb341dbeeead3f2c","12263994","1618747724","2021-04-18 12:08:44","0x1ebb814c9ef016e6012be299ed834f1ddced1529","0xaa03ab31b55dceeef845c8d17890cc61cd98ed04","","0","0","0","0.08214451","278.101486986989","2240.96","","","Repay"
"0x893f999b69ce9f86d258212d30a93887f19b83edde56cb9e695a50939f8d8844","12264090","1618749146","2021-04-18 12:32:26","0x4d03aea34ffefd6af6cc154b3f03501ae083fb92","0xaa03ab31b55dceeef845c8d17890cc61cd98ed04","","0","0","0","0.102922239","348.444804283698","2240.96","","","Repay"
"0x42289cf44425e029ec85f445973ecac9e86bf2f07640533ef94afcc2bbac39bb","12265833","1618772039","2021-04-18 18:53:59","0x74f8744020f5900a2c3a3289c6c2182f56a6901f","0xaa03ab31b55dceeef845c8d17890cc61cd98ed04","","0","0","0","0.047064425","159.337326093827","2240.96","","","Repay"
"0xe55e1fc764d8467377b810eeb43495862d45c266cc574c0e4ed0f0d078dbf865","12268997","1618815013","2021-04-19 06:50:13","0x106b860efa2f53ccc342492bbdaae1e652151a87","0xaa03ab31b55dceeef845c8d17890cc61cd98ed04","","0","0","0","0.066844308","226.302420592883","2163.36","","","Draw"
"0xdf4fa4cf3c0e9090c9a81dbdf2425cd5936c43a1c8c28612e8e5786169a3b34b","12280914","1618973063","2021-04-21 02:44:23","0x8d27df60a71261e13cac3c44b74c96b60d3a1e73","0xaa03ab31b55dceeef845c8d17890cc61cd98ed04","","0","0","0","0.1162427321","393.54153611045","2357.59","","","Open"
"0xa477eeb43f41058ca5771908bc1612c5eae377d46f52e0d5b5fbfb8fa8e7c8d0","12283505","1619007286","2021-04-21 12:14:46","0x8d27df60a71261e13cac3c44b74c96b60d3a1e73","0xaa03ab31b55dceeef845c8d17890cc61cd98ed04","","0","0","0","0.059629248","201.875725312817","2357.59","","","Deposit"
"0x9b1a2cbc757c97d2dc8327025859917dfd8b9e65f65cdf0a24aa4b9004075a62","12295237","1619164457","2021-04-23 07:54:17","0xe51a50e95c5a92cb4650eacf6ffcb3eb25c7a012","0xaa03ab31b55dceeef845c8d17890cc61cd98ed04","","0","0","0","0.1065384144","360.687421056818","2369.67","","","Liquidate"
"0xd41959a6a63c5c278ca5548cf3f79deb4501049a7e7733e13c0a5b0869832f47","12296723","1619185130","2021-04-23 13:38:50","0x4d03aea34ffefd6af6cc154b3f03501ae083fb92","0xaa03ab31b55dceeef845c8d17890cc61cd98ed04","","0","0","0","0.05920836","200.450802592419","2369.67","","","Repay"
"0xa34c9268ef076c69b8fed0817609ba964ca3ad7182fb06278038a9bb2cfad496","12296789","1619185740","2021-04-23 13:49:00","0xb082ddfd74748b763f52f04558e5f814a56de67a","0xaa03ab31b55dceeef845c8d17890cc61cd98ed04","","0","0","0","0.033955544","114.957010247576","2369.67","","","Deposit"
"0x67900f1fb6626a08463be4debe39fe4434e222a3f84af16293ab4272d5c939fb","12311927","1619387064","2021-04-25 21:44:24","0xe51a50e95c5a92cb4650eacf6ffcb3eb25c7a012","0xaa03ab31b55dceeef845c8d17890cc61cd98ed04","","0","0","0","0.051314188810237323","173.724966058695","2322.14","","","Liquidate"
"0xd1749efa960585f16efc79f4c630d987d610b6827c98e6cc75ea0e17dcd370e7","12312245","1619391032","2021-04-25 22:50:32","0x106b860efa2f53ccc342492bbdaae1e652151a87","0xaa03ab31b55dceeef845c8d17890cc61cd98ed04","","0","0","0","0.022231552","75.2652571575211","2322.14","","","Deposit"
"0x95812d812efcfb02c222102c2ea078006eb65674e4f1b86b2041ab8e418750f0","12312287","1619391506","2021-04-25 22:58:26","0x106b860efa2f53ccc342492bbdaae1e652151a87","0xaa03ab31b55dceeef845c8d17890cc61cd98ed04","","0","0","0","0.02599835","88.0178090320118","2322.14","","","Draw"
"0x1c782b6b3535add3d8c05fece02b90708b1fc65a0c47642763f74709096ee3a6","12315489","1619434609","2021-04-26 10:56:49","0xb92667e34cb6753449adf464f18ce1833caf26e0","0xaa03ab31b55dceeef845c8d17890cc61cd98ed04","","0","0","0","0.02582075","87.4165415329557","2534.90","","","Close"
"0x44c27596ccc92e0b82eb486ad0dadd308e1aaacdf5cfe3eb231275bc057ccbb4","12316837","1619451654","2021-04-26 15:40:54","0x8d27df60a71261e13cac3c44b74c96b60d3a1e73","0xaa03ab31b55dceeef845c8d17890cc61cd98ed04","","0","0","0","0.022579074","76.4417981699478","2534.90","","","Withdraw"
"0x1e5b9850e4764c81767296919ef3a1924c77332f38372d3bbd1fc9072e246fa8","12316961","1619453332","2021-04-26 16:08:52","0x8d27df60a71261e13cac3c44b74c96b60d3a1e73","0xaa03ab31b55dceeef845c8d17890cc61cd98ed04","","0","0","0","0.0288729","97.7496417426634","2534.90","","","Repay"
"0x24f63e7df4a5d1ff173de6859a71b222d543af45e2a76fbdfaf4cc2fa5d6f2ae","12320189","1619497038","2021-04-27 04:17:18","0xccc020e1cca71c096ea0316850c1671846eaf5ba","0xaa03ab31b55dceeef845c8d17890cc61cd98ed04","","0","0","0","0.01764039816","59.721836058655","2667.93","","","Repay"
"0x72efd8416aa1a676562f3eaa13b989771dcbfe7ad4ec0d0c8fef294b41db48bf","12320219","1619497421","2021-04-27 04:23:41","0xccc020e1cca71c096ea0316850c1671846eaf5ba","0xaa03ab31b55dceeef845c8d17890cc61cd98ed04","","0","0","0","0.01563465904","52.9313757858994","2667.93","","","Withdraw"
"0x35c169acf5012529b01a1b8f79b64fcb78658f807a153c379073f15801ecafeb","12320298","1619498547","2021-04-27 04:42:27","0xccc020e1cca71c096ea0316850c1671846eaf5ba","0xaa03ab31b55dceeef845c8d17890cc61cd98ed04","","0","0","0","0.019729323","66.7939228506762","2667.93","","","Repay"
"0x41f6607752a1697ee994056449105c8edef9baefe3425426567c7989f64b22b6","12338899","1619746215","2021-04-30 01:30:15","0x106b860efa2f53ccc342492bbdaae1e652151a87","0xaa03ab31b55dceeef845c8d17890cc61cd98ed04","","0","0","0","0.019481592","65.9552257853121","2775.96","","","Deposit"
"0x9305af22e7085db3aaa948ad1eac077ac5881d3a00ca44a0c20bdf89db303d1b","12355022","1619961782","2021-05-02 13:23:02","0x10af482f012c16b56c3722d73d14cca9b986d7f1","0xaa03ab31b55dceeef845c8d17890cc61cd98ed04","","0","0","0","0.011889672","40.2526652479583","2954.22","","","Repay"
"0x3f7618bd9228b0dc9a6ef9ab1bd1903650f74ba0ec7509c90ee2053eaa5ab2e2","12393249","1620471331","2021-05-08 10:55:31","0xccc020e1cca71c096ea0316850c1671846eaf5ba","0xaa03ab31b55dceeef845c8d17890cc61cd98ed04","","0","0","0","0.02318848","78.5049514443272","3916.25","","","Deposit"
"0xa7681467ccfa0cdd382ad193ec0d9d6206e2c506f9974e7f5f379ce31bf12235","12404889","1620626313","2021-05-10 05:58:33","0xb082ddfd74748b763f52f04558e5f814a56de67a","0xaa03ab31b55dceeef845c8d17890cc61cd98ed04","","0","0","0","0.04543803","153.831141104371","3946.42","","","Draw"
"0x49f4d5797ee7551c16575461bfe7e2b9a10f49693956fb30d48c637453c2c1f7","12428227","1620937519","2021-05-13 20:25:19","0xb082ddfd74748b763f52f04558e5f814a56de67a","0xaa03ab31b55dceeef845c8d17890cc61cd98ed04","","0","0","0","0.040091686","135.731012241907","3718.99","","","Repay"
"0x2d6732560078356af02ac7f124e757faa52252f050aa7723d64d791ab93046ce","12435757","1621037901","2021-05-15 00:18:21","0x10af482f012c16b56c3722d73d14cca9b986d7f1","0xaa03ab31b55dceeef845c8d17890cc61cd98ed04","","0","0","0","0.058629987","198.49271201116","3644.04","","","Repay"
"0x4647490feaabd1476b4a7f64fe0ebd83a94078bae86ee5f0b90391ca90388c23","12441051","1621108801","2021-05-15 20:00:01","0x106b860efa2f53ccc342492bbdaae1e652151a87","0xaa03ab31b55dceeef845c8d17890cc61cd98ed04","","0","0","0","0.040091686","135.731012241907","3644.04","","","Repay"
"0x2aa337c0c3c646e184ae3847586c5312cc96053a873563e924f716b5cb1e6c73","12445696","1621171165","2021-05-16 13:19:25","0x74f8744020f5900a2c3a3289c6c2182f56a6901f","0xaa03ab31b55dceeef845c8d17890cc61cd98ed04","","0","0","0","0.021952425","74.3202684570198","3586.18","","","Deposit"
"0x16f8cbf9aa397f73d3ec6f0334a45058fff290a8869164787b4a30922d144036","12448048","1621202285","2021-05-16 21:58:05","0x1ebb814c9ef016e6012be299ed834f1ddced1529","0xaa03ab31b55dceeef845c8d17890cc61cd98ed04","","0","0","0","0.058130268","196.800905742236","3586.18","","","Repay"
"0x6fbafa269e8df8a7a1c6fb6dd39b783d43ade21e4582f2a9da85f8563411e9df","12448426","1621207283","2021-05-16 23:21:23","0x4145b8a9b596981cafe78c20bf7a18466686a88d","0xaa03ab31b55dceeef845c8d17890cc61cd98ed04","","0","0","0","0.037058559","125.462314687799","3586.18","","","Deposit"
"0x128cd052ad827b619cfa7789d9172f8cee89c54793ffefd3ef5a20c5a4c46af2","12448898","1621213595","2021-05-17 01:06:35","0x8d27df60a71261e13cac3c44b74c96b60d3a1e73","0xaa03ab31b55dceeef845c8d17890cc61cd98ed04","","0","0","0","0.029566257","100.097012403379","3280.73","","","Repay"
"0x52effae836be3ecbccf2ac02352befb8c717be389a36b63d5593ae4735b46f39","12451286","1621246679","2021-05-17 10:17:59","0x1ebb814c9ef016e6012be299ed834f1ddced1529","0xaa03ab31b55dceeef845c8d17890cc61cd98ed04","","0","0","0","0.022166326","75.0444335432563","3280.73","","","Withdraw"
"0xee5277feff6ad3c93b050de9e1154321b0a52c56a3576a4d36afb7c6e583304f","12452181","1621258334","2021-05-17 13:32:14","0x4145b8a9b596981cafe78c20bf7a18466686a88d","0xaa03ab31b55dceeef845c8d17890cc61cd98ed04","","0","0","0","0.025215102","85.3661110246881","3280.73","","","Deposit"
"0xabffb89cc9349d918acb6f1914219711efa751475b4fa2733c6e9c828d9879f8","12456543","1621316486","2021-05-18 05:41:26","0x4145b8a9b596981cafe78c20bf7a18466686a88d","0xaa03ab31b55dceeef845c8d17890cc61cd98ed04","","0","0","0","0.035246232","119.326654086663","3377.65","","","Close"
"0x6ca96f3a697872ed18eb62d2b1400ec1ef225a2463f5704da05117eb6711bf3f","12458163","1621337828","2021-05-18 11:37:08","0x74f8744020f5900a2c3a3289c6c2182f56a6901f","0xaa03ab31b55dceeef845c8d17890cc61cd98ed04","","0","0","0","0.024094593","81.572610776378","3377.65","","","Close"
"0xdb02d45f43e55b897e54aaa7985f539b908925014459d308c5c50947f75fe111","12458701","1621345147","2021-05-18 13:39:07","0x4d03aea34ffefd6af6cc154b3f03501ae083fb92","0xaa03ab31b55dceeef845c8d17890cc61cd98ed04","","0","0","0","0.037316587","126.335872403151","3377.65","","","Close"
"0x8cd533c66b812e623376f5702b152d867d38b0aed99456134a9f55b49147a0b0","12459021","1621349265","2021-05-18 14:47:45","0x10af482f012c16b56c3722d73d14cca9b986d7f1","0xaa03ab31b55dceeef845c8d17890cc61cd98ed04","","0","0","0","0.041000553","138.807995282811","3377.65","","","Deposit"
"0x41cf5290e734f202ce2960958dc8010e21dce7202e1dc6a682f574af89427db6","12462690","1621398652","2021-05-19 04:30:52","0x8d27df60a71261e13cac3c44b74c96b60d3a1e73","0xaa03ab31b55dceeef845c8d17890cc61cd98ed04","","0","0","0","0.11024706","373.243097097344","2442.89","","","Repay"
"0xb014e61658a1af61fa569bc4f48db3c25d96e88e8621aaf7935f7f3d3050c91a","12462917","1621401554","2021-05-19 05:19:14","0x1ebb814c9ef016e6012be299ed834f1ddced1529","0xaa03ab31b55dceeef845c8d17890cc61cd98ed04","","0","0","0","0.134447225","455.173123484141","2442.89","","","Repay"
"0x86d46b30b38fec4681bf0f523c7968188639020c4ea3e9d2a8d4eb542e1eb9fb","12463035","1621403110","2021-05-19 05:45:10","0xe51a50e95c5a92cb4650eacf6ffcb3eb25c7a012","0xaa03ab31b55dceeef845c8d17890cc61cd98ed04","","0","0","0","0.193350267","654.590267347524","2442.89","","","Liquidate"
"0x0a15c320070afc98af01bb571601abc6c72c833a9ebd06cd691649bd1911d838","12463063","1621403649","2021-05-19 05:54:09","0xe51a50e95c5a92cb4650eacf6ffcb3eb25c7a012","0xaa03ab31b55dceeef845c8d17890cc61cd98ed04","","0","0","0","0.16402776","555.318474273508","2442.89","","","Liquidate"
"0xb0fbe3a27a98487c4d95bf823c324e3bd7484aeafb3a9a83b524dc305b472d0b","12464345","1621421185","2021-05-19 10:46:25","0x4f862899c42645bec4b73ab20e4d06688f592f6f","0xaa03ab31b55dceeef845c8d17890cc61cd98ed04","","0","0","0","0.044598879","150.990182640968","2442.89","","","Repay"
"0x3909a986b6e0b1b86fb150ff105e0c717b7082da9080d25ff19554bc2816aa28","12464425","1621421995","2021-05-19 10:59:55","0x8d27653cde78f66ab7b0a062fdadf368c346b3fb","0xaa03ab31b55dceeef845c8d17890cc61cd98ed04","","0","0","0","0.052114787","176.435403397138","2442.89","","","Liquidate"
"0xe7109d47025f42acfff6914f2605a21a801bb97dc9154a708165eea7447d1ffd","12464947","1621429098","2021-05-19 12:58:18","0x1ebb814c9ef016e6012be299ed834f1ddced1529","0xaa03ab31b55dceeef845c8d17890cc61cd98ed04","","0","0","0","0.751165389","2543.08184021135","2442.89","","","Repay"
"0x7206f917a5a01e10b2c09ee727cd9525f288655bb1bf38331af7f96d0477a7bf","12464948","1621429107","2021-05-19 12:58:27","0x10af482f012c16b56c3722d73d14cca9b986d7f1","0xaa03ab31b55dceeef845c8d17890cc61cd98ed04","","0","0","0","0.7333665","2482.82343100523","2442.89","","","Repay"
"0xa73c83eddd0571266ea1901b082db3358a364246af29b72965a2dd725551e0df","12465740","1621439344","2021-05-19 15:49:04","0xb082ddfd74748b763f52f04558e5f814a56de67a","0xaa03ab31b55dceeef845c8d17890cc61cd98ed04","","0","0","0","0.165244653","559.438284018603","2442.89","","","Deposit"
"0x70df45932cdd729ae946b9858dcb2a299698266ce06073a18e99542b242e6291","12465783","1621439813","2021-05-19 15:56:53","0x106b860efa2f53ccc342492bbdaae1e652151a87","0xaa03ab31b55dceeef845c8d17890cc61cd98ed04","","0","0","0","0.1758440607","595.322739870265","2442.89","","","Repay"
"0x6c3c636ea847b5d9bd19aa3748fa1e846ebbade0e39df74d1f75b703efe4a132","12465789","1621439924","2021-05-19 15:58:44","0xccc020e1cca71c096ea0316850c1671846eaf5ba","0xaa03ab31b55dceeef845c8d17890cc61cd98ed04","","0","0","0","0.17534707","593.640170302454","2442.89","","","Repay"
"0xa27fe6bfb8c4f787d835d251c7811eea58cb1136e7d2eb4f3928afd230907836","12465861","1621440930","2021-05-19 16:15:30","0xe51a50e95c5a92cb4650eacf6ffcb3eb25c7a012","0xaa03ab31b55dceeef845c8d17890cc61cd98ed04","","0","0","0","0.212271801","718.649408262417","2442.89","","","Liquidate"
"0x4073297d51a321542aef57e179df73b998d87c84f6fe4126c030ce3a0a4ecb76","12467042","1621456977","2021-05-19 20:42:57","0x106b860efa2f53ccc342492bbdaae1e652151a87","0xaa03ab31b55dceeef845c8d17890cc61cd98ed04","","0","0","0","0.048695934","164.860824608002","2442.89","","","Deposit"
"0x5d72b0c5505c55fdf78193860916a310d335a8f7209cbabaa23218faedfd797e","12473148","1621538540","2021-05-20 19:22:20","0x3cb0aa991e38afc33a76a3f9ee0714eca5340ba4","0xaa03ab31b55dceeef845c8d17890cc61cd98ed04","","0","0","0","0.052549434","177.906907421137","2772.84","","","Open"
"0x1b3fa4f812f222cd5ed38a0d22cd802c88caa8ca1b316bdd16414bc829923492","12474415","1621555642","2021-05-21 00:07:22","0xc5efc88e8a9758b3f9901f688ef1e52ab39be7c8","0xaa03ab31b55dceeef845c8d17890cc61cd98ed04","","0","0","0","0.047670896","161.390542881102","2435.86","","","Open"
"0xa80005fe48e132e33e098297b6ed1d8063505f0bb454e6eabec1ccac57964571","12474447","1621556141","2021-05-21 00:15:41","0xc5efc88e8a9758b3f9901f688ef1e52ab39be7c8","0xaa03ab31b55dceeef845c8d17890cc61cd98ed04","","0","0","0","0.023905918","80.9338486965109","2435.86","","","Deposit"
"0x254df47a1f063b0eb0d933255100e188f93600b8f8988fef4c7f424b0c416c5f","12474475","1621556587","2021-05-21 00:23:07","0xc5efc88e8a9758b3f9901f688ef1e52ab39be7c8","0xaa03ab31b55dceeef845c8d17890cc61cd98ed04","","0","0","0","0.032738292","110.835985102525","2435.86","Error(0)","Out of gas","Draw"
"0x06ed48510a0dd35c974cd1636486bec5ca75df0120e71031faf365f87a53a63d","12474478","1621556637","2021-05-21 00:23:57","0xc5efc88e8a9758b3f9901f688ef1e52ab39be7c8","0xaa03ab31b55dceeef845c8d17890cc61cd98ed04","","0","0","0","0.03733314","126.391912836213","2435.86","","","Draw"
"0x17b2526823305ec6b6eeab87bda3aff043983b029e1391adc3750ff01605abb4","12474514","1621557213","2021-05-21 00:33:33","0xc5efc88e8a9758b3f9901f688ef1e52ab39be7c8","0xaa03ab31b55dceeef845c8d17890cc61cd98ed04","","0","0","0","0.023307773","78.9088197087692","2435.86","","","Deposit"
"0x0f512c2f9eed15e5e32ac96d6ccf3c255917398c7cc7a2b91d19b917acbcf879","12474562","1621557705","2021-05-21 00:41:45","0xc5efc88e8a9758b3f9901f688ef1e52ab39be7c8","0xaa03ab31b55dceeef845c8d17890cc61cd98ed04","","0","0","0","0.03158958","106.947003169103","2435.86","Error(0)","Out of gas","Draw"
"0x201c40e17039e95d69679815ac05e222e4db81cf264e18b3b8500febcca6720d","12474576","1621557890","2021-05-21 00:44:50","0xc5efc88e8a9758b3f9901f688ef1e52ab39be7c8","0xaa03ab31b55dceeef845c8d17890cc61cd98ed04","","0","0","0","0.033312996","112.781654228525","2435.86","","","Draw"
"0x6627cd1a2d82a0090a317aadfbd96e4e8ea06401874849cce1364149d0dd88ee","12474648","1621558885","2021-05-21 01:01:25","0xc5efc88e8a9758b3f9901f688ef1e52ab39be7c8","0xaa03ab31b55dceeef845c8d17890cc61cd98ed04","","0","0","0","0.030127086","101.995707506015","2435.86","Error(0)","Out of gas","Repay"
"0xb83359b786bb08609bf3a4418fff0917f9212dffca2fcf11d78dcc22007b40ad","12474672","1621559206","2021-05-21 01:06:46","0xc5efc88e8a9758b3f9901f688ef1e52ab39be7c8","0xaa03ab31b55dceeef845c8d17890cc61cd98ed04","","0","0","0","0.027451268","92.9366850015703","2435.86","","","Repay"
"0x169b3f87b511124660d3bc04f229c12575953ff018ce60034b8836f971dabe61","12476486","1621583938","2021-05-21 07:58:58","0xb082ddfd74748b763f52f04558e5f814a56de67a","0xaa03ab31b55dceeef845c8d17890cc61cd98ed04","","0","0","0","0.017867655","60.4912175441853","2435.86","","","Deposit"
"0x8456cb8a8f05e5686dc093ac3b638f36eaaf7e849d23bdf3ebc0b88c6690e52a","12476546","1621584648","2021-05-21 08:10:48","0xb082ddfd74748b763f52f04558e5f814a56de67a","0xaa03ab31b55dceeef845c8d17890cc61cd98ed04","","0","0","0","0.0244116","82.6458427925564","2435.86","","","Draw"
"0x706edab3abd96f1d77b757642335795e12ada08f8a680b0adb31d1a8ffbd9daa","12479823","1621628711","2021-05-21 20:25:11","0xe51a50e95c5a92cb4650eacf6ffcb3eb25c7a012","0xaa03ab31b55dceeef845c8d17890cc61cd98ed04","","0","0","0","0.1179356556","399.272954347715","2435.86","","","Liquidate"
"0x88dd846395b3d143e7f5683d227eab893881a032942149bcd7f36fe2498580cb","12482438","1621663912","2021-05-22 06:11:52","0x62f7a1f94aba23ed2dd108f8d23aa3e7d452565b","0xaa03ab31b55dceeef845c8d17890cc61cd98ed04","","0","0","0","0.0038138","12.9116778597983","2297.03","Error(0)","Reverted","Deposit"
"0x9a4602a37bd9e5cd98f5d04f3d1055a3fb1c49cb9cdcb357d8bfe4817ef8d55a","12482444","1621663986","2021-05-22 06:13:06","0x62f7a1f94aba23ed2dd108f8d23aa3e7d452565b","0xaa03ab31b55dceeef845c8d17890cc61cd98ed04","","0","0","0","0.0129498","43.8417447031349","2297.03","Error(0)","Reverted","Repay"
"0x8e0201762344c04b1f9ff5fa84943e2950533ccc5ae6224808a607a467402595","12487613","1621732811","2021-05-23 01:20:11","0xc5efc88e8a9758b3f9901f688ef1e52ab39be7c8","0xaa03ab31b55dceeef845c8d17890cc61cd98ed04","","0","0","0","0.0202230567","68.4654657954888","2098.57","","","Repay"
"0xf190c56a608df4f35753fae6367a65d86624d4c8cfbcc88e561d98d620e47df3","12487642","1621733252","2021-05-23 01:27:32","0xc5efc88e8a9758b3f9901f688ef1e52ab39be7c8","0xaa03ab31b55dceeef845c8d17890cc61cd98ed04","","0","0","0","0.015839316","53.6242450342306","2098.57","","","Withdraw"
"0xc0e373e7cd5b6a2302dde6ef1d401d0a581f04df9b37cbe0f031c3bd474296c5","12489456","1621757855","2021-05-23 08:17:35","0xe51a50e95c5a92cb4650eacf6ffcb3eb25c7a012","0xaa03ab31b55dceeef845c8d17890cc61cd98ed04","","0","0","0","0.1558406568","527.600911967324","2098.57","","","Liquidate"
"0xd40a5e3a70b7ef86170941345458aff2770050a5e34911f2ed2b0ad128233c84","12489489","1621758337","2021-05-23 08:25:37","0xbf3a6e2810ef22109919ca0edd785ee1e466efaa","0xaa03ab31b55dceeef845c8d17890cc61cd98ed04","","0","0","0","0.060434426","204.601667668419","2098.57","","","Repay"
"0xd03440d1fcd7722c323fedb459c85fa8a4015e5e98fd68ce1578bc66213ac7c1","12490244","1621768982","2021-05-23 11:23:02","0x8d27df60a71261e13cac3c44b74c96b60d3a1e73","0xaa03ab31b55dceeef845c8d17890cc61cd98ed04","","0","0","0","0.028062888","95.0073338065968","2098.57","","","Repay"
"0x6ed8fc929cb3f2eb22ddf7caf7507dded650919679ec5c89428f3799d7a8377b","12490697","1621775257","2021-05-23 13:07:37","0xe51a50e95c5a92cb4650eacf6ffcb3eb25c7a012","0xaa03ab31b55dceeef845c8d17890cc61cd98ed04","","0","0","0","0.2039745708","690.559009324091","2098.57","","","Liquidate"
"0x42e13a31669043cd9742d0b3b7cd624485c194c20faa901a201c84267b2b63bb","12490746","1621775755","2021-05-23 13:15:55","0xe51a50e95c5a92cb4650eacf6ffcb3eb25c7a012","0xaa03ab31b55dceeef845c8d17890cc61cd98ed04","","0","0","0","0.213955456","724.349447852075","2098.57","","","Liquidate"
"0x10c66902eb468b1dbd93a5b206f57abd7fed92fe7272d79ce10164a16211f83a","12491657","1621787334","2021-05-23 16:28:54","0x4f862899c42645bec4b73ab20e4d06688f592f6f","0xaa03ab31b55dceeef845c8d17890cc61cd98ed04","","0","0","0","0.146825523","497.080039480938","2098.57","","","Repay"
"0x9315f5669a4f038e3f78dbaf199fd1683a1fbf6a3d6df2952ecab5a728978de9","12492096","1621793226","2021-05-23 18:07:06","0xe51a50e95c5a92cb4650eacf6ffcb3eb25c7a012","0xaa03ab31b55dceeef845c8d17890cc61cd98ed04","","0","0","0","0.1725988572","584.336054102398","2098.57","","","Liquidate"
"0x49453309b9e8646456b7f30a65dd829243a063cae599b83f057b242de64a701c","12495215","1621834902","2021-05-24 05:41:42","0x43423d151b29503024cf264da37068ffedbe1446","0xaa03ab31b55dceeef845c8d17890cc61cd98ed04","","0","0","0","0.016477454","55.7846709312614","2648.77","","","Close"
"0x04334992a01ab7df6fcef3b8462de6d4baf53207c767ff488e7bfacb0420741e","12507740","1622002445","2021-05-26 04:14:05","0xc5efc88e8a9758b3f9901f688ef1e52ab39be7c8","0xaa03ab31b55dceeef845c8d17890cc61cd98ed04","","0","0","0","0.022341269","75.636705728433","2888.94","","","Repay"
"0x17894a1765bb5deb17ee4b3b1131a22b6be7dc552e7fc9fa82306e389959b2bb","12507784","1622002992","2021-05-26 04:23:12","0xc5efc88e8a9758b3f9901f688ef1e52ab39be7c8","0xaa03ab31b55dceeef845c8d17890cc61cd98ed04","","0","0","0","0.024682698","83.5636491915379","2888.94","","","Withdraw"
"0x065d4b37f39beaf7b62d51ad4a97e9b7987075d633eb22e3a1a4f31407b2b035","12507835","1622003559","2021-05-26 04:32:39","0xc5efc88e8a9758b3f9901f688ef1e52ab39be7c8","0xaa03ab31b55dceeef845c8d17890cc61cd98ed04","","0","0","0","0.027688971","93.7414321205351","2888.94","","","Repay"
"0x5b75bdb42493194d7013ef2d7f3ca576451785c9a2812d4183a1b9f0570e2a33","12507862","1622003907","2021-05-26 04:38:27","0xc5efc88e8a9758b3f9901f688ef1e52ab39be7c8","0xaa03ab31b55dceeef845c8d17890cc61cd98ed04","","0","0","0","0.021483089","72.7313242963385","2888.94","","","Withdraw"
"0x4bfe7e0c401544569767aa4daa35622cd2748141ba8952054665c5f379c57b3d","12507896","1622004478","2021-05-26 04:47:58","0xc5efc88e8a9758b3f9901f688ef1e52ab39be7c8","0xaa03ab31b55dceeef845c8d17890cc61cd98ed04","","0","0","0","0.029480696","99.807344337575","2888.94","","","Close"
"0x3e0eaab59f5e9c1922244e7f5a4067eced09be5f1a5278fa37f8992ff6844991","12542227","1622465438","2021-05-31 12:50:38","0x10af482f012c16b56c3722d73d14cca9b986d7f1","0xaa03ab31b55dceeef845c8d17890cc61cd98ed04","","0","0","0","0.00828294","28.0420192490528","2707.38","","","Deposit"
"0x5ed2a92fb39ff8bc721b871f6ee3023397d9964768d6d31c202987594e4d3c6e","12551209","1622585373","2021-06-01 22:09:33","0x106b860efa2f53ccc342492bbdaae1e652151a87","0xaa03ab31b55dceeef845c8d17890cc61cd98ed04","","0","0","0","0.010872836","36.8101515167071","2634.23","","","Withdraw"
"0x117c342325124194d6d3c77c250e3c9b003dd72a4806ee043ef930449a7e3933","12556306","1622653176","2021-06-02 16:59:36","0x10af482f012c16b56c3722d73d14cca9b986d7f1","0xaa03ab31b55dceeef845c8d17890cc61cd98ed04","","0","0","0","0.01146141","38.8027777384946","2706.52","","","Deposit"
"0xa93a26eb4fd2fa7db92540af09f74f889739087eb592826b80693d623728d6cf","12559090","1622690366","2021-06-03 03:19:26","0xb082ddfd74748b763f52f04558e5f814a56de67a","0xaa03ab31b55dceeef845c8d17890cc61cd98ed04","","0","0","0","0.010393746","35.1881850407905","2856.01","","","Close"
"0x7be3aacb42694110211d4906b863a71fa483b49685ba39833d8e7db3db9c0605","12559400","1622694656","2021-06-03 04:30:56","0x4f862899c42645bec4b73ab20e4d06688f592f6f","0xaa03ab31b55dceeef845c8d17890cc61cd98ed04","","0","0","0","0.010661882","36.0959635437574","2856.01","","","Close"
"0x3063b92a40b602d183c7393deed092435d9e51a254f5fd1643196fd779757898","12563087","1622744185","2021-06-03 18:16:25","0x106b860efa2f53ccc342492bbdaae1e652151a87","0xaa03ab31b55dceeef845c8d17890cc61cd98ed04","","0","0","0","0.01523543","51.5797798037408","2856.01","","","Withdraw"
"0x65fa8d1b2e99da290feca2f81643c17a963c77b5af0390e5a585adafbc40c1b4","12581312","1622987368","2021-06-06 13:49:28","0xb92667e34cb6753449adf464f18ce1833caf26e0","0xaa03ab31b55dceeef845c8d17890cc61cd98ed04","","0","0","0","0.006785909","22.9737980475919","2710.99","","","Close"
"0x05502ac64f4a0a0c11a4cae2957d5a8aba0239bee6de0b06402afdcb2bd378cf","12582967","1623009350","2021-06-06 19:55:50","0xec80b5494e873fd9a7c7bf2368d743b38eb0b9ea","0xaa03ab31b55dceeef845c8d17890cc61cd98ed04","","0","0","0","0.0057699065","19.5341061432577","2710.99","","","Close"
"0xbaafcc3ed8143555549de6ff51fe66015815ee81058f45f83b2013fc5af679c0","12589207","1623093466","2021-06-07 19:17:46","0x1ebb814c9ef016e6012be299ed834f1ddced1529","0xaa03ab31b55dceeef845c8d17890cc61cd98ed04","","0","0","0","0.009019998","30.5373403094092","2593.12","","","Repay"
"0x11e50b76024190821bdd780610e17f6350bc79265110cdd561d7fd3772d73de5","12589255","1623094178","2021-06-07 19:29:38","0x1ebb814c9ef016e6012be299ed834f1ddced1529","0xaa03ab31b55dceeef845c8d17890cc61cd98ed04","","0","0","0","0.010481079","35.483852239524","2593.12","","","Repay"
"0x778af83f697c5fe6f5dbcef5f32bba0b29e7ca10f292fdef30d4ff91a3c135f3","12589294","1623094639","2021-06-07 19:37:19","0x1ebb814c9ef016e6012be299ed834f1ddced1529","0xaa03ab31b55dceeef845c8d17890cc61cd98ed04","","0","0","0","0.00900772","30.4957729538157","2593.12","","","Withdraw"
"0xa35c3a121ad22b3513037fab076e7cbdeb9d962621bc369cc77f8a21b36ebc0b","12594749","1623167012","2021-06-08 15:43:32","0x10af482f012c16b56c3722d73d14cca9b986d7f1","0xaa03ab31b55dceeef845c8d17890cc61cd98ed04","","0","0","0","0.034712681","117.520309067581","2509.23","","","Repay"
"0x38a1bd0b4497d87cc909dbe542ac1d200736261df5aea5ced94ec226c5c185f6","12594780","1623167369","2021-06-08 15:49:29","0x10af482f012c16b56c3722d73d14cca9b986d7f1","0xaa03ab31b55dceeef845c8d17890cc61cd98ed04","","0","0","0","0.031775878","107.577717879346","2509.23","","","Withdraw"
"0xa033ea85e7489d43d1ec92264e58b8d78c09023287bbbde9579b628fd469a162","12595364","1623174920","2021-06-08 17:55:20","0x10af482f012c16b56c3722d73d14cca9b986d7f1","0xaa03ab31b55dceeef845c8d17890cc61cd98ed04","","0","0","0","0.012675806","42.9141338521417","2509.23","","","Close"
"0x6630c871746f1f4b4deb6460ab99b0e474bde7ab1e385202f5cbb046b7eee0ca","12618816","1623489742","2021-06-12 09:22:22","0xbf3a6e2810ef22109919ca0edd785ee1e466efaa","0xaa03ab31b55dceeef845c8d17890cc61cd98ed04","","0","0","0","0.005815572","19.688707387504","2369.62","","","Close"
"0x3647d1a3ba15f67b0656f3290c39a2cd1c901ca324eb595f4532e51c57bc004c","12648832","1623891304","2021-06-17 00:55:04","0x106b860efa2f53ccc342492bbdaae1e652151a87","0xaa03ab31b55dceeef845c8d17890cc61cd98ed04","","0","0","0","0.00488923","16.5525624685252","2372.31","","","Repay"
"0x79634af80c23e7e7282bfee785351b5c9f65ef4098d4a5bf010c28148d4505cb","12674648","1624237360","2021-06-21 01:02:40","0x106b860efa2f53ccc342492bbdaae1e652151a87","0xaa03ab31b55dceeef845c8d17890cc61cd98ed04","","0","0","0","0.005428776","18.3792036512151","1887.89","","","Withdraw"
"0xaa1be477e668a1a16c87c5cb6e720f3869bbed227262170cc828a023e9359036","12675009","1624242065","2021-06-21 02:21:05","0x106b860efa2f53ccc342492bbdaae1e652151a87","0xaa03ab31b55dceeef845c8d17890cc61cd98ed04","","0","0","0","0.010238403","34.6622689534827","1887.89","","","Close"
"0xabd779ea5d0337d1d719b7e4381d748b371e3fa0a95b25268baabbf70ec3e617","12763396","1625433307","2021-07-04 21:15:07","0x677280b263799a0c1cdee93fb75b98fd276d7141","0xaa03ab31b55dceeef845c8d17890cc61cd98ed04","","0","0","0","0.00390173","13.2093662111046","2323.27","","","Open"
"0x5dfed5ceb8f267b57faac5fe4187bc8557137d47847a078cff939aab261239bb","12765991","1625468008","2021-07-05 06:53:28","0x677280b263799a0c1cdee93fb75b98fd276d7141","0xaa03ab31b55dceeef845c8d17890cc61cd98ed04","","0","0","0","0.001596588","5.40527293796728","2196.71","","","Deposit"
"0x59fa1934a0156cb6cea475fd9462146674e9c07b203f3caacba7d3de54ade095","12766020","1625468409","2021-07-05 07:00:09","0x677280b263799a0c1cdee93fb75b98fd276d7141","0xaa03ab31b55dceeef845c8d17890cc61cd98ed04","","0","0","0","0.002102652","7.11856030081823","2196.71","","","Draw"
"0xab85987fa834ee5494719e622db616525a60b540d36777fd0e4ccb09f5f6b830","12766475","1625474512","2021-07-05 08:41:52","0x677280b263799a0c1cdee93fb75b98fd276d7141","0xaa03ab31b55dceeef845c8d17890cc61cd98ed04","","0","0","0","0.002280282","7.71992936533026","2196.71","","","Deposit"
"0x75b48902046894ddc52700097fbcb7a4ec718dafb19949193216eee41951417a","12766505","1625474913","2021-07-05 08:48:33","0x677280b263799a0c1cdee93fb75b98fd276d7141","0xaa03ab31b55dceeef845c8d17890cc61cd98ed04","","0","0","0","0.002628315","8.89820037602279","2196.71","","","Draw"
"0xc4745b8831081d8bdc294e38fb8cf59a383e715270f21f6cc7be4dd44f7811a5","12766687","1625477365","2021-07-05 09:29:25","0x677280b263799a0c1cdee93fb75b98fd276d7141","0xaa03ab31b55dceeef845c8d17890cc61cd98ed04","","0","0","0","0.001900235","6.43327447110855","2196.71","","","Deposit"
"0xce2275ee17680b593d0d069d33c7437400fd3936d7200eb417042f9d456ad672","12799882","1625923161","2021-07-10 13:19:21","0x677280b263799a0c1cdee93fb75b98fd276d7141","0xaa03ab31b55dceeef845c8d17890cc61cd98ed04","","0","0","0","0.003573941","12.099631570068","2110.47","","","Draw"
"0xcca686e42b53e6a23145929a70eb02b19d8fbcf82b8c62ca5e255a6ae2eb0fff","12808403","1626038052","2021-07-11 21:14:12","0x677280b263799a0c1cdee93fb75b98fd276d7141","0xaa03ab31b55dceeef845c8d17890cc61cd98ed04","","0","0","0","0.00293373","9.93218750003304","2140.45","","","Repay"
"0xd5ca9bafd5e13f1e9da0103958e89637bb4c0cf9b39dbd20343ad1332def60c9","12808468","1626038991","2021-07-11 21:29:51","0x677280b263799a0c1cdee93fb75b98fd276d7141","0xaa03ab31b55dceeef845c8d17890cc61cd98ed04","","0","0","0","0.0026863732","9.09475729445578","2140.45","","","Withdraw"
"0xcae51a09004b0a4eb146352886b8325301bda40fae9b1f9d4929fb03180d8440","12808635","1626041432","2021-07-11 22:10:32","0x677280b263799a0c1cdee93fb75b98fd276d7141","0xaa03ab31b55dceeef845c8d17890cc61cd98ed04","","0","0","0","0.005363457","18.1580651840369","2140.45","","","Close"
"0xb879417b7403459b22db76c1d67ac68f115afbce744c60ef05d8413baf448f2e","12898359","1627255506","2021-07-25 23:25:06","0x677280b263799a0c1cdee93fb75b98fd276d7141","0xaa03ab31b55dceeef845c8d17890cc61cd98ed04","","0","0","0","0.009573564","32.4114464151665","2194.34","","","Open"
"0x0282fb0361b333e7d33bad67e0f6b801fe080c341415dcde894849b881bae212","12915736","1627493777","2021-07-28 17:36:17","0x677280b263799a0c1cdee93fb75b98fd276d7141","0xaa03ab31b55dceeef845c8d17890cc61cd98ed04","","0","0","0","0.0168308968","56.9812569020687","2301.12","","","Withdraw"
"0x42802727da0d92dc6adaf2b48a9565299a57f8f816a208b4cba16963210806ff","12915846","1627495015","2021-07-28 17:56:55","0x677280b263799a0c1cdee93fb75b98fd276d7141","0xaa03ab31b55dceeef845c8d17890cc61cd98ed04","","0","0","0","0.01434532696","48.5663224345795","2301.12","","","Close"
"0x84bc60f9bbeec6eb9911718ad64314add09aee7143d3abb6d8d4878e5df7f59e","12938009","1627798852","2021-08-01 06:20:52","0x8d27df60a71261e13cac3c44b74c96b60d3a1e73","0xaa03ab31b55dceeef845c8d17890cc61cd98ed04","","0","0","0","0.0131806921","44.6234334166417","2556.41","","","Repay"
"0xd969662e0b0546dd428db505f1379e29c2b3511117482df8e9c4d7ae99b89d7c","12938038","1627799427","2021-08-01 06:30:27","0x8d27df60a71261e13cac3c44b74c96b60d3a1e73","0xaa03ab31b55dceeef845c8d17890cc61cd98ed04","","0","0","0","0.013032549","44.1218927002035","2556.41","","","Close"
"0xe556337c5592637729730b2de7585a5674f697f62f8f162d87f7d53a38050db5","13048489","1629279684","2021-08-18 09:41:24","0x62f7a1f94aba23ed2dd108f8d23aa3e7d452565b","0xaa03ab31b55dceeef845c8d17890cc61cd98ed04","","0","0","0","0.019065175","64.5454397033614","3013.52","","","Close"
"0x4b16ccd00ff028e787ef31dd181e8bd90a5c789cae02859e9c5949b359f940a8","13063562","1629481660","2021-08-20 17:47:40","0xcd698b4672c23e8d0357e97fd82908ca9dbb25e7","0xaa03ab31b55dceeef845c8d17890cc61cd98ed04","","0","0","0","0.03992350103646295","135.16161949188","3286.50","","","Open"
"0x4802a09e3f9b7e10534536b40a689768787880f8ea8094b4d22334ab7413c064","13063621","1629482709","2021-08-20 18:05:09","0xcd698b4672c23e8d0357e97fd82908ca9dbb25e7","0xaa03ab31b55dceeef845c8d17890cc61cd98ed04","","0","0","0","0.024843626273014726","84.1084743055187","3286.50","","","Deposit"
"0xd45809c7ef075d7a43f424809e01c3aab40dc4207ee7bc86d0719879ce27496d","13063696","1629483698","2021-08-20 18:21:38","0xcd698b4672c23e8d0357e97fd82908ca9dbb25e7","0xaa03ab31b55dceeef845c8d17890cc61cd98ed04","","0","0","0","0.0245358453444576","83.0664772944223","3286.50","","","Draw"
"0xbb3a8738c5deb586f782887b979d01460798524c0d7e18f4737b1351c120e203","13104430","1630026598","2021-08-27 01:09:58","0xb2fac84e30a20841409abef9c94f9f3cc933e787","0xaa03ab31b55dceeef845c8d17890cc61cd98ed04","","0","0","0","0.061848048210336814","209.38750714488","3275.87","","","Open"
"0xa9bc2e57511840cb71caebcd4aa0127026bb8f66be2c99c5d397c83e4ca2e38b","13154628","1630697129","2021-09-03 19:25:29","0xcd698b4672c23e8d0357e97fd82908ca9dbb25e7","0xaa03ab31b55dceeef845c8d17890cc61cd98ed04","","0","0","0","0.04520914820647524","153.056258313987","3939.79","","","Deposit"
"0x609aca72a0844eff83b60872c57f2a38913b3fa95277e2de9700f8519953718f","13179466","1631028755","2021-09-07 15:32:35","0xcd698b4672c23e8d0357e97fd82908ca9dbb25e7","0xaa03ab31b55dceeef845c8d17890cc61cd98ed04","","0","0","0","0.268619483881430125","909.415344995097","3433.48","","","Draw"
"0x09955098f6066f9ddae7a50e7fe4c6aceea057e4ee66bb28d09ee0556218b46c","13227512","1631671157","2021-09-15 01:59:17","0xccc020e1cca71c096ea0316850c1671846eaf5ba","0xaa03ab31b55dceeef845c8d17890cc61cd98ed04","","0","0","0","0.021349398","72.2787113840845","3615.22","","","Close"
"0xfca0b056cb2242363a1a8c5c6bcb472b9f7651c4ade5cf4214f99f00a6374260","13372282","1633616322","2021-10-07 14:18:42","0xcd698b4672c23e8d0357e97fd82908ca9dbb25e7","0xaa03ab31b55dceeef845c8d17890cc61cd98ed04","","0","0","0","0.071337516062852718","241.514244774697","3588.20","","","Draw"
"0x0098b475908a40090bfa8499584312fd0e438a4e8092da80c010da210beeab89","13413377","1634174026","2021-10-14 01:13:46","0xc3c69ca9524684cca3ad14cfd782fb8353cedb80","0xaa03ab31b55dceeef845c8d17890cc61cd98ed04","","0","0","0","0.084744467650786568","286.903683126292","3791.23","","","Open"
"0xf5649df6d9b3545206bad906ebb037e98ede4060f6de2dc7d0636caba2ef49b3","13447661","1634639145","2021-10-19 10:25:45","0x5fc0d57807aa9a029f8306baf0c4dccafe87afaa","0xaa03ab31b55dceeef845c8d17890cc61cd98ed04","","0","0","0","0.029838415735270443","101.018409937739","3877.45","","","Draw"
"0x4613ab37784774d3ffcfb739bc6302058480eb51d4fa99c9028a1ec416cf59f9","13456175","1634754083","2021-10-20 18:21:23","0x5fc0d57807aa9a029f8306baf0c4dccafe87afaa","0xaa03ab31b55dceeef845c8d17890cc61cd98ed04","","0","0","0","0.04649015661652098","157.393131754179","4162.49","","","Close"
"0x49c9b9ffaad215903d3ef0766e0357b0b467541a6ea131ad72aa325ab66b5b90","14046102","1642730015","2022-01-21 01:53:35","0xc3c69ca9524684cca3ad14cfd782fb8353cedb80","0xaa03ab31b55dceeef845c8d17890cc61cd98ed04","","0","0","0","0.083742169048393048","283.510385975568","2569.59","","","Repay"
"0x17a460848911818ada68d1f557d9c9d0472e93488eaf7524888ab0fb65bf60bd","14053916","1642834296","2022-01-22 06:51:36","0xb2fac84e30a20841409abef9c94f9f3cc933e787","0xaa03ab31b55dceeef845c8d17890cc61cd98ed04","","0","0","0","0.09143802298939784","309.564816449718","2412.23","","","Repay"
"0x279052832f6dcbd23f02b8ff783bd52b0a6e65b95498c7ed44c2568487cfd098","14084114","1643238786","2022-01-26 23:13:06","0x506be3627d3182bf2cff1f73854a0fea34ee24e3","0xaa03ab31b55dceeef845c8d17890cc61cd98ed04","","0","0","0","0.112651937509330484","381.384846453039","2464.13","","","Open"
"0x63181525cc1303c2b3a3bf62d66ef5a400d3996fe9181586748bf5014a6144a9","14084165","1643239421","2022-01-26 23:23:41","0xcd698b4672c23e8d0357e97fd82908ca9dbb25e7","0xaa03ab31b55dceeef845c8d17890cc61cd98ed04","","0","0","0","0.06826329566764522","231.106424906602","2464.13","","","Repay"
"0xd4259328ddbec851a3ce3bfbadf0067e839dd2af7c30fe8b28668380bfbb40ca","14084264","1643240669","2022-01-26 23:44:29","0xcd698b4672c23e8d0357e97fd82908ca9dbb25e7","0xaa03ab31b55dceeef845c8d17890cc61cd98ed04","","0","0","0","0.072371553162865","245.014993091452","2464.13","","","Close"
"0xcc6867e9d8aed64e2c34ac1bbb79152731df1657bcf5c7a51414f379cb3b19a5","14086222","1643266657","2022-01-27 06:57:37","0x506be3627d3182bf2cff1f73854a0fea34ee24e3","0xaa03ab31b55dceeef845c8d17890cc61cd98ed04","","0","0","0","0.04460967710240088","151.026739780749","2425.83","","","Repay"
"0xf3a72208288c8a386f18c701b6cda5535835f17d2a82b9ac1bf8b567283bd5a5","14089074","1643304819","2022-01-27 17:33:39","0x506be3627d3182bf2cff1f73854a0fea34ee24e3","0xaa03ab31b55dceeef845c8d17890cc61cd98ed04","","0","0","0","0.126075457859220702","426.83037860004","2425.83","","","Withdraw"
"0xa19fcbe5bc0e41926e0c4187c34e3438b85025c6de0f2cc820797f5608a68d1e","14089114","1643305281","2022-01-27 17:41:21","0x506be3627d3182bf2cff1f73854a0fea34ee24e3","0xaa03ab31b55dceeef845c8d17890cc61cd98ed04","","0","0","0","0.086508558402860159","292.876039177009","2425.83","","","Deposit"
"0x47270da718470b7eeaba2ebc43170ec7f2784bd25ee8ee06df26e98c3f3411d9","14089280","1643307440","2022-01-27 18:17:20","0x506be3627d3182bf2cff1f73854a0fea34ee24e3","0xaa03ab31b55dceeef845c8d17890cc61cd98ed04","","0","0","0","0.055764451166938647","188.791396899671","2425.83","","","Deposit"
"0x06537aa24f0906da544725e378c92997b77fa6192c0aa8d6e0638223efb984fa","14089421","1643309465","2022-01-27 18:51:05","0x506be3627d3182bf2cff1f73854a0fea34ee24e3","0xaa03ab31b55dceeef845c8d17890cc61cd98ed04","","0","0","0","0.060899956286133874","206.17772752697","2425.83","","","Deposit"
"0x2024cb908285474d000f6c0691ac387e6feb0741befe8ff36644bf543447e2ae","14089456","1643309929","2022-01-27 18:58:49","0x506be3627d3182bf2cff1f73854a0fea34ee24e3","0xaa03ab31b55dceeef845c8d17890cc61cd98ed04","","0","0","0","0.087498098598761752","296.22614254866","2425.83","","","Draw"
"0x85197e4213c442c26d9511604a88c627c8b24d96de5b3ed977e1cc2a39f70a61","14089526","1643310891","2022-01-27 19:14:51","0x506be3627d3182bf2cff1f73854a0fea34ee24e3","0xaa03ab31b55dceeef845c8d17890cc61cd98ed04","","0","0","0","0.090224700258050984","305.457093903407","2425.83","","","Draw"
"0x76db27ac7b3448ed7407693f411f7d36ceb5d8e9138953a17abb713007e3af95","14495913","1648756092","2022-03-31 19:48:12","0x506be3627d3182bf2cff1f73854a0fea34ee24e3","0xaa03ab31b55dceeef845c8d17890cc61cd98ed04","","0","0","0","0.03194790899075306","108.160131412963","3282.78","","","Draw"
"0x2f561401c8f119c7a4d7bbe83527f259b62b0933287e61f5d033eb57d0d3d016","14681855","1651271056","2022-04-29 22:24:16","0x506be3627d3182bf2cff1f73854a0fea34ee24e3","0xaa03ab31b55dceeef845c8d17890cc61cd98ed04","","0","0","0","0.019299370224974432","65.338311196668","2817.23","","","Repay"
"0x87afa9137ab731243f5a744b7019fc228fcd93cd4d63d4d6f97cea29f7e3556b","14739846","1652063995","2022-05-09 02:39:55","0xc3c69ca9524684cca3ad14cfd782fb8353cedb80","0xaa03ab31b55dceeef845c8d17890cc61cd98ed04","","0","0","0","0.01857611602770077","62.8897231202234","2230.95","","","Repay"
"0xa6d9b39d2e1061c8313e932a264a115234f4375576f2e099a08dc1cad9321680","14744188","1652124567","2022-05-09 19:29:27","0xb2fac84e30a20841409abef9c94f9f3cc933e787","0xaa03ab31b55dceeef845c8d17890cc61cd98ed04","","0","0","0","0.076337407591131139","258.441453528975","2230.95","","","Repay"
"0xf35f88a327ab9d1efc1a3f8f4357dbb21496d9629cbe10aec6a21abf42ddc6c5","14744213","1652124951","2022-05-09 19:35:51","0xe51a50e95c5a92cb4650eacf6ffcb3eb25c7a012","0xaa03ab31b55dceeef845c8d17890cc61cd98ed04","","0","0","0","0.104698215107090703","354.457398384451","2230.95","","","Liquidate"
"0x99c1a9d319d077f7b20a28e9453e26a2f4fba72138184adf7acb07c00e7dbb74","14744717","1652131678","2022-05-09 21:27:58","0xc3c69ca9524684cca3ad14cfd782fb8353cedb80","0xaa03ab31b55dceeef845c8d17890cc61cd98ed04","","0","0","0","0.037764327977148924","127.851706285782","2230.95","","","Close"
"0x8b39f5bca00752ebc6508b028ce5b1f67fb8bbf48036bfc1024df65a7cf31fea","14751125","1652220814","2022-05-10 22:13:34","0x506be3627d3182bf2cff1f73854a0fea34ee24e3","0xaa03ab31b55dceeef845c8d17890cc61cd98ed04","","0","0","0","0.033121209213507384","112.132357148196","2341.58","","","Draw"
"0x37161a9c78e362dd9993e878c233367c8fa5deaaf6e0734e27f1ec31b7920c59","14758729","1652325567","2022-05-12 03:19:27","0x506be3627d3182bf2cff1f73854a0fea34ee24e3","0xaa03ab31b55dceeef845c8d17890cc61cd98ed04","","0","0","0","0.071283286848426725","241.330650945115","1952.81","","","Close"
"0x447866fcc24d9ae44ccb5b4b7e808071b934b855a3a6478b0b085b54435d7d16","14962477","1655221268","2022-06-14 15:41:08","0xb2fac84e30a20841409abef9c94f9f3cc933e787","0xaa03ab31b55dceeef845c8d17890cc61cd98ed04","","0","0","0","0.06084929046675263","206.006197625467","1206.94","","","Repay"
"0x70d14f2d258be0e3bdbff4eb14e40cdbbc380250b4227cbf1a5f0da085f5f4c6","14962578","1655222822","2022-06-14 16:07:02","0xb2fac84e30a20841409abef9c94f9f3cc933e787","0xaa03ab31b55dceeef845c8d17890cc61cd98ed04","","0","0","0","0.040629713321517029","137.552511915513","1206.94","","","Repay"
"0xf5a18cc44f0199a21f45961651fc557560e97d83ff882ee8dcfdb25af15eecd7","14962611","1655223391","2022-06-14 16:16:31","0xb2fac84e30a20841409abef9c94f9f3cc933e787","0xaa03ab31b55dceeef845c8d17890cc61cd98ed04","","0","0","0","0.032291627750858868","109.323796498928","1206.94","","","Withdraw"
